:01002000E9F6
:05002800220D20FCC9BF
:070030001A22130D20FAC98A
:08004000F5E521A5C0C3800015
:20008000C5D52AB6280BE53A6E67E7E12318F3E804D1C1E1F041E60220FAF1D921A3C034B5
:2000A000200223343E01E091C380FFF041E60220FA3EC0C384FFAF01910221A0C0CD2E3867
:2000C0003EC0E09267AF6F0EA0C32800F3E0FFAFFBE00FC9F092B7C8E0463E283D20FDC9AE
:0100F000C946
:02010000185590
:20010400CEED6666CC0D000B03730083000C000D0008111F8889000EDCCC6EE6DDDDD999DF
:16012400BBBB67636E0EECCCDDDC999FBBB9333E5469746C650079
:20014400000000000000000001000000FAA1C047FAA0C0F357583100E0D5CD5438CDB6003A
:20016400D17AEAA0C0FE112007AFCB3B17EAA1C0AFE042E043E041E04A3E07E04B11D40005
:200184002180FF0E0CF7CD80FF119C00CDED013EE4E047E0483E1BE0493EC0E0403E01E0C6
:2001A400FFAFE00F21A3C02277E0263CE090CDBB3BFBCD6114760018FCF040E680C8AFE058
:2001C400917600F091B728F9C921A5C02A4F2A47B1C87BB920F67AB820F2444D0B0B2A02A8
:1701E40003572A0203B220F6C921A5C02AB628032318F97A3273C93D
:0C3BBB0001170021A43B1131C3CD3738A5
:013BCD00C92E
:20382E005F78B1C8730B545D1378B1C8CB38CB1930032A1213040C18062A12132A12130DB5
:1E384E0020F70520F4C9F040E680C8F044FE9230FAF044FE9138FAF040E67FE040C9A4
:20020000000000000000000000000000000000006600AB76F75EFC5E3F7AEF7AD56E6600DD
:200220000E00160C1A0C2C1834185830683070005A3CBD7EF76EFF66EF76BD7E5A3C3C003B
:200240005E3CBE7CFE7C7E1C3E1C3E1C3E1C3C005A3CFF7EAF5E5D3EBD7AFF7EBD7E7E0044
:200260003D7EFE7FAE5F7F3EAE5FFE7FBD7E7E000F1E1F3E2F7EDF6FFF7F7F0E1F0E0E006E
:200280007F3E3F7EFB7C7DFE9F7EFFDE7EFC44385A3CBE7CF97EFE7FFA77B27F5D3E3E00C3
:2002A000BF7EFF7EFF6EED1E7E1C5A3C7C387C00BD7EFB76FB7E7E3CDF7EDF6EBD7E7E006A
:2002C0007E3CE77EF76EBF7E6F1E7F3E5E3C3C0054387A3CBE7CDC7E6FDEFFFEFFCECF0081
:2002E0007AFCFDFEF5EEFAFCF5EEFDFE7AFCFC00BA7C7DFEF7FEFFF0F7FE7DFEBA7C7C00AD
:20030000BA7CFD7EFB76FF72FB76FD7EBA7CFC00BF7EFF7EFA7CFF7EFA7CFF7EBF7E7E00D1
:20032000BD7EFF7E7AFC7FFE79FEFE78B4787800BA7C7DFEFFF6FFF0FBF67FFEBB7E7E00C7
:200340006DF6EFF6E7FEFFFEE7FEEFF66DF6EE005A3C7E3C7E3C7E3C7E3C5E3C5A3C3E006C
:200360005A3C7E3C7E3C7E3C7A3CBC7878F0F000BB76F77EFD7EFA7CFE7CF77EBF76FF00BD
:20038000B478FC78FC78FC78FF78FF7EBD7E7E00ED7E7FFE7EFFFEFFD7FFEFD73FC7C7005D
:2003A00055E6EFF6F7FEFFFEDFFEEFDE75CECE00BA7C7DFEDFEED7EEF7EE7DFEBA7C7C001B
:2003C000BD7EF37EFF72FD7EF678F870F8707000BB7C7FFEDFEED7EEF7EE7DFEB77E7A047E
:2003E0007EFCE5FEFFE6FEFCFCFEEFFEF7EEEF003A7C7FFE7DF6FE387DDEFDFEBA7C7C0022
:200400007DFEFFFEFE387C387C387C387C3838006FF6EFF6EFF6EFF6F7FE7DFEBA7C7C00F0
:20042000DBE6EFF677FE7DFEFE7CBA7C5C383800DFE3E3FFEBFF7FFF7EFF76FFE77E7E00C9
:20044000DFE66DFEFE7C387CFE7C6DFEF7CECF00DAE7E7FE6DFEFE7C7C387C387C383800E6
:20046000FF7EFF7EDD3E7E3CBA7CFF7EFF7EFE006F503758176E9F5EB7624F5B6F5CCF68EA
:2004800047526F5D9F5BC8C9CACBCCCDCECFD0D1D2A50500400050004000017E0310000022
:2004A000001EC0804264C746B40500400050004000014E03100000001FB80040658943C236
:2004C000050040005000400001A7031000000020C1004066AB44CD05004000500040000173
:2004E0004A031000000021B90040671F44D505004000500040000165031000000022B700BF
:2005000040686A44E505004000500040000145031000000023C40040694D43F1050040001C
:200520005000400001810310000000248E00406ADD44F8050040005000400001E503100053
:200540000000252800406B24490506004000500040000137031000000026B700406CFD4743
:200560000C0600400050004000014C0310000000278A00406DF149120600400050004000B9
:2005800001A3021000000028B700406EF9419104A804BF04D604ED0404051B053205490561
:2005A000600577050B53544552454F204D41444E455353004241434B204F4E20545241433A
:2005C0004B00504F4C4152474549535400445259204F555400424153452041465445522002
:2005E000424153450043414E54204C455420474F004A554D5045520054494D45204D41430C
:2006000048494E45004359434C45530058535445500055544C494D41544520444553544367
:03062000544E0035
:020000040002F8
:208000000000000003030F0C1F103F237C47784FF09FF09F784F7C473F231F100F0C0303CA
:20802000000000000000C0C0E020F010F88878C83CE43CE478C8F888F010E020C0C0000080
:0E80400000FF00000008020080000000404029
:020000040000FA
:200623004FF09091200621B1C036FFC9F090EAB1C079E09021002071C9FAB1C03CC8FAB148
:20064300C0E090EA0020C9D56059507AD601380BCB7C2803AF183C3E071838D1D5CB3ACBA2
:200663001BCB3ACB1BCB3ACB1BCB3ACB1BF8067B96237A9E38043E0718197B87CB1287CB6E
:200683001287CB1287CB125FF8042A666F195D54CD9C063333E1E804E979CB37E60F6F26C9
:2006A30000196E260011F112194679E60F4F78D605200779D608382CAFC978D606200779B9
:2006C300D6083020AFC978D610200A79D6083002AFC93E08C978D611200A79D6083802AF10
:2006E300C93E08C978C93BC5D5F80B7ECD2306D1C1F8052A666FE5F8052A666FE5CD4A0621
:20070300F80077CD3C06F8007E33E1E805E93BF090F80077F8037EE090EA0020AFE04F6994
:20072300607DB7201F25201CD5D5210080E5CD1239E804D121000819E5218020E5CD123998
:20074300E804180B79D5672E00E5CD1239E804F8007EE0907EEA002033E133E9E8F7F80640
:20076300712370F090F80077F80D7EE090EA00204B42CB21CB10CB21CB10CB21CB10CB21B8
:20078300CB10F8062A666F09E57DF80377E17CF8027713F80B7B96237A9E300DF8012A5FB2
:2007A30056211000194D7C1805F8012A4F7EF803712377F8083600F80E2A5F56F8086E260B
:2007C30000194D44F8012A5F56F8086E2600195D541A02F8087EC610F805775E1600F80ED8
:2007E3002A666F194D44F8032A5F56F8086E2600195D541A02F808347ED61038BAF8007EF9
:20080300E0907EEA0020E809E1E805E9E8F7F090F80077F80B7EE090EA00206B6229292924
:2008230029095D54F80C7EB7280501F10D180301F109F80679227001B2C0F8047B2272F8D8
:20084300083600F8087ED6103036F8042A5F3A571A34200223346F260029295D54F8062AF0
:20086300666F195D541A02036B62237E02036B6223237E02031313131A0203F8083418C347
:20088300FAA0C0D611C22E09F8042A5F562110007B955F7A9CF8073273F80236F22336C0AB
:2008A300F8083600F8087ED610D22E092B2B2A5F3A571A34200223346F260011F111197E1C
:2008C300F80177F8022A5F3A2B572A122A5F566B6223E57DF80677E17CF805322A5F56F821
:2008E300017E12F8042A5F566B6223E57DF80477E17CF803322A5F3A2B572A122A5F566B6F
:200903006223E57DF80677E17CF805322A5F56F8017E12F8042A5F566B6223E57DF80477E4
:20092300E17CF80377F80834C3A708F8007EE0907EEA0020E809E1F1E98747AFE04F11B2B6
:20094300C0D5210220E5AFF533C533CDDE3AE806FAA0C0D611C03E01E04F11F2C0D521020B
:2009630020E5AFF533C533CDDE3AE806AFE04FC9E8FCF8027B227279D61078DE0038020E3C
:2009830010F800792211000073F8007B96237A9E301BD5F8093A474EC5F8062A4F46CD0F9B
:2009A30008D17BE60FD5CD3C09D11318DCE804E1F1E94FF09047AFEA37C3213AC37179E0F4
:2009C3009021002071F33E80E0263EFFE0253E77E024C5CD9E2EC1F8027EE006E005FB784B
:0E09E300E090210020702137C33601E133E996
:020000040003F7
:20000000110E40D5211010E5CD1A39E804C90000000018003C003C00180000000000000009
:2000200000000000000000000000000000000000000010002800140008000000000000006C
:20004000000000000000000000000000000000000000000020000800000000000000000078
:200060000000000000000000000000000000000000003C003C003C003C0000000000000090
:20008000000000000000000000000000000000000000003C003C003C003C00000000000070
:2000A000000000000000000000000000000000000000000018001800000000000000000010
:2000C0000000000000000000000000000000000000000000001800180000000000000000F0
:2000E0000000000000000000000000000000000000000000100000000000000000000000F0
:2001000000000000000000000000000000000400030202030004FE03FD02FC00FDFEFEFDDB
:2001200000FC02FD03FE0600050303050006FD05FB03FA00FBFDFDFB00FA03FB05FD0800BB
:20014000070404070008FC07F904F800F9FCFCF900F804F907FC0A0009050509000AFB0973
:20016000F705F600F7FBFBF700F605F709FB0C000B06060B000CFA0BF506F400F5FAFAF5A7
:2001800000F406F50BFA0E000C07070C000EF90CF407F200F4F9F9F400F207F40CF910005B
:2001A0000E08080E0010F80EF208F000F2F8F8F200F008F20EF81200100909100012F710F2
:2001C000F009EE00F0F7F7F000EE09F010F71400110A0A110014F611EF0AEC00EFF6F6EF68
:2001E00000EC0AEF11F61600130B0B130016F513ED0BEA00EDF5F5ED00EA0BED13F51700FC
:20020000140C0C140017F414EC0CE900ECF4F4EC00E90CEC14F41900150C0C150019F41578
:20022000EB0CE700EBF4F4EB00E70CEB15F41A00170D0D17001AF317E90DE600E9F3F3E921
:2002400000E60DE917F31C00180E0E18001CF218E80EE400E8F2F2E800E40EE818F21D009B
:20026000190E0E19001DF219E70EE300E7F2F2E700E30EE719F21E001A0F0F1A001EF11A02
:20028000E60FE200E6F1F1E600E20FE61AF11F001B10101B001FF01BE510E100E5F0F0E5D8
:2002A00000E110E51BF020001C10101C0020F01CE410E000E4F0F0E400E010E41CF021003C
:2002C0001D11111D0021EF1DE311DF00E3EFEFE300DF11E31DEF22001D11111D0022EF1D93
:2002E000E311DE00E3EFEFE300DE11E31DEF23001E11111E0023EF1EE211DD00E2EFEFE287
:2003000000DD11E21EEF23001F12121F0023EE1FE112DD00E1EEEEE100DD12E11FEE2400DC
:200320001F12121F0024EE1FE112DC00E1EEEEE100DC12E11FEE24001F12121F0024EE1F2A
:20034000E112DC00E1EEEEE100DC12E11FEE0000040107020A030D041004130515061706C4
:2003600019071B071D081E08200921092309240A250A260A270B280B290B2A0B2B0B2B0CA9
:200380002C0C2C0C2D0C2E0C2E0C2E0C2F0D2F0D300D300D300D00000202030305050606B7
:2003A000080809090A0A0B0B0C0C0D0D0E0E0F0F0F0F10101111111112121212131313136F
:2003C000141414141414151515151515161616161616161617171717171717171717000091
:2003E00001040208030B040F051205140617071A071C081E0920092209230A250A260B2804
:200400000B290B2A0C2B0C2C0C2D0C2E0D2F0D300D310D310D320D320E330E330E340E3418
:200420000E350E350E350000FF03FF05FE08FD0AFD0CFC0EFC0FFB11FB13FB14FA15FA167A
:20044000FA18F919F91AF91BF91BF81CF81DF81EF81EF81FF81FF720F720F721F721F72243
:20046000F722F722F723F723F723F723F6240000FE02FB05F907F709F50BF40CF20EF010C8
:20048000EF11EE12ED13EB15EA16E917E917E818E719E61AE61AE51BE41CE41CE31DE31D5C
:2004A000E21EE21EE21EE11FE11FE11FE020E020E020E020DF210000FE01FC01FA02F8024A
:2004C000F702F503F403F304F104F004EF04EE05ED05ED05EC05EB06EA06EA06E906E906EA
:2004E000E806E806E707E707E707E607E607E607E507E507E507E507E407E407E40700001E
:20050000FCFFF9FEF5FDF2FCEFFBEDFBEAFAE8F9E6F9E4F8E2F8E0F7DEF7DDF7DBF6DAF6BC
:20052000D9F6D8F5D7F5D6F5D5F4D4F4D3F4D2F4D2F4D1F3D1F3D0F3D0F3CFF3CFF3CEF351
:20054000CEF3CDF2CDF20000FEFEFCFCFBFBF9F9F8F8F6F6F5F5F4F4F3F3F2F2F1F1F0F046
:20056000EFEFEFEFEEEEEDEDEDEDECECECECEBEBEBEBEAEAEAEAEAEAE9E9E9E9E9E9E8E811
:20058000E8E8E8E8E8E8E7E7E7E7E7E7E7E70000FFFDFEF9FDF6FDF3FCF1FBEEFBECFAEA3C
:2005A000FAE8F9E6F9E5F8E3F8E2F8E0F7DFF7DEF7DDF6DCF6DBF6DAF6D9F5D8F5D8F5D7E8
:2005C000F5D6F5D6F5D5F4D5F4D4F4D4F4D4F4D3F4D3F4D3F4D2000001FE01FC02FA02F88D
:2005E00003F603F404F304F104F005EF05EE05ED05EC06EB06EA06E906E906E807E707E7D8
:2006000007E607E607E507E507E408E408E408E308E308E308E208E208E208E208E1000013
:2006200003FD06FA08F80AF60DF30FF110F012EE14EC15EB17E918E819E71AE61BE51CE4BA
:200640001DE31EE21FE120E020E021DF22DE22DE23DD23DD24DC24DC24DC25DB25DB25DB9A
:2006600026DA26DA26DA000003FF05FF07FE09FE0BFD0DFD0EFC10FC11FB13FB14FB15FA08
:2006800016FA17FA18FA19F919F91AF91BF91BF91CF81DF81DF81EF81EF81EF81FF81FF81A
:2006A00020F820F720F720F721F721F721F7E8EEAFE007AFE0263E80E0263EFFE0253E77B9
:2006C000E024AFE0203EF2E0213E43E0223E80E023F8187E0600C6104F78CE00F802712365
:2006E00077F8197E0600C6184F78CE00F804712377F81A7EF80677F80F3600F80F7ED626B1
:20070000D2E5497ED606304211104A6E260019E57DF81277E17CF811322A5F561AF81B4E20
:2007200081F811777EF80E22110A4A6E260019E57DF81277E17CF811322A5F561AF8064E40
:2007400081E043F80E7EE0421811F80F7ED606200AF8067EE043F81B7EE0420E00F80F7EB6
:20076000D618D26D48F8083610F80F7ED6103806F8083614180BF80F7ED6083804F80836D3
:2007800012F80F4E060069602909292929010E4109E57DF80B77E17CF80A77F810AF22771B
:2007A000F8117ED60CD26A487E875F1600F8092A666F194D440AF80D22079F77F8022A5F57
:2007C00056F80D2A666F195D7CF80B732377030A4F079F47F8042A5E814F7B88F80D712384
:2007E00077F80B2A4F4658AF57B998CB7B2807CB7A2008BF1805CB7A280137306779D6A820
:2008000078DE00305FF80D2A4F465816003E08B93E0098CB7B2807CB7A2008BF1805CB7AE9
:20082000280137303F79D6A878DE003037F8104EAF47CB21CB10CB21CB102101C0095D54BF
:20084000F80B7E122100C0095D54F80D7E122101C009235D54F8087E122101C0092323361F
:2008600000F81034F81134C3A047F8104EF80F7ED624D2C9497ED6183E0017F80777F80F5E
:200880007ED60D3E0017F80877F80F7E87F80977F81079223600F8117ED60CD2C6494E0630
:2008A00000696029292909292929E57DF80D77E17CF80C322A5F56214E4319E57DF80F7775
:2008C000E17CF80E322A5F56F8096E2600194D440AF80D22079F77F8022A5F56F80D2A66A9
:2008E0006F195D7CF80A732377030A4F079F47F8042A5E814F7B88F80C712377F80A7EF861
:200900000077F80B7EF80132AF96233E009E3E0057CB7E2807CB7A2008BF1805CB7A2801AC
:2009200037D2C049F8002AD6A87EDE00D2C049F80C2A4F465816003E08B93E0098CB7B285A
:2009400007CB7A2008BF1805CB7A280137307179D6A878DE003069F807CB462006F80E36A9
:200960001E1826F8117EE6014F0600F808CB46200D78B13E1C20023E1AF80E77180B78B154
:200980003E1820023E16F80E77F8104EAF47CB21CB10CB21CB102101C0095D54F80A7E1206
:2009A0002100C0095D54F80C7E122101C009235D54F80E7E122101C00923233600F8103410
:2009C000F81134C39648F8104E79D628300E69260029291100C01936000C18EDCDBD01F899
:2009E0000F34C3FB460E0079D628300E1100C069AF6729291936000C18EDF8067EE043F854
:160A00001B7EE042CDBD01E812C902FE01FF010001FFFF010000D6
:020000040037C3
:204000000E00692600295D542132C119AF22772172C119AF22770C79D62038E6AFEA31C3D9
:20402000EA32C32133C336E42134C336E42135C336E4C9E8F9FAA0C0D611C2DB40F80D7EC0
:204040008787F80077F80E7E8787F80177F8063600F8067EF8019630532B4E0600F8067E24
:20406000F80222AF322A666F094D4479D62078DE003034F8007EF80686160087CB125F218D
:2040800032C119E57DF80677E17CF80577F8027E160087CB125FF80F2A666F192A4F46F845
:2040A000042A666F792270F8063418A5F80D2A0E005E16006F6119FA31C34F0600799578A0
:2040C0009C3007F80D2A86EA31C3F80F2A5F3A2B57D53A575ED5CD3E36E804E807C9E8F9CF
:2040E000FAA0C0D611C28641F80D7E8787F80077F80E7E8787F80177F8063600F8067EF84C
:20410000019630532B4E0600F8067EF80222AF322A666F094D4479D62078DE003034F800D3
:204120007EF80686160087CB125F2172C119E57DF80677E17CF80577F8027E160087CB129D
:204140005FF80F2A666F192A4F46F8042A666F792270F8063418A5F80D2A0E005E16006F0D
:204160006119FA32C34F06007995789C3007F80D2A86EA32C3F80F2A5F3A2B57D53A575E84
:20418000D5CD3936E804E807C9F8067EEA33C3F807462134C370F8084E2135C371E04778CA
:2041A000E04879E049C9FAA0C0D611201B11D541D5210008E5CD3E36E80411D541D521009C
:2041C00008E5CD3936E804C93EFFE0473EFFE0483EFFE049C9000000000000000000000009
:2041E0000000000000000000000000000000000000000000000000000000000000000000BF
:204200000000000000000000000000000000000000000000003B3B6B625FB720050100001F
:2042200018747BD60438044D44186B7DE61F4F4554CB3ACB18CB3ACB18CB3ACB18CB3ACB5B
:2042400018CB3ACB1878E61F577C0F0FE61FF80077D579CDBD37D1CB28CB19CB28CB19F8F6
:204260000171D57ACDBD37D1CB28CB19CB28CB1951D5F8027ECDBD37D1CB28CB19CB28CB78
:2042800019F8017E6A26002929292929B56F798787474D78B4473333C92170FF39F9218EDF
:2042A000003977FA31C387872182003977FA32C387872183003977218E00397ED6043E0030
:2042C000172184003977218F00393600218F00397E2182003996D26E44218F00394E0600B9
:2042E000CB21CB102102003909E57D2187003977E17C21860039772132C1095D541A218992
:20430000003922131A77218E00397EB72007F8002277C3584421840039CB4620132189009E
:20432000397EF80077218A00397EF80177C35844218900392A23E61F322B7E218C003932FE
:204340002B7E218D003977CB3E2BCB1E23CB3E2BCB1E23CB3E2BCB1E23CB3E2BCB1E23CB8B
:204360003E2BCB1E2A77E61F77218A00393A0F0FE63F22AF327E218C003977E61F218900E0
:204380003977218E00395E218B00397ECDBD37218B0039792270218B00397E218700397758
:2043A000218C00397E2188003977CB2E2BCB1E23CB2E2BCB1E7E218C003922233A5F7ECD76
:2043C000BD37218A0039792270218B0039CB2E2BCB1E23CB2E2BCB1E7E218D0039225E21D2
:2043E0008900397ECDBD37218A0039792270218B0039CB2E2BCB1E23CB2E2BCB1E7E218785
:20440000003977218C00397E21880039223600218D00393A22AF323A2B2236003E05218A7F
:204420000039CB2623CB163D20F4218800392A23B62323322A2377218700397E218A003999
:2044400022AF322A878732AF22237EF80077218D00393A2BB6F80177218500392A5F56F8E6
:20446000002A12137E12218F003934C3CC42218400397E218F0039770600782183003996C2
:20448000D27A45682600295D54D52144003919D1E57D218B003977E17C218A0039772172BD
:2044A000C1195D541A218B003922131A77218E00397EB72009218700392277C36645218FCE
:2044C0000039CB462017218B00397E2187003977218C00397E2188003977C36645218B00C9
:2044E000397EE61F572A4F2A5FCB3BCB19CB3BCB19CB3BCB19CB3BCB19CB3BCB1979E61F97
:20450000322A230F0FE61F4FC55E7ACDBD375950C1CB2ACB1BCB2ACB1B53C5D52192003953
:204520003A5F7ECDBD376960D1C1CB2CCB1DCB2CCB1DE5C5D5E5219600395EE179CDBD37BD
:2045400058F157F147E1CB2BCB19CB2BCB197A26002929292929B55F547987874F2187009B
:20456000397B2279B277218900392A5F56218700392A12137E1204C37A44FA31C3B72811DE
:2045800021020039E5FA31C3672E00E5CD3E36E804FA32C3B7281121420039E5FA32C3678F
:2045A0002E00E5CD3936E80421900039F9C94F7BB7200279C97BD60338033EFFC916006A1A
:2045C0007DF541F13C1802CB383D20FB78E60383FE0438023E0345041801870520FCB25712
:2045E0002C2C7DD60838D97AC9FAA0C0D611201F0E03CDBD0179C5CD9942C1060178F80674
:20460000963006CDBD010418F40DCB7928E4C90E01CDBD0141C558FA33C3CDAE45C1E0477D
:20462000C558FA34C3CDAE45C1E048C558FA35C3CDAE45C1E049060178F806963006CDBD37
:20464000010418F40C3E039130C7C9FAA0C0D61120200E01CDBD01C579CD9942C10601786A
:20466000F806963006CDBD010418F40C3E049130E3C91E03CDBD01D5FA33C3CDAE45D1E038
:2046800047D5FA34C3CDAE45D1E048D5FA35C3CDAE45D1E0490E0179F806963006CDBD01F6
:0946A0000C18F47BB7C81D18CBFF
:020000040000FA
:053BA4000000E4E4E470
:2009F1000C0C0C0C23243233232423240C0C42430C0C0C0C242433332424242428293839AF
:200A11008A8B8E8F8C8D90910C920C0C0C0C0C0C0C17252618190C27686974756A6B767725
:200A3100282938392A2B3A3B0C0C44450C1778796C6D0C274243444542431F2011120C0C4B
:200A51000C0C1F2042430C0C2E2F3E3F2C2D3C3D30314041360C460C34350C0C0C370C4758
:200A7100484958594C4D5E5F4E4B5E5B4E4F5C5D4A4F5A5F484D5A5F4C495E5B4E4B5C59E9
:200A91004A4F585D504F5E5F4E515E5F4E4F5E614E4F605F4A4B5A5B4C4D5C5D4E4F5E5F91
:200AB10048495A5B4C495C594A4B5859484D585D828386870C0C848588890C0C42433435BB
:200AD1000D0E1B1C0E0E1C1C0E0F1C1D4E4F1A1A0D0E72720E0E72720E0F72720C0F727239
:200AF1008A8B93948E8F999A908D9996909197988C91959A8A8F959A8E8B9996908D979499
:200B11008C9193980C91999A9092999A9091990C90919B9A8C8D95968E8F97989091999A57
:200B31008A8B95968E8B97948C8D93948A8F93980D0E0C0C0E0E0C0C0E0F0C0C0C0F0C0CCD
:200B51000C0C1B1C0C0C1C1C0C0C1C1D0C0C0C1D0C0C72727E7E0C0C0C140C22130C210CA9
:200B71005455646562621A1A1A531A531A1A6363521A521A5462521A62551A531A536365D3
:200B9100521A6463561A1A1A1A571A1A1A1A1A671A1A661A52535253626263631A1A1A1A23
:200BB100545552536255636552536465546264630C0C0C0C0C0C0C0C0C0C0C0C0C0C0C0CAC
:200BD10070717C7D0C0C0C0C0C0C0C0C0C0C0C0C0C0C0C0C0C0C0C0C6E6F7A7B0C0C0C0C38
:200BF1000C0C737F80810C0C111272727E7E1F206E6F7A7B56576667525362635455646557
:200C110015162324161624240C6E727A6F0C7B720C6E0C7A6F0C7B0C0C0C85844E4F5E5F92
:200C31000C0C0C0C0C0C0C0C0C0C0C0C0C0C0C0C0C0C0C0C0C0C0C0C0C0C0C0C0C0C0C0C23
:200C51000C0C0C0C0C0C0C0C0C0C0C0C0C0C0C0C0C0C0C0C0C0C0C0C0C0C0C0C0C0C0C0C03
:200C71000C0C0C0C0C0C0C0C0C0C0C0C0C0C0C0C0C0C0C0C0C0C0C0C0C0C0C0C0C0C0C0CE3
:200C91001E0C0C0C0C1E0C0C1E0C0C0C0C1E0C0C1E1E0C0C0C0C1E0C0C0C0C1E0C0C1E1E0F
:200CB1000C0C0C0C0C0C0C0C0C0C0C0C0C0C0C0C0C0C0C0C0C0C0C0C0C0C0C0C0C0C0C0CA3
:200CD1000C0C0C0C0C0C0C0C0C0C0C0C0C0C0C0C0C0C0C0C0C0C0C0C100C0C0C0C100C0C7B
:200CF10010100C0C34140C471335460C0C374422360C21452A2B3A3B2C2D3C3D444542437B
:200D11003435424342435E5F4E4F42430C0C444534350C0C0C0C1E0C0C0C0C1E0C0C1E1E76
:200D3100100C0C0C0C100C0C10100C0C0C0C0C0C1A1A5E5F1A1A5E1A4E1A5E1A0C0C0C0C25
:200D51000C0C0C0C2A2B3A3B2A2B3A3B2C2D3C3D2C2D3C3D28293839282938390C0C0C0C66
:200D710048495A5B4A4F5A5F4A4F585D0C0C0C0C4A4B5859484D5A5F282938392829383934
:200D91000C820C86830C870C0C0C0C840C0C850C0C880C0C890C0C0C0C0C828386870C0C14
:200DB1000C0C0C440C0C450C0C340C0C350C0C0C0C2A0C3A2B0C3B0C2B2A3B3A0C8A0C93A7
:200DD1008B0C940C0C2C0C3C2D0C3D0C2D2C3D3C0C0C0C0C4C495E5B0C0C0C0C0C0C0C0C19
:200DF1000C0C0C0C24233332242324230C0C43420C0C0C0C242433332424242429283938AB
:200E11008B8A8F8E8D8C9190920C0C0C0C0C0C0C170C26251918270C696875746B6A777621
:200E3100292839382B2A3B3A0C0C4544170C79786D6C270C434245444342201F12110C0C47
:200E51000C0C201F43420C0C2F2E3F3E2D2C3D3C313041400C360C4635340C0C370C470C54
:200E7100494859584D4C5F5E4B4E5B5E4F4E5D5C4F4A5F5A4D485F5A494C5B5E4B4E595CE5
:200E91004F4A5D584F505F5E514E5F5E4F4E615E4F4E5F604B4A5B5A4D4C5D5C4F4E5F5E8D
:200EB10049485B5A494C595C4B4A59584D485D58838287860C0C858489880C0C43423534B7
:200ED1000E0D1C1B0E0E1C1C0F0E1D1C4F4E1A1A0E0D72720E0E72720F0E72720F0C727235
:200EF1008B8A94938F8E9A998D90969991909897918C9A958F8A9A958B8E96998D90949795
:200F1100918C9893910C9A9992909A9991900C9991909A9B8D8C96958F8E989791909A9953
:200F31008B8A96958B8E94978D8C94938F8A98930E0D0C0C0E0E0C0C0F0E0C0C0F0C0C0CC9
:200F51000C0C1C1B0C0C1C1C0C0C1D1C0C0C1D0C0C0C72727E7E0C0C140C220C0C130C21A5
:200F71005554656462621A1A531A531A1A1A63631A521A5262541A525562531A531A6563CF
:200F91001A5263641A561A1A571A1A1A1A1A671A1A1A1A6653525352626263631A1A1A1A1F
:200FB100555453525562656353526564625463640C0C0C0C0C0C0C0C0C0C0C0C0C0C0C0CA8
:200FD10071707D7C0C0C0C0C0C0C0C0C0C0C0C0C0C0C0C0C0C0C0C0C6F6E7B7A0C0C0C0C34
:200FF1000C0C7F7381800C0C121172727E7E201F6F6E7B7A57566766535263625554656453
:2010110016152423161624246E0C7A720C6F727B6E0C7A0C0C6F0C7B0C0C84854F4E5F5E8E
:201031000C0C0C0C0C0C0C0C0C0C0C0C0C0C0C0C0C0C0C0C0C0C0C0C0C0C0C0C0C0C0C0C1F
:201051000C0C0C0C0C0C0C0C0C0C0C0C0C0C0C0C0C0C0C0C0C0C0C0C0C0C0C0C0C0C0C0CFF
:201071000C0C0C0C0C0C0C0C0C0C0C0C0C0C0C0C0C0C0C0C0C0C0C0C0C0C0C0C0C0C0C0CDF
:201091000C1E0C0C1E0C0C0C0C1E0C0C1E0C0C0C1E1E0C0C0C0C0C1E0C0C1E0C0C0C1E1E0B
:2010B1000C0C0C0C0C0C0C0C0C0C0C0C0C0C0C0C0C0C0C0C0C0C0C0C0C0C0C0C0C0C0C0C9F
:2010D1000C0C0C0C0C0C0C0C0C0C0C0C0C0C0C0C0C0C0C0C0C0C0C0C0C100C0C100C0C0C77
:2010F10010100C0C1434470C35130C46370C22440C3645212B2A3B3A2D2C3D3C4544434277
:201111003534434243425F5E4F4E43420C0C454435340C0C0C0C0C1E0C0C1E0C0C0C1E1E72
:201131000C100C0C100C0C0C10100C0C0C0C0C0C1A1A5F5E1A1A1A5E1A4E1A5E0C0C0C0C21
:201151000C0C0C0C2B2A3B3A2B2A3B3A2D2C3D3C2D2C3D3C29283938292839380C0C0C0C62
:2011710049485B5A4F4A5F5A4F4A5D580C0C0C0C4B4A59584D485F5A292839382928393830
:20119100820C860C0C830C870C0C840C0C0C0C85880C0C0C0C890C0C0C0C838287860C0C10
:2011B1000C0C440C0C0C0C45340C0C0C0C350C0C2A0C3A0C0C2B0C3B2A2B3A3B8A0C930CA3
:2011D1000C8B0C942C0C3C0C0C2D0C3D2C2D3C3D0C0C0C0C494C5B5E0C0C0C0C0C0C0C0C15
:2011F1000001010000010101000000000202020200000002020000000000000000000000CD
:201211000000000000000000000000000000000000000000000000000000000000000000BD
:2012310000000000000000000000000000000000000000000000000000000000000000009D
:2012510000000000000000000000000000000000000000000000000002000000000000007B
:2012710002020000020202020101000000000000000000000000000000000000000000004F
:2012910000000000000000000000000000000000000000000000000000000000000000003D
:2012B1000000000000030300000000030303030303030300000000000000000000000000FF
:2012D1000000000000000000000000000000000000000000000000000000000000000000FD
:2012F1000009090611090900040403030403020107081010110707111005080808021101EA
:2013110007070707070707070707070707070700070707070A0B0B80070707040707070762
:201331000707070707070707070707070707070007070707050505050606060804030102DF
:201351000707070707070707070707070707070007070707800480010002800380080710CE
:2013710000000808040304030909808080800B8080808080808080808080808080808080A1
:2013910080808080808080808080808080101010808080800506808080808080808011115F
:2013B1001180808080000080800506101110101011111107000000000080808080808080F5
:2013D10080050580058006050A0A0B0B0B0B0A0A1010111180800880808080080780808035
:020000040002F8
:20804E00D5F8017E0F0FE61F4F060069602909CB3CCB1DCB3CCB1D7DE61F878747F8002A7C
:20806E00575ECB3BCB1ACB3BCB1ACB3BCB1ACB3BCB1ACB3BCB1A7AE61F6F26005D5429199F
:20808E00CB3CCB1DCB3CCB1D7DE61F26006F2929292929784DB447F8002AE61F6F26005D37
:2080AE00542919CB3CCB1DCB3CCB1D7DE61FB14F3333C90000000000000000010001000289
:2080CE000002000300040005000600070008000A000B000D000E00100012001400160018DB
:2080EE00001A001C001F002100240027002A002C002F003300360039003C00400044004783
:20810E00004B004F00530057005B006000640068006D00720077007B00800086008B009094
:20812E000095009B00A000A600AC00B200B800BE00C400CA00D100D700DE00E400EB00F212
:20814E0000F9000001000E1C2936424E5A65707A848E97A0A8B0B8BFC6CDD3D8DEE3E7EB6C
:20816E00EFF2F5F8FAFCFDFEFFFFFFFEFDFCFAF8F5F2EFEBE7E3DED8D3CDC6BFB8B0A8A036
:20818E00978E847A70655A4E4236291C0E004A2900444148064408300B1814006700A40062
:2081AE00E1000001E000C01C000000000000D65AE04CC6746B701B6454301B00EF006A012A
:2081CE00C501E101C015803D000000000000FF7FE77EEF7D967DFF547F59BF31FF019B023D
:2081EE000E0380032737A06FE71C00000000FF7F357FF77EDA7EBF7EBF6ADF5A7F3F593F79
:20820E00763F954B935B5473945200000000E04C00440000FF7FE04C0044E04CFF7FE04CEC
:20822E00004400008003E04C004400000000090900000002020009090202020202000000C7
:20824E0000000000000000000000000000000000000000023BF8003600F8005EAF57CB235B
:20826E00CB1221C6C1194D44211C42192A6602037C02F800347ED61020DF11C6C1D52100F9
:20828E0004E51EDD213340CDE339E805C94FD61F200501A06F183979D62E202621D2C13E3A
:2082AE00802211800372CD4E4021D0C179227011CEC1D5210101E51EDD213340CDE339E813
:2082CE0004C9119C4179E63F26006F29192A4F4621C6C179227021CEC179227021D6C17902
:2082EE00227021DEC17922705950CD4E4021C8C179227021D8C179227021E0C179227011B7
:20830E00C6C1D5210004E51EDD213340CDE339E804C94FD61F200501A06F180E79E63F2659
:20832E00006F29119C41192A4F4621D2C17922705950CD4E4021D0C179227011CEC1D521BB
:20834E000101E51EDD213340CDE339E804C9AF020302AFEA36C3215000194D441E006B26E9
:20836E00000936001C7BD61038F4C901010100000000000101000000000000010101010035
:20838E000000000000000000000000000000000000000000000000000000000000000000CF
:2083AE000000000000000000000000000000000000000000000000000000000000000000AF
:2083CE0000000000000000000000000000000000000000000000000000000000000000008F
:2083EE000000000001000000000100E8EDF8117B2272F80F792278222A5F56211400194DCA
:20840E00440AF80277FAA0C0D6112810F8112A5F56211500192A4F4678B1200CF8112A5F39
:20842E0056211200192A4F46F803792270F8157EF80577F8167EF806322A5F5621500019A3
:20844E00E57DF80977E17CF80877010000F8072A5F56682600195D541AB7CA9245FAA0C05D
:20846E00D6112830F8052A5F56216000195D54682600197EB7281DF8052A5F5668260019E4
:20848E005D541AFE80D292456F2600117943197EB7CA9245F8052A5F56211000193333E51A
:2084AE007887F80977D1D56E260019E57DF80F77E17CF80E322A5F561A6F131A6711300032
:2084CE00195D54F80F7B96237A9EDA92457990CA9145F8052A5F5669260019E57DF80D77B5
:2084EE00E17CF80C77F8052A5F56682600195D541AF80B5E23666B777987F80A77D1D56EEF
:20850E00260019E57DF80D77E17CF80C222A5F3A571A22131A77F80B2A5F2A572A12137ED9
:20852E0012F8052A5F56213000195D54D5F80C6E260019D1E57DF80F77E17CF80E77F80912
:20854E006E260019E57DF80D77E17CF80C322A5F3A571A22131A222A5F56F80B2A12137E9B
:20856E0012F8072A5F56692600193601F8052A5F56216000195D54692600197B805F3001C4
:20858E00141A770C0478D610DA5B44F80E71F80E7ED610301FF8072A5F56F80E6E26001980
:2085AE00E57DF80E77E17CF80D322A666F3600F80E3418DAF8112A5F56210C00192A4F46EC
:2085CE00C5F8192A5F56D5F8092A5F56D5F8152A5F56D5F80B2A5F3A2B577ECDCC26AFEA6F
:2085EE0036C3F8152A4F4621500009E57DF80E77E17CF80D223600F80C2A5F2A576E2600F3
:20860E00195D541AB72827F80E6E2600095D541AFE8030126F2600117943197EB728072134
:20862E0036C336011808F80E347ED61038C9E813E1E804E9E8F8D5F809770100C0F80C5E3C
:20864E00AF6B672929094D4423E57DF80477E17CF803322B2BD1D51313D52A5F5621030023
:20866E0019D1E57DF80677E17CF80577D5F8022A5F5621040019D1E57DF80877E17CF80768
:20868E0077F80D7EC608F80877F80F7EB7203A2B7E02F8022A4F46F80D7E02031AF809866A
:2086AE000203F8042A5F2A571A02032A5F56F80E7E0203F8087E02036B6223237EF809867F
:2086CE0002031313131A021839F80E7E02F8022A4F46F8082A02031A860203F8042A5F2A1F
:2086EE00571AEE2002032A5F56F80E3A02037E02036B6223237EF8098602031313131AEEE3
:20870E0020023E02E80AE1E804E9F5AF6B6729291100C019F15FE5F80446234E237EE1B76E
:20872E00203B712370237B7723360323712378C60877237BC602772336032379C6107723A2
:20874E0070237BC604772336032379C610772378C60877237BC606772336031839712378FD
:20876E00C60877237B7723362323712370237BC602772336232379C610772378C6087723A9
:20878E007BC604772336232379C610772370237BC606772336233E04E1E803E9E8F4F80BE4
:2087AE0077F80E4EAF696729290100C0094D44233333E5D521020019D1E57DF80477E17C32
:2087CE00F80377D521030019D1E57DF80677E17CF8057721040019E57DF80877E17CF8071B
:2087EE0077F80F2A5EC608F808227BC610227BC62077F8117EB7C2BF482B3A02C1C57E02B6
:20880E0003F8022A5F561AF80B860203F8042A5F2A571A02032A5F56F8107E0203F8087EB9
:20882E0002036B6223237EF80B8602036B622323237E020313131313F8097E0203F80F7EF8
:20884E0002036B6223237EF80B8602036B622323237E020313131313F8093A02037E02031E
:20886E006B6223237EF80B8602036B622323237E020313131313F80A7E0203F80F7E0203B7
:20888E006B6223237EF80B8602036B622323237E020313131313F80A3A2B02037E02036B4C
:2088AE006223237EF80B8602031313131A02C38149F8107E02C1C5F8087E0203F8022A5F00
:2088CE00561AF80B860203F8042A5F2A571AEE2002032A5F56F8103A02037E02036B6223C0
:2088EE00237EF80B8602036B622323237EEE20020313131313F8093A02037E02036B622375
:20890E00237EF80B8602036B622323237EEE20020313131313F8097E0203F80F7E02036B8E
:20892E006223237EF80B8602036B622323237EEE20020313131313F80A3A2B02037E020373
:20894E006B6223237EF80B8602036B622323237EEE20020313131313F80A7E0203F80F7ECD
:20896E0002036B6223237EF80B8602031313131AEE20023E06E80CE1E804E9E8F3F80C771E
:20898E00F80F4EAF696729290100C0094D44233333E5D521020019D1E57DF80477E17CF8CE
:2089AE000377D521030019D1E57DF80677E17CF8057721040019E57DF80877E17CF80777BA
:2089CE00F8102A575E7AC608F808227AC610227BC610227BC62077F8127EB7C2034B2B3AC7
:2089EE0002C1C57E0203F8022A5F561AF80C860203F8042A5F2A571A02032A5F56F8117E51
:208A0E000203F8087E02036B6223237EF80C8602036B622323237E020313131313F8117E14
:208A2E000203F8097E02036B6223237EF80C8602036B622323237E020313131313F80A7EFA
:208A4E000203F8107E02036B6223237EF80C8602036B622323237E020313131313F80A3A17
:208A6E002B02037E02036B6223237EF80C8602036B622323237E020313131313F80A3A02D2
:208A8E00037E02036B6223237EF80C8602036B622323237E020313131313F80B7E0203F89F
:208AAE00107E02036B6223237EF80C8602036B622323237E020313131313F80B7E0203F872
:208ACE00087E02036B6223237EF80C8602036B622323237E020313131313F80B3A2B02036B
:208AEE007E02036B6223237EF80C8602031313131A02C32A4CF8117E02C1C5F8097E0203A4
:208B0E00F8022A5F561AF80C860203F8042A5F2A571AEE2002032A5F56F8117E0203F80827
:208B2E007E02036B6223237EF80C8602036B622323237EEE20020313131313F8113A020329
:208B4E007E02036B6223237EF80C8602036B622323237EEE20020313131313F80A3A020310
:208B6E007E02036B6223237EF80C8602036B622323237EEE20020313131313F80A3A2B02C8
:208B8E00037E02036B6223237EF80C8602036B622323237EEE20020313131313F80A7E028C
:208BAE0003F8107E02036B6223237EF80C8602036B622323237EEE20020313131313F80BE3
:208BCE003A2B02037E02036B6223237EF80C8602036B622323237EEE20020313131313F86F
:208BEE000B7E0203F8087E02036B6223237EF80C8602036B622323237EEE20020313131336
:208C0E0013F80B7E0203F8107E02036B6223237EF80C8602031313131AEE20023E09E80D63
:208C2E00E1E804E9E8FA4F43F8085EAF6B6729291100C0195D5479D61238042E0318022E1A
:208C4E000279FE112804D61320043E401801AFB54F78C624F8002278C6262278C62877D545
:208C6E006B6223D1E57DF80577E17CF80477F8094679F620F80577F80B7EB720762B7E12AC
:208C8E00F8032A5F56F8097E1213F8007E1213791213F80A7E121378C6081213F8017E1276
:208CAE0013791213F80A7E121378C6101213F8027E1213791213F80A7E121378C618121382
:208CCE00F8027E1213F8057E1213F80A7E121378C6201213F8017E1213F8057E1213F80AE3
:208CEE007E121378C6281213F8007E1213F8057E121873F80A7E12F8032A5F5678C6D812F1
:208D0E0013F8007E1213791213F80A7E121378C6E01213F8017E1213791213F80A7E121332
:208D2E0078C6E81213F8027E1213791213F80A7E121378C6F01213F8027E1213F8057E127D
:208D4E0013F80A7E121378C6F81213F8017E1213F8057E1213F80A3A12137E1213F8007E3C
:208D6E001213F8057E123E06E806E1E804E9E8EF4B42F81077F8135EAF6B6729297DC600E9
:208D8E005F7CCEC0F8007323220A7721020009E57DF80577E17CF8047721050009E57DF8D0
:208DAE000777E17CF8067721080009E57DF80977E17CF80877210B0009E57DF80B77E17C07
:208DCE00F80A77D1D56B6223E57DF80D77E17CF80C77F8052A5F561AF80F77F8157EF80DBC
:208DEE00773E01F802963E0017F80E322A238677F8167EB7C2A34ED1D5F80F7E12F80B2AE8
:208E0E004F46F8032A5F561AF5F8167EF81177F1860203F8072A5F561AF810860203F809B2
:208E2E002A5F561A0203F80E7EB7CA504FF8052A5F56131AF80D860203F8032A5F56131AE2
:208E4E00F80F860203F8072A5F56131AF810860203F8092A5F56131A02033E02F80296D220
:208E6E00504FF8052A5F5613131AF80D860203F8032A5F5613131AF80F860203F8072A5F65
:208E8E005613131AF810860203F8092A5F5613131A02C3504F030AF81486C6F8D1D5F5F827
:208EAE00117E12F1F80B4E2346F8035E2356F51AF80E77F1F80F777EF80C960203F8072A45
:208ECE005F561AF810860203F8092A5F561AEE200203F80E7EB7286AF8052A5F56131AF847
:208EEE000D860203F8032A666F235EF80F7E930203F8072A5F56131AF810860203F8092A6B
:208F0E005F56131AEE2002033E02F802963033F8052A5F5613131AF80D860203F8032A66E4
:208F2E006F23235EF80F7E930203F8072A5F5613131AF810860203F8092A5F5613131AEE34
:208F4E002002F8027EE811E1E804E9E8B9F8447B2272F842792270F8492A5F561AF8002235
:208F6E00131A77F8492A4F460303030AF802223600F8007EF80477F8017EF805322A5F566C
:208F8E00210F00194D7CF806712377F8027EF80822AF322A5F56210F00194D7CF80A7123A6
:208FAE0022712377F8442A5F5621100019E57DF81077E17CF80F77F8042A5F5621A00019A0
:208FCE00E57DF81277E17CF81177F8492A5F5621090019E57DF81477E17CF81377F8492A31
:208FEE005F5621080019E57DF81677E17CF81577F8127EF81677F8137EF81777F8147EF806
:20900E001877F8157EF81977F8492A5F56210E0019E57DF81C77E17CF81B77F8127EF81CC8
:20902E0077F8137EF81D77F8127EF81E77F8137EF81F77F8147EF82077F8157EF82177F83E
:20904E00127EF82277F8137EF82377F8147EF82477F8157EF82577F8492A5F562110001920
:20906E00E57DF82877E17CF82777F84B7EE610F82877F8442A5F5621300019E57DF82B7727
:20908E00E17CF82A77F8042A5F5621300019E57DF82D77E17CF82C77F8107EF82D77F81166
:2090AE007EF82E77F8107EF82F77F8117EF83077F8297EF83177F82A7EF83277F8442A5FF8
:2090CE005621500019E57DF83577E17CF83477F8463600F8332A5F56F8466E260019E57DD1
:2090EE00F83777E17CF836322A5F561AB7CA7C58F8442A5F56216000194D44F8466E260099
:20910E0009E57DF83977E17CF838322A5F2A571A777EB7C27358F8467E87F83A77F80E2AF6
:20912E005F56F83A6E2600194D4459501AF83B22131A77F8422A4F4621B000094D44F83BA9
:20914E002A23322A2332799623789EDA7C58F8442A5F2A576E2600194D440AF83F777ED67D
:20916E000F3E012801AFB72851FAB2C1B7C27358F83D2A5F5621B4007B955F7A9C474BF8E2
:20918E00042A917E98DA735821B5C13601F83B7EEAB6C1F83C7EEAB7C1F8312A5F56F83A19
:2091AE006E2600194D4459501A21B8C122131A77F8372A666F3601C373584FCB41200FF8CB
:2091CE00105D54F83D1A1396231A9EDA7C58F8397EB7C27358F83D2A5F5621300019E57D6C
:2091EE00F84277E17CF841322A4F46F800799623789EDA7358F83F7ED6643E00174F7ED65D
:20920E0026380579B7C27358CB4120673E93F83F9638607ED679285BF83F7ED67E2854F88A
:20922E002F2A4F46F83B799623789EDA7358F83F7EC69C4FFAA0C0D6112006C579CD9B425D
:20924E00C1F84C2A5F5679FE10300BD60F3E0328023E0212180C79D62030053E0112180285
:20926E00AF12F8372A666F3601F8352A666F3600C37358F83F7ED6C038343EEF96382FF8F1
:20928E002D2A4F46F83B799623789EDA7358FAA0C0D6112008F83F7EC640CD2043F8372A07
:2092AE00666F3601F8352A666F3600C37358F82B5D54F83D1A1396231A9EDA7358F8292A0D
:2092CE005F56F83A6E2600194D4459501AF83522131A77F8024EF8352A5F5679934F9F92C5
:2092EE004769605C16003E32BD3E009CCB7B2807CB7A2008BF1805CB7A280137DA73587956
:20930E00D6EC78173F1FDE7FDA7358F8065D54F83B1A1396231A9E3E00174FF83F7ED610CF
:20932E00DAAE533E13963878CB41C27358F8405D54F8041A1396231A9EDA7358F8352A4F46
:20934E0046210E00094D44F808799623789EDA7358F80A5D54F8351A1396231A9EDA7358E0
:20936E00F8397EB7C27358F83F7ED6123E0017EE014FF8142A5F561A91281B3A6E6771F86B
:20938E00492A5F56210400194D442A666FCB2CCB1D7D02037C02F8372A666F3601C37358F7
:2093AE00CB41C25F58F83D2A5F56210F00194D44F804799623789EDA5F58F83F7EB728774C
:2093CE00F83F7E3D2871F83F7ED602286AF83F7ED6053E012801AF4FB7C2CE56F83F7ED6B7
:2093EE0006CACE56F83F7ED608CAB454F83F7ED609CAB454F83F7ED60ACA4255F83F7ED61F
:20940E000BCACE56F83F7ED60CCA4255F83F7ED60DCA4255F83F7ED60ECA4255F83F7ED6CF
:20942E0025CA4255F83F7ED679CA1A58F83F7ED67ECA1A58C37358F8352A4F46213100093E
:20944E005D54F8087B96237A9EDA73580BF80A2A5F567B917A98DA7358F8397EB7C27358BA
:20946E00F83F7EB72009F8122A666F36001816F83F7E3D2009F8122A666F36011807F81258
:20948E002A666F3602F8492A5F56210400194D442A666FCB2CCB1D7D02037C02F8372A66FB
:2094AE006F3601C37358F8352A4F46212B00095D54F8087B96237A9EDA7358030303030378
:2094CE00F80A2A5F567B917A98DA7358F8397EB7C27358F83F7ED6093E012801AF4FF814E1
:2094EE002A5F561A9128433A6E6771F8492A5F5621040019E57DF84277E17CF841322A5F27
:20950E003A571A4F131A47CB28CB192A5F561A6F131A67CB2CCB1DCB2CCB1DCB2CCB1D0956
:20952E004D44F8402A666F792270F8372A666F3601C37358F83F7ED60C280AF83F7ED60EF5
:20954E002803AF18023E01F84177F8355E2356B728044B421806210D00194D44F8417EB742
:20956E0028051313131806211000195D54F8027B96237A9EDA7358F80A2A917E98DA7358FB
:20958E00F8397EB7C273582B3A6E673601F83F7ED60D2030F8142A5F561AB7C273583A6E80
:2095AE00673601F8492A5F56210400194D443660033EFC02F8492A5F56210600194D44AF9B
:2095CE0002C37358F83F7ED60E2030F8142A5F561AB7CA73583A6E673600F8492A5F56212D
:2095EE000400194D4436A0033E0302F8492A5F56210600194D44AF02C37358F8492A5F5643
:20960E0021040019E57DF83F77E17CF83E77F8492A5F5621060019E57DF84277E17CF841DB
:20962E00322B7ED6252048F8122A5F561AD602200501A0FC180301F0FAF83B792270F814F1
:20964E002A5F561AB72811110000F83B2A666F7B955F7A9C474B1805F83B2A4F46F83D2A4B
:20966E00666F792270F8402A666F3600C37358F8162A5F561AD60220050110FB1803014095
:20968E00F8F839792270F8182A5F561AB72813110000F8392A666F7B955F7A9CF83C3273EE
:2096AE001808F8392A23322A2377F83D2A5F56F83B2A12137E12F8402A666F3600C37358E7
:2096CE00F8287EB7CA7358F81A2A5F561ACB67280AF8262A5F561AB7CA7358F8352A5F56B4
:2096EE0021100019455CF8087896237B9EDA7358F80C5D54F8351A1396231A9EDA7358F865
:20970E00397EB7C273582B3A6E673601F8262A666F3600F8492A5F5621040019E57DF84282
:20972E0077E17CF8417779B7285AF8142A5F3A571AD6013E00175E23666B77F81C2A5F56BD
:20974E001AD602200501A001180301A003F83C792270F8142A5F561AB72813110000F83C08
:20976E002A666F7B955F7A9CF83F32731808F83C2A23322A2377F8402A5F56F83E2A121348
:20978E007E121879F83F7ED6062049F81E2A5F561AD602200501D0FC18030130FCF83C79D2
:2097AE002270F8202A5F561AB72813110000F83C2A666F7B955F7A9CF83F32731808F83C0D
:2097CE002A23322A2377F8402A5F56F83E2A12137E121829F8222A5F561AD602200501F0CA
:2097EE00FB18030170FAF8242A5F561AB72806AF914F9F9047F8402A666F792270F8492A2E
:20980E005F56210600194D44AF021859F8352A4F46212D00095D54F8087B96237A9E3845D5
:20982E000BF80A2A5F567B917A983839F8397EB72033F8492A5F56210A00194D44F83F7E3C
:20984E00D67E3E012801AF02F8372A666F36011814F8062A4F46211000094D44F83D799630
:20986E0023789E3809F846347ED610DAE150E847E1E805E9E8E1F81B7B2272F81979227092
:20988E00FAA0C0D6113E012801AFB70E0C20020E04F80071F81E77CB46200CFA36C3B72060
:2098AE0006F8247EC3045DF81B2A5F5621500019E57DF80377E17CF80277F81B2A5F5621A5
:2098CE00100019E57DF80577E17CF80477F8237EF80577F81B2A5F5621300019E57DF808E0
:2098EE0077E17CF80777F81DAF2277F81E7ED610D2015DF8247ED626D2015DF8012A5F566B
:20990E00F81E6E2600194D440AB7CA015DF81E7E87F81777F8032A5F56F8176E2600192A9B
:20992E004F46F8192A5F5621B0001959507D937C9ADA015DF81B2A5F2A23576E2600195D59
:20994E00541AF818777ED60FCAFB5CF8187ED664D2FB5CFAA0C0D6113E012801AFF81677B2
:20996E005ECB43201023231179436E2600195D541AB7CAFB5C79F8194E914F3E88913E008D
:20998E001747F8057EB72011B0280679D6E0DAFB5C79C628F80877181078B7280679D6D038
:2099AE00DAFB5C3E7891F80877F8062A5F56F8176E2600194D440AF8214E91C610F8177722
:2099CE003EA09630067ED6D0DAFB5CF8187ED626DA205CF81D7EF80096D2FB5CF8167EB70D
:2099EE00CAFB5C23237ED640D2FB5C4EAF69672911FA79195D541AF80922131A77F80A3AD4
:209A0E00B6CAFB5C2A5F561AF818774E06003E28914F9F9047F8247EF81522AF32799623F5
:209A2E00789E78575ECB7B2807CB7A2008BF1805CB7A280137DA015DF81D34F8245E010076
:209A4E00C0AF6B672929094D7CF80B712377F8187EF80D77F8092A5F5621020019E57DF805
:209A6E001077E17CF80F77F8092A5F5621050019E57DF81277E17CF81177F8092A5F562196
:209A8E00080019E57DF81477E17CF81377F8092A5F56210B0019E57DF81677E17CF81577E6
:209AAE00F80B2A4F4603F8102A5F561AF818323A773E01F80D963E0017F817322A23867725
:209ACE00F8057EB7C26B5BF80B2A5F56F8187E12F80E2A5F561AF5F80A7EF81A77F18602C6
:209AEE0003F8122A5F2A571AC6A002032A5F2A23571A02037EB7CA165CF8102A5F56131AEB
:209B0E00F816860203F80E2A5F56131AF818860203F8122A5F2A57131AC6A002032A5F5666
:209B2E00131A02033E02F80D96D2165CF8102A5F5613131AF816860203F80E2A5F561313FB
:209B4E001AF818860203F8122A5F2A5713131AC6A002032A5F5613131A02C3165CF8092A02
:209B6E005F3A2B57131A86C6F8F80B5E2356F5F81A7E12F1F80E5E2356F51AF80E77F1F897
:209B8E0018777EF80C960203F8122A5F2A571AC6A002032A5F2A23571AEE2002037EB728BB
:209BAE0067F8102A5F56131AF816860203F80E2A666F235EF8187E930203F8122A5F2A57C3
:209BCE00131AC6A002032A5F56131AEE2002033E02F80D963032F8102A5F5613131AF8164E
:209BEE00860203F80E2A5F5613131A5FF8187E930203F8122A5F2A5713131AC6A002032A39
:209C0E005F5613131AEE2002F80D7EF8248677C3FB5C3E1FF82496DA015DF8184EAF696757
:209C2E0029117A78195D541AF81522131A77F8163AB6CAFB5CF8187ED61038283E13963821
:209C4E0023F8057EF533F8187EF533F80A7EF533F8277EF5331EA0F81C7ECD324CF82486D0
:209C6E0077C3FB5CF8187EB7280B7E3D2807F8187ED6022024F8057EF533F8187EF533F8E8
:209C8E000A7EF533F8277EF5333EA0F8195E2356CD8949F82486771854F8187ED6082807BC
:209CAE00F8187ED6092024F8057EF533F8187EF533F80A7EF533F8277EF5333EA0F8195ED2
:209CCE002356CDAA47F82486771822F8057EF533F8187EF533F80A7EF533F8277EF5333EE8
:209CEE00A0F8195E2356CD4246F8248677F81E34C3F958F8247EE81FE1E804E9110002D5C3
:209D0E0021D027E5CD1239E804C93BF8077EF80077F8092A4F460AB728666FD6202003AFFE
:209D2E0018467DD62520043E01183D7DD62F20043E0218347DEE80D6B0380A3E3995380559
:209D4E007DC6D318237DEE80D6C1380A3E5A9538057DC6CC18127DEE80D6E1380A3E7A950C
:209D6E0038057DC6AC1801AFC6D05FF80056347EF80722C57BF5335E7ACD5B37C1031896BA
:209D8E0033C9FAA0C0D611202A11F113D5AF3CF51EDD213340CDE339E8043E01E04FAF677C
:209DAE002E20E53E20F533AF0FF5CD9139E8053E00E04F21E4E4E53E2FF5331EDD218941EF
:209DCE00CDE339E803AF672E12E53E14F533AF0FF5CD9139E80511775ED5AF0FF51E0A21FE
:209DEE00185DCDE339E8040E00FAA405477990305B4169AF04046729FA39C3912031E5C50C
:209E0E0011845ED50E01C51E0A21185DCDE339E804C1E1118E05192A666F2A666FC5E50EF0
:209E2E0003C51E0A21185DCDE339E804C1181A118E05192A666F2A666FC5E50E03C51E0A63
:209E4E0021185DCDE339E804C10C189D11865ED5210010E51E0A21185DCDE339E804F04064
:209E6E00F601E040AFEA38C3C94C4556454C2053454C4543540030005052455353204120CA
:209E8E00544F20504C415900E8E7018E05F81F5EAFCB238FF8177323322A666F094D4459EE
:209EAE00501A2176C222131A322A4F46696023235D541A2178C222131A77210600095D54B5
:209ECE001A217AC222131A77210800095D541A217CC222131A77210A00095D541A217EC2B5
:209EEE0022131A77210C00095D541A2180C222131A772182C23614211000097EEA83C2FAD4
:209F0E00A0C0D61120082178C23E00223660AF2184C222772186C23E7022AF77FA80C2EA3F
:209F2E0088C2FA81C2EA89C23E042188C2CB2623CB163D20F52B2A4F463E90B93E009830EC
:209F4E000D2B79C6704F78CEFF7123771806AF2188C22277218AC23E0F22AF77FA7EC2213F
:209F6E007FC24EC6F66F79CEFF67292929297D4C218CC22271AFEA9AC211F000D501000031
:209F8E00119EC2CD4116CD5438FA82C2F533FA7CC24F217DC246FA78C25F2179C256CD110F
:209FAE000711FA6ED5210008E5CD1A39E80411D870D5210804E5CD1A39E804110040D52191
:209FCE000C04E5CD1A39E8041E0C210040CDE339112671D521A05CE5CD1A39E804FA86C231
:209FEE004FAFE04379E042AFF533FA83C2F533FA7EC24F217FC246FA7AC25F217BC256CD12
:20A00E007309FAA0C0D6112018CD624211F913D53E06F533AFF5331EDD21DE40CDE339E88C
:20A02E0004FABF6EF533F533F5331EDD218941CDE339E8031EDD21A641CDE339F040F6049F
:20A04E00E040F040F601E040F040F602E040F040F680E040FBCD822EB72805CDBD0118F589
:20A06E00CD862E3E80E0263EFFE0253E77E0243E02F5331EDD214B46CDE33933117004F8E4
:20A08E00172A666F19E57DF80A77E17CF809322A5F561A4F131A47B12835FA76C22177C2C2
:20A0AE00666F111100197EF81877118604F81F6E2600195D541AD5F81A66E5335950CDB5C3
:20A0CE0009D11AEA3AC33E04E0072137C33601AF218EC22277AFEA90C22191C23628AF21D6
:20A0EE0092C222772194C23EFF2236FF2196C23EFF2236FFFAA8C2EA98C2AFEA99C2EAB215
:20A10E00C1AFEAB3C1EAB4C1AFEAB5C10192C211E6C1CD5C43118604F81F6E260019E57DBB
:20A12E00F80C77E17CF80B77CDB339F80C77E5F80ECB7EE1C2716EFAB0C2B7CAC961F0408E
:20A14E00E6FDE0403E00E0433E00E042F31E0A210A5DCDE339FB3E01E04FAF672E20E53EB1
:20A16E0020F533AF0FF5CD9139E805AFE04FAF672E12E53E14F533AF0FF5CD9139E8051177
:20A18E00D36ED53E06F5333E03F5331E0A21185DCDE339E80401E26EC53E0CF5333E03F575
:20A1AE00331E0A21185DCDE339E804CDA339CDB339CB67C2716ECDBD0118F3E5F80ECB56F4
:20A1CE00E12839FA90C2CB57203221B2C17EB7202B21B5C13601FA84C22185C246C6584F32
:20A1EE0078CE0021B6C1712377FA86C22187C246C6304F78CE0021B8C1712377E5F80ECB90
:20A20E006EE12811FA90C2CB6F200A213DC37ED6013E001777E5F80ECB76E12811FA90C224
:20A22E00CB77200A2199C27ED6013E001777F80C7EEA90C2FA84C2472185C25ECB3BCB1813
:20A24E00CB3BCB18CB3BCB18CB3BCB18F80DAF222222782273FAB2C1B7C2F862D51184C2A2
:20A26E00218CC21A1396231A9ED1D2F862FA8EC2218FC2562BC6CA4F7ACE027123774E16F1
:20A28E00002184C27E81227E8A77FA8EC2218FC24EEA8EC2AFEA8FC2FA84C2F81077FA853D
:20A2AE00C2F81177CB3E2BCB1E23CB3E2BCB1E23CB3E2BCB1E23CB3E2BCB1E7E902005231B
:20A2CE007E932826F8102A4F46210A00094D44218AC22A917E983012217EC2799623789E5C
:20A2EE003008F80D3E0122792270119EC2FA84C21213FA85C212FA84C22185C246C6084F73
:20A30E00300104CB38CB19CB38CB19CB38CB19CB38CB1911E6C12194C27E912005237E90CA
:20A32E002822C5D52192C2E5D5FA84C24F2185C246FA76C25F2177C256CDF943D1C121942E
:20A34E00C2792270019AC2C5F80E7EF533019EC2C5FA84C24F2185C246CD594FFAB5C1B755
:20A36E00CA946421B2C17EB7C294643601AFEAB3C1FAA8C2F818777EB72834FA84C2F8157D
:20A38E0077FA85C2F816771100003A6E677B955F7A9CF81832733A2B77F8183A2B322A5F0C
:20A3AE00562170007B955F7A9CF81832731820FA84C25F2185C2563E20BB3E009A30097B34
:20A3CE00C6E04F7ACEFF1802AF4FF817712377F8177EEABAC1F8187EEABBC1FA86C2EABC33
:20A3EE00C1FA87C2EABDC1FAA8C2B728043E701816FA84C24F2185C24679D62078DE00308E
:20A40E00042B7E18023E2021BEC122360021A1C24EFA86C25F2187C256799321C0C1229F6F
:20A42E009277FAA8C2B7200A21C2C13EA822AF77180821C2C13EF02236FFFAB8C121B9C197
:20A44E004621BCC14E235E914F789B4769607DD6207C173F1FDE80300301280069605C16DF
:20A46E00003E70BD3E009CCB7B2807CB7A2008BF1805CB7A280137300301500021C4C17983
:20A48E002270AFEAB5C1FAA8C22198C296CA0D66CD5438FAA8C2B7281FFAA0C0D61120053A
:20A4AE00010070180FFA76C22177C2666F110400192A4F4659501808FA78C25F2179C2569A
:20A4CE00FA82C2F533FA7CC24F217DC246CD11072184C22A4F46CB38CB19CB38CB19CB38FF
:20A4EE00CB19CB38CB1911040079935F789AF813327B22CB7E28042BAF2277F8183600F8F1
:20A50E00187ED61030617E0E00F8125E23566F6119E57DF81677E17CF81577F8145D542124
:20A52E007EC21A1396231A9E3038F8147EE60FF81777FAA8C2F816777EB7280623AF96E628
:20A54E000F77F8167EF533FA83C2F533FA7AC24F217BC246F8162A5F56CD0F08F8177ECDF8
:20A56E003C09F81834189811FA6ED5210008E5CD1A39E80411D870D5210804E5CD1A39E8E4
:20A58E0004110040D5210C04E5CD1A39E804112671D521A05CE5CD1A39E804FAA8C2B72893
:20A5AE000FFA84C24F2185C246AF91C6905F1818FA84C24F2185C2463E20B93E00983006BC
:20A5CE0079C6E05F18021E007BE043FA86C2E042F040F601E040F040F602E040F040F604FC
:20A5EE00E040F040F680E040F8122A5F56210F00197DEA8AC27CEA8BC2FAA8C2EA98C2F82F
:20A60E00107E2196C2962009F8117E2197C296282E1156C2D5FA83C2F533FA7EC25F217FDB
:20A62E00C256D5FA7AC24F217BC246F8152A5F56CD5F07F8107EEA96C2F8117EEA97C2FA4B
:20A64E00B2C1B7201BFA80C25F2181C256D51156C2D5F8107E119EC2CD9517EA9BC218048C
:20A66E00AFEA9BC2FAB2C1B7C2396721A1C24EFA86C25F2187C2567993219CC2229F92320D
:20A68E007EF81777FA9DC2F818322AD6147EDE00563E00CB7F2807CB7A2008BF1805CB7A02
:20A6AE00280137305021A1C24E060011140079935F789AF81832733A2B77F8183A2B322AD0
:20A6CE0023322A2377CB7E2805AFF8152277F8152A4F462188C22A917E98300B2B7EF8158F
:20A6EE0077FA89C2F81677F8157EEA86C2F8167EEA87C21842F8173E6496233E009E303788
:20A70E00FAA1C20600C69C4F78CEFF4760CB7C280301000059502188C22A937E9A30042B70
:20A72E002A4F462186C2792270180CFABCC1EA86C2FABDC1EA87C2FAB2C1B7C2D167FAA8A0
:20A74E00C2B7281EFA84C24F2185C246AF914F9F904779C6904F78CEFFF813712322367020
:20A76E001840FA84C2F81777FA85C2F818323E2096233E009E3010F8172A5F562120007B4D
:20A78E00955F7A9C4B1802AF4FF813712377F8172AD6207EDE003005FA84C218023E20F8B8
:20A7AE001577FAA1C2F811223600FA86C24F2187C246F8112A5F567B915F7A98F8173273E7
:20A7CE00C33B69FABAC14F21BBC146FAB2C13DC23169F81379227021B3C1343E489630022A
:20A7EE00364821C2C12A5F5621BEC12A666F7B955F7A9CF812327321C4C12A5F5621C0C150
:20A80E002A666F7B955F7A9CF8163273FAB3C126006F2911C140192A4F463E5321B3C18631
:20A82E005F3E41CE00571AF81777F8117EF80077F8127EF80122079F222279227822AF22DE
:20A84E0077110000D5F8062A5F56D5F8042A4F2A472A5F56CDF739FABEC180F81877F8158C
:20A86E002A4F7E47079F5F57AF676FE5F8062A666FE5CDF739484321C0C12A666F09E57D50
:20A88E00F81777E17CF816224E0600696029092909294C79079F47F8152A5F567B915F7A6A
:20A8AE0098474B69607DD6087C173F1FDE803003010800F8187EF8152279227021AAC22A32
:20A8CE004F46210A00094D4421AAC279227079D61578DE00383A21AAC22A4F4679C6EB4F87
:20A8EE0078CEFF4721AAC279227021A8C24EFAA9C20C0D2810B7200721A9C2361718113D7A
:20A90E00EAA9C2180B3C21A9C277D61838023600FAB3C1D648381621B2C1360221B4C136A2
:20A92E0078180AF81379227822AF222277F8183600FAB2C1D602CAD56BFAA7C2F81177F855
:20A94E00167EF81277F8157EF81877F8117E3DC29D6A21A6C24EFAA8C2F8107779B7CA433E
:20A96E006AF040E604F811327EB7CAF96923237EC61877F8187EC618772124712A4F7E21DF
:20A98E002DC3712377AFEA2FC3EA30C3F8117EB72809F8063E1022AF771807F8063E0822BE
:20A9AE00AF77F8123A22AF322A5F56F8062A666F7B955F7A9CF80532737EF812323600F831
:20A9CE00187EC6F8777EF80422AF322A2377F8127EF807327EF81177F8077EF812322A5F64
:20A9EE0056AFCD0637F81877C3D56BF8127EC62077F8187EC608772124712A4F7E212DC33A
:20AA0E00712377AFEA2FC3EA30C3F8117EB728082B3E1022AF771807F8103E0822AF77F8D9
:20AA2E00123A5F3A7B9647F8185E50AFCD8436F81877C3D56BF8123A2BC610477EB7282A3A
:20AA4E00F8187EC618772124712A4F7E212DC3712377AFEA2FC3EA30C3F8187EC6F85F50D9
:20AA6E00AFCDC536F81877C3D56BF8187EC6084F2125713A5E57212DC37B2272AFEA2FC3CB
:20AA8E00EA30C35059AFCDCF37F81877C3D56BF8117ED602202EF8127EC61047F8187EC670
:20AAAE00084F214C402A665F54212DC37B2272212FC3360CAFEA30C35059AFCDCF37F81805
:20AACE0077C3D56B21A6C24EFAA8C20C0DCA5E6BB72847F8127EC6204FF8187EC61847FA77
:20AAEE00A9C26FAF672911A670192A6E5F55212DC37B2272AFEA2FC3EA30C3F040CB5728A1
:20AB0E0005111000180311080079935778C6F85FAFCD0637F81877C3D56BF8127EC61047ED
:20AB2E00F8187EC6164FFAA9C26FAF672911A670192A6E5F55212DC37B2272AFEA2FC3EA1A
:20AB4E0030C35079C6F85FAFCDC536F818771877B72843F8127EC6204FF8187EC60A47FA03
:20AB6E00A9C226006F2911A670192A6E5F55212DC37B2272AFEA2FC3EA30C3F040CB572810
:20AB8E0005211000180321080079955758AFCD8436F818771831F8127EC61047F8187EC671
:20ABAE00084FFAA9C226006F2911A670192A6E5F55212DC37B2272AFEA2FC3EA30C3505950
:20ABCE00AFCDCF37F81877FAA8C2F81866E533F533FA86C25F2187C256D5FA84C24F2185D9
:20ABEE00C24611E6C1CD8258F818777E2191C29630240100C0F8185EAF6B672929095D54C1
:20AC0E00F8184E792191C2963009AF12131313130C18F0F81871F8187EEA91C2F818360059
:20AC2E00F80D7EB7283A237EEA8AC2F80F7EEA8BC2F80E7EE60FF8187721A8C24E79B728A6
:20AC4E0007F818AF96E60F7779F533FA83C2F533FA7AC24F217BC246F8102A5F56CD0F0822
:20AC6E00CDBD01FA9AC24FFA99C2B7280B793D280579D60220020E0069260011BF6E197E8F
:20AC8E00E047E048E049F8137EF80F772A77FA86C2F81177FAB2C1D602204221B4C17EB752
:20ACAE002836357EF814773A2BE6077711C36E6E260019E57DF81577E17CF814322A5F56DA
:20ACCE001AF8104E81222311CB6E6E2600194D440AF8114E8177180521B0C23601F8102A36
:20ACEE00E0437EE042F80D7EB72806F8187ECD3C09FA9BC2B7CA3661FA86C2F81646F5334E
:20AD0E00F8107EF533C533F8187EF5331E0C21AE46CDE339E8043E80E0263EFFE0253E77FA
:20AD2E00E024F3CD5438FA82C2F533FA7CC24F217DC246FA78C25F2179C256CD110711FAED
:20AD4E006ED5210008E5CD1A39E80411D870D5210804E5CD1A39E804110040D5210C04E500
:20AD6E00CD1A39E8041E0C210040CDE339112671D521A05CE5CD1A39E804AF2184C222770B
:20AD8E002186C23E7022AF77218EC22277218AC23E0F22AF77EA9AC2EAB2C1AFEAB3C1EAA0
:20ADAE00B4C1AFEAB5C111F000D5010000119EC2CD41160192C211E6C1CD5C432194C23E67
:20ADCE00FF2236FF2191C236282196C23EFF2236FFFA86C24FAFE04379E042FABF6EE047E4
:20ADEE00FAA0C0D6112003CD6242AFF533FA83C2F533FA7EC24F217FC246FA7AC25F217BD0
:20AE0E00C256CD7309F040F680E040F8082A5F561AF81322131A773AB62844FA76C2F81598
:20AE2E0077FA77C2F816322A5F5621110019E57DF81977E17CF818322A5F561A47F80A2AFB
:20AE4E005F561AC533F8145E2356CDB509F80A2A5F561AEA3AC33E04E0072137C33601FB57
:20AE6E00C33661AFEA37C3E00711F00AD511804C3EDCCD022E3E02F5331EDD21E945CDE3BA
:20AE8E003933CD822EB72805CDBD0118F5CD862EF040E6FDE040AFE043AFE042CDA339F34C
:20AEAE001E0A210A5DCDE339FB2138C33601E819C9E4393E3F02FE01FF02FE010001FF0236
:20AECE00FEFF0100004C4556454C20434F4D504C455445005052455353204120544F20455F
:04AEEE00584954006B
:020000040000FA
:013BA900001B
:2013F10042148C49397FFF7FFF7FE07FE0030000FF7F0000E003E003FF7F0000E07FE07F3B
:18141100FF7F0000FF03FF03FF7F00009F7D9F7DFF7F00001F001F00CF
:020000040002F8
:20AEF200FF7FC07FE003000000007F7F407F407F4F7F48784B7B4B7A4B7A4B7B48784F7FF2
:20AF1200407F407F7F7F00000E0E111F101F263F253D243C4B7B4B7A4B7A93F39CFC83FF11
:20AF3200607F1C1F030300000B0F080F101F131F243C243C49794B7A93F291F10CFCC3FF35
:20AF5200303F0C0F0303000002030407080F111F223E447C89F913F213F289F9447C223EAA
:20AF7200111F080F0407020300FF0000000800208000000000FF02000008026080000000D6
:20AF920000FF0400000804608000000000FF0600000806208000000000FF0440000804208E
:20AFB2008000000000FF0240000802208000000000FF0000000800208000000000FF02006C
:20AFD200000802608000000000FF0400000804608000000000FF06000008062080000000D3
:20AFF20000FF0440000804208000000000FF0240000802208000000000FF0000000800203E
:20B012008000000000FF0200000802608000000000FF0400000804608000000000FF0600BF
:20B03200000806208000000000FF0440000804208000000000FF0240000802208000000076
:20B0520000FF0000000800208000000000FF0200000802608000000000FF040000080460DD
:20B072008000000000FF0600000806208000000000FF0440000804208000000000FF02405B
:20B09200000802208000000000FF000000080020800000007A6F866F926F9E6FAA6FB66F23
:20B0B200C26FCE6FDA6FE66FF26FFE6F0A70167022702E703A70467052705E706A707670C4
:06B0D20082708E709A707E
:020000040019E1
:200000003F3F3F203F203F203F203F203F20203FFCFC1FE7FFE1BFA1F9E7FF07FC0404FCA5
:200020003F3F3F20F8E7FF87FD85FD85FD8584FCFCFCFC04FF07FF01FF013FC1FFC1417FFA
:200040003F3F3F20FEE1FF81FF81FF81FF8181FFFCFCFC043FC7FFC1417F7F7F00000000E8
:200060003E3E3E22FEE2FE82FF83FF80FF8080FF0F0F0F097F797947FFC7FC04FC0407FF8B
:200080003F3F3F20F8E7FF87FC84FF87FF8080FFFFFFFF0101FFFFFF0000F0F0F01010F03E
:2000A000FFFFFF808FF0FFF01F101F101F10101FFFFFFF0101FFFFFF80808080808080809D
:2000C000FFFFFF809EE1FFE13F213F213F21213FFCFCFC043FC7FFC17F417F417F41417F06
:2000E0003F3F3C23FFE3FE82FF83FF80FC8383FFFCFC3CC4FFC77F41FFC1FF013FC1C1FFC1
:200100003F3F3F20FCE3FF87FC84FC84FF8780FFFCFCFC0404FCFCFC00000000FFFF01FFAA
:20012000F8F8F888FE8EFE82FE82FE82FE8283FF7C7C744C774F7F417F417F417F41C1FF03
:20014000203F203F203F203F203F3C3F07040707FC04FCFC80808080808080808080808038
:20016000E49CE4FC273F3827383F080F0F080F0F417F417FC1FF01FF07F907FFFC04FCFC59
:2001800081FF81FF81FF80FFE09FE0FF3F203F3F00000000F8F808F808F808F8F808F8F845
:2001A00083FF82FE82FE82FEE29EE2FE3E223E3EC1FF417F417F7947797F0F090F0F0000D3
:2001C00087FF84FC84FC84FCE79FE0FF3F203F3FF0F0000078784878C8F808F8F808F8F897
:2001E000101F101F101F101F1C131C1F0704070780808080808080808080808080808080C0
:20020000213F213F213F213F3827383F0F080F0F417F4779477FC4FC3CC43CFCE020E0E055
:2002200082FE82FE82FE82FEE29EE2FE3E223E3E417F417F7947797F0F090F0F0000000014
:20024000FF80FFFF000000000707040707040707E11FE1FF213F213FE7F907FFFC04FCFC71
:2002600080FF83FC83FF82FEE29EE2FE3E223E3E01FFC13FC1FF417F714F717F1F111F1FA4
:020000040000FA
:20142900FA40C3B7C26C38FA37C3B7C8FAA0C0D611200BFA3BC34F213BC334CB41C0F090C4
:201449004F213AC37EE0907EEA0020C5CD0D33C179E09021002071C9AFEA37C3EA40C3FA2F
:20146900A0C0D6112003CD27383E80E0263EFFE0253E77E0243E04E007112914CD0A393E49
:2014890005CDCC003EB0F5333E01110F4ACDB509213AC336012137C33601FBFA3CC3B728E1
:2014A9000FFA3CC33D2811FA3CC3D602281218EBCD0B2AEA3CC318E3CDD428EA3CC318DB0C
:0814C900CDCB2DEA3CC318D382
:063BAA0000010000000014
:020000040005F5
:2040000000000000000000000000FF00FF00FF0000000000000000000000E000C020C02003
:20402000000000000000000000007F007F007F0000000000000000000000C10081408140C0
:2040400000000000000000000000F000E010E010FF00FF00FF00FF00FF00FF00FF00FF0098
:20406000C020C020C020C020C020C020C020C0207F007F007F007F007F007F007F007F0048
:2040800081408140814081408140814081408140E010E010E010E010E010E010E010E01098
:2040A0007F007F007F007F007F00403F00000000FF00FF00FF00FF00FF0000FF000000000C
:2040C0008140814081408140814001C001000100FF00FF00FF00807F00000000000000005C
:2040E000FF00FF00FF0000FF0000000000000000C020C020C02000E0000000000000000044
:20410000000000007F007F007F007F007F007F0000000000FF00FF00FF00FF00FF00FF00AB
:2041200001000100C1008140814081408140814000000000000000000000000000000000F7
:204140000F000F000F000F000F000F000F000F00E000C020C020C020C020C020C020C020E7
:2041600081408140814081408140804080408040FF00FF00FF00FF0000FF0000000000003F
:20418000E010E010E010E01000F0000000000000FF00FE01FE01FE01FE01FE01FE01FE0177
:2041A000804081408140814081408140814081400000FF00FF00FF00FF00FF00FF00FF00FF
:2041C0000000F000E010E010E010E010E010E010FF00FF00FF00FF00FF00FF00FF00807F57
:2041E000FE01FE01FE01FE01FE01FE01FE0100FF0F000F000F000F000F000F000F0008074F
:20420000FF00FF00FF00FF00FF00FF00FF0000FFC020C020C020C020C020C020C02000E0A6
:204220007F007F007F00403F00000000000000000000000000000000FF00FF00FF00FF0086
:204240000000000000000000E000C020C020C020FC00F804F804F804F804F804F804F804FE
:204260001F001F001F001F001F001F001F001F00F804F804F804F804F804F804F804F80466
:20428000100F0000000000001F001F001F001F0000FF000000000000FF00FF00FF00FF0088
:2042A00000E0000000000000E000C020C020C0207F007F00403F0000000000000000000021
:2042C000FF00FF0000FF000000000000000000008140814001C00100010001000100010099
:2042E000C10081408140814081408140814081407F007F007F007F00403F0000000000003B
:20430000F804F804F804F80400FC0000000000001F001F001F001F00100F00000000000016
:20432000C020C020C020C02000E0000000000000FF00FF00FF00FF00FF00807F0000000023
:20434000C020C020C020C020C02000E00000000000000000C000C020C020C020C020C020FD
:2043600081408140814081408140814080408040E010E010E010E010E01000F00000000097
:204380000000FF00FE01FE01FE01FE01FE01FE0100000000070007000700070007000700FA
:2043A00000000000F000E010E010E010E010E010FE01FE01FE01FE01FE01FE01FE01FE0165
:2043C000070007000700070007000700070007000700040300000000000007000700070082
:2043E000FF0000FF000000000000FF00FF00FF00E01000F0000000000000F000E010E01012
:20440000FF00FF00807F0000000000000000FF00FF00FF0000FF0000000000000000FF00A4
:20442000FF00FF0000FF00000000000000008000C020C02000E00000000000000000FF0060
:204440007F007F00403F0000000000000000FF00FF00FF0000FF0000000000000000C10022
:204460008140814001C00100010001000100C1000080008000800080008000800080008034
:2044800007000700070004030000000000000000E010E010E01000F0000000000000000040
:2044A00000FF0000000000000000FF00FF00FF0000800000000000000000FF00FF00FF0083
:2044C000807F0000000000000000FF00FF00FF0001C00100010001000100E100C120C12078
:2044E00081408140814080408040804081408140FF00FF0000FF000000000000FF00FF00BC
:20450000FE01FE0100FF000000000000FF00FE01C120C120C120C120C120C120C120C12098
:20452000C120C120C020C020C020C120C120C120814001C0010001000100C10081408140AE
:20454000C120C120C120C120C120C120C12001E0814081408140814081408140814000C14B
:20456000070007000700070007000700070004031C1C1C1C1C1D1E1C1C1C1C1C1C1F1C1C3D
:204580001C1C1C1C1C1C1C201E1C1C1C1C1C1C1D212121212122232121212121212421213E
:2045A0002121212121212125232121212121212221212121212223212121212121242121CE
:2045C0002121212121212125232121212121212221212121212223212121212121242121AE
:2045E000212121212121212523212121212121222121212121222627272727272728212163
:2046000021212121212121252321212121212122292A2A2A2A2B2C2D2D2D2D2D2D2E2121DD
:20462000212121212121212523212121212121222F2F3021213123212121212121323333E1
:2046400033333333333333342321212121212122213530212122232121212121213637373F
:2046600037373737373737382321212121212122393A3B3C3C3D23212121212121242121C4
:2046800021212121212121253E2A2A2A2A2A2A2B3F3F3F3F3F4023212121212121242121DF
:2046A00021212121212121252321212141422131212121212122232121212121212421217D
:2046C00021212121212121252321212143422122212121212122232121212121212421216A
:2046E0002121212121212125232121214344454621212121212247484848484848492121CD
:2047000021212121212121252321212143422122212121212122232121212121214A212103
:2047200021212121212121254B3333334C4D334E4F272727275023212121212121242121E5
:20474000212121212121212523212121212121312D2D2D2D2D5123212121212121242121B2
:204760002121212121212125232121212121212221212121212223212121212121522727D2
:20478000272727272727275323212121212121222121212121222321212121212136373756
:2047A0003737373754552D56232121212121212221212121212223212121212121242121D0
:2047C00021212121575821252321212121212122212121212122232121212121212421213F
:2047E0002121212157595A5B23212121212121225C5D5D5E5D5F60615D5D5D5D5D6221215F
:204800002121212157582125232121212121212221212163212121242121212121242121BC
:204820002121212157642A653E2A2A2A2A2A2A2B21212163212121242121212121242121ED
:20484000212121215758212121212121212121312121216321212124212121212124212173
:2048600021212121575821212121212121212122666666676866666921212121216A6B6B9F
:204880006B6B6B6B6C5821212121212121212122212121212121216D2121212121242121FE
:2048A00021212121575821212121212121212122212121212121216E5A5A5A5A5A6F2121B2
:2048C00021212121575821212121212121212122212121212121216D2121212121242121FB
:2048E00021212121575821212121212121212122212121212121216D2121212121242121DB
:2049000021212121575821212121212121212122212121212121216D2121212121242121BA
:2049200021212121575821212121212121212122212121212121216D21212121212421219A
:2049400021212121575821212121212121212122393C3C3C3C3C3C703C3C3C3C3C713C3CB3
:204960003C3C3C3C3A723C3C3C3C3C3C3C3C3C3D0000FF00FF00FF00E01FE01FE01FE01F49
:204980000000FF00FF00FF0000FF00FF00FF00FF0000FF00FF00FF001FF81FF81FF81FF8C5
:2049A000E01FE01FE01FE01FE01FE01FE01FE01F00FF00FF00FF00FF00FF00FF00FF00FF07
:2049C0001FF81FF81FF81FF81FF81FF81FF81FF8B55F4ABFB55F4ABFB55F4ABFB55F4ABFAB
:2049E00055FFAAFF55FFAAFF55FFAAFF55FFAAFF5AFDBDFA5AFDBDFA5AFDBDFA5AFDBDFA8B
:204A0000737474747474747573747474747474757374747474747475737474747474747516
:204A2000767777777777777876777777777777787677777777777778767777777777777896
:204A4000797A7A7A7A7A7A7B797A7A7A7A7A7A7B797A7A7A7A7A7A7B797A7A7A7A7A7A7B16
:020000040000FA
:20400000080C1C1F5A00001810005A00000010005A00000C10005A00005A00005A00005A87
:2040200000005A00005A00005A00005A00005A00001310005A00001F10005A0000071000A1
:204040005A00001310005A00005A00005A00005A00005A00005A00005A00005A00005A00B9
:20406000001110005A00001D10005A00000510005A00001110005A00005A00005A00005A46
:2040800000005A00005A00005A00005A00005A00000F10005A00001B10005A00000310004D
:2040A0005A00000F10005A00000E10005A00001A10005A00000210005A00000E10005A004D
:2040C000001842990C50005A00005A00005A00005A00005A00001842990C50001842991875
:2040E00042990C50005A00005A00005A00005A00001842991350001842991350005A00001B
:204100005A00001842991350005A00005A00001842991350005A00005A00005A00005A007D
:20412000001842991150005A00005A00005A00005A00005A0000184299115000184299180A
:2041400042991150005A00005A00005A00005A00001842990F50001842990F50005A0000BD
:204160005A00001B42990F50005A00005A00001A42990E50005A00005A00005A00005A0021
:20418000005A0C0F1810005A00001810005A00001810005A00003020005A00005A000030F0
:2041A0002C095A00005A00005A0000302C045A00005A00001F10005A00001F10005A000096
:2041C0001F10005A00003720005A00005A0000372C095A00005A00005A0000372C045A0010
:2041E000005A00001D10005A00001D10005A00001D10005A00003520005A00005A00003592
:204200002C095A00005A00005A0000352C045A00005A00001B10005A00001B10005A000038
:204220001B10005A00003320005A00005A00005A00001A10005A00001A10005A00005A0036
:20424000003D10003D10003D10003D10003D20005A00003D10003D10005A00003D10003DF5
:2042600010005A00003D20005A00003D10005A00003D10003D10003D10003D10003D2000E5
:204280003D10003D10003D20005A00003D10003D10005A00003D20003D20003D20003D2065
:2042A000003D10003D10003D10003D10003D20005A00003D10003D10005A00003D10003D95
:2042C00010005A00003D20005A00003D10005A00003D10003D10003D10003D10003D200085
:2042E0003D10003D10003D20005A00003D10003D10005A00003D20003D20003D20003D2005
:20430000000C1C1F5A00001810005A00000010005A00000C10005A00005A00005A00005A8C
:2043200000005A00005A00005A00005A00005A00001310005A00001F10005A00000710009E
:204340005A00001310005A00005A00005A00005A00005A00005A00005A00005A00005A00B6
:20436000000F10005A00001B10005A00000310005A00000F10005A00005A00005A00005A4B
:2043800000005A00005A00005A00005A00005A00000E24645A04645A04645A04645A0464BD
:2043A0005A04645A04645A04640E34645A04645A04645A04645A04645A04645A04645A002B
:2043C000001842990C50005A00005A00005A00005A00005A00001842990C50001842991872
:2043E00042990C50005A00005A00005A00005A00001842991350001842991350005A000018
:204400005A00001842991350005A00005A00001842991350005A00005A00005A00005A007A
:20442000001842990F50005A00005A00005A00005A00005A00001842990F5000184299180B
:2044400042990F50005A00005A00005A00005A00000E50005A00005A00005A00005A0000F4
:204460005A00005A00005A00005A00005A00005A00005A00005A00005A00005A00005A005E
:20448000005A0C0F1810005A00001810005A00001810005A00003020005A00005A000030ED
:2044A0002C095A00005A00005A0000302C045A00005A00001F10005A00001F10005A000093
:2044C0001F10005A00003720005A00005A0000372C095A00005A00005A0000372C045A000D
:2044E000005A00001B10005A00001B10005A00001B10005A00003320005A00005A00003399
:204500002C095A00005A00005A0000332C045A00001A34645A04645A04645A04645A0464E1
:204520005A04645A04645A04645A04645A04645A04645A04645A04645A04645A04645A008D
:20454000003D10003D10003D10003D10003D20005A00003D10003D10005A00003D10003DF2
:2045600010005A00003D20005A00003D10005A00003D10003D10003D10003D10003D2000E2
:204580003D10003D10003D20005A00003D10003D10005A00003D20003D20003D20003D2062
:2045A000003D10003D10003D10003D10003D20005A00003D10003D10005A00003D10003D92
:2045C00010005A00003D20005A00003D10005A00003D10005A00003D20005A00005A00005B
:2045E0005A00003D20005A00005A00005A00003D10005A00003D10005A00003D10005A0001
:20460000005A09405A09805A00005A00005A00005A00005A00005A00005A00005A00005AEA
:2046200000005A00005A00005A00005A00005A00005A00005A00005A00005A00005A0000F6
:204640005A00005A00005A00005A00005A00005A00005A00005A00005A00005A00005A106C
:20466000005A09005A09005A09405A09405A09005A09005A09405A09405A09005A09005A02
:2046800009405A09405A09005A09005A09405A09405A09005A09005A09405A09405A0900B3
:2046A0005A09005A09405A09405A09005A09005A09405A09405A09005A09005A09405A1969
:2046C000405A00005A00005A00005A00005A0C095A00005A00005A00005A0C045A00005A97
:2046E00000005A00005A0C005A00005A00005A00005A00005A00005A00005A00005A00002A
:204700005A00005A00005A00005A00005A00005A00005A00005A00005A00005A00005A10AB
:20472000005A00005A00005A00005A00005A00005A00005A00005A00005A00005A00005A9B
:2047400000005A00005A00005A00005A00005A00005A00005A00005A00005A00005A0000D5
:204760005A00005A00005A00005A00005A00005A00005A00005A00005A00005A00005A104B
:20478000001900002400005A20005A00005A00005A00005A00005A00005A00005A00005A92
:2047A00000005A00005A00005A00005A00005A00005A00005A00005A00005A00005A000075
:2047C0005A00005A00005A00005A00005A00005A00005A00005A00005A00005A00005A10EB
:2047E000000140014001400143C140C140C140C143814181418141814441424142414241D6
:204800004508BFF100008008BFF000008008BFF400008008BFF3014680083FB761468008FB
:204820003FF0000080083FF0000080083FF0000080083FF0000080083FF0000080083FF0B6
:20484000000080083FF0000080083FF0000080083FF0000080083FF00000803F2001C14695
:20486000803F20012147803F20000000803F20000000803F20000000803F20000000803FB5
:2048800020000000803F20000000803F20000000803F20000000803F20000000803F20009D
:2048A0000000803F20000000803F20000000803F20000000809100003F0000F181473F0013
:2048C00000F800003F0000F800003F0000F800003F0000F800003F0000F800003F0000F8CD
:2048E00000003F0000F800003F0000F800003F0000F800003F0000F800003F0000F80000A5
:204900003F0000F800003F0000F800003F000078ABCCDEEEEEEDCB97643100000000009BC2
:20492000DEEFFFFFFDCBA965321100000135780000000000000000000000000000000000E5
:20494000112233445566778899AABBCCDDEEFFFFFFFED831000000000000138DEFFFFF00CD
:20496000000000000000000000000000000000000000000000000000000000000000000037
:20498000000000000000000000000000000000000000000000000000000000000000000017
:2049A0000000000000000000000000000000000000000000000000000000000000000000F7
:2049C0000000000000000000000000000000000000000000000000000000000000000000D7
:2049E0000000000000000000000000000000000000000000000000000000000000000000B7
:204A0000000000000000000000000000000000060040E147E947F147F94701485B48B54897
:044A200000000F493A
:2014D1000000000000000000000000000000000000000000000000000F0F080808080808AD
:2014F100080808087F7F7F407F407F407F407F40407F407F407F407F407F7F7F0808080829
:201511000808080808080F0F000000000000000000003F3F3F203F20FFE03F20203F2C3F28
:201531002E3B2B39E9F8E818E818E818E818E81808F808F808F808F808F8E9F82B392E3B3E
:201551002C3F203F203FE0FF203F203F3F3F00000000FCFCFC04FC04FF07FC0404FC04FC38
:2015710004FC04FC87FFC778673837181F080F040C07180F301F603FC07F87FF04FC04FC80
:2015910004FC04FC04FC07FF04FC04FCFCFC00000000000000000000F0F0101010101010FC
:2015B10010101010FEFEFE02FE02FE02FE02FE0202FE02FE02FE02FE02FEFEFE10101010A2
:2015D100101010101010F0F0000000000000000007071C1B3F3F78505070D8B0FF97F794C6
:2015F100B6B5C6C5EEC57F7C7F4038271F180707E0E03818FCFC1E0A0A0E1B0DFFE9EF2963
:201611006FA96FA9EF698E8ADE8AFC7CF818E0E07F7F7F403F201F100F08070403020101F5
:10163100FEFEFE02FC04F808F010E020C0408080AD
:201641003B3B6B627922704B420303F8047EF80077F8057EF801322A32AF2202037E022146
:20166100040019AF2277210600193600210700193600210C0019AF2277210B0019360021ED
:201681000800193600210900193600210A00193600210E00193600210F00193600211100D0
:2016A10019360021120019360021150019AF22773333E1F1E9000102030405000102030487
:2016C100050001020304050001020304051313131A914F9F9047C94FD6023E012801AF47EF
:2016E10079FE08281CFE032818D604281478B72010793D280C79FE102807D6112803AF18F7
:201701003678B720030D202D1AF80286E60F4F210A00197ED6013E0017EE015F79D6083E37
:2017210000174F78AB2807CB41200AAF180979B72803AF18023E01E133E978B72809CB78E7
:201741002802AFC93E07C979CB37E60F6F2600196E260011F112194679E60F4F78D6052083
:201761000779D608382CAFC978D606200779D6083020AFC978D610200A79D6083002AFC90B
:201781003E08C978D611200A79D6083802AFC93E08C978C9E8E0F81E7323722B2B222A5F70
:2017A1005621070019E57DF80677E17CF805322A5F561A4FB728053E01C3C626F81E2A5F75
:2017C10056211200194D440AB72804AFC3C626F81E2A5F5621090019E57DF80877E17CF824
:2017E10007322A5F561A4FF81D7EE610F808223600F81E2A5F5621080019E57DF80C77E191
:201801007CF80B77F81E2A5F5621040019E57DF80E77E17CF80D322A5F561AF81922131AD2
:2018210077F80A2A5F561A47793DC2FF18F808B6280E78B73E2A20023ED64F079F47180C46
:2018410078B73EDE20023E224F079F47F8192A666F094D44F80C2A666F792270F80A2A5F3B
:201861002A571A4F2A5F561A47131A6779B7284878D6977C173F1FDE7C300AF80C2A666F9C
:201881003E972236FCF80C2A5F561A6F131A675C16043E43BD3E049CCB7B2807CB7A2008AA
:2018A100BF1805CB7A280137D28219F80C2A666F3E43223604C382195C16033E69B83E03E6
:2018C1009CCB7B2807CB7A2008BF1805CB7A280137300AF80C2A666F3E69223603F80C2A9B
:2018E1005F561A4F131A4779D6BD78173F1FDE7BD282193A6E673EBD2236FBC3821979D68C
:20190100023E4728023E6BF81B223600F8192A4E0405282E235F512A666F7B955F7A9C4F73
:2019210043F80C2A666F782271F80C2A5F561A131AEE80D67A304A2B2A666F36002336FA40
:20194100183F5F51F81B2A666F19454CF80C2A666F782271F80C2A5F561A4F131A47581687
:2019610006AFB93E0698CB7B2807CB7A2008BF1805CB7A2801373009F80C2A666FAF223676
:2019810006AFF808B6282AF81E2A5F56210E00194D440ACB67201AF81E2A5F562106001910
:2019A1004D440AB7200BF81E2A5F56211000193601F81E2A5F5621020019E57DF81D77E133
:2019C1007CF81C77FA3DC3B72842AFF808B62819F80A2A5F561AB72805019005180301703D
:2019E100FAF80C2A666F792270F81B2A5F561A4F131A47F80C2A5F561A6F131A67094D4475
:201A0100F81B2A666F792270AFC3C626F81B2A5F561A4F131A47F80C2A5F561A6F131A677B
:201A2100094D44F81B2A666F792270F81E2A5F5621030019E57DF81077E17CF80F322A5FBC
:201A41002A571A77F8227EF81177F8237EF812322A5F5621100019E57DF81577E17CF8140E
:201A610077F81E2A5F561AE60F4F3E1091F81577F81E2A5F5621060019E57DF81877E17CBD
:201A8100F817322A666F3600F80C2A5F561A131ACB7FC2CD1CF8107E0600C6104F78CE00B9
:201AA100F8187123322A4F46F8112A5F5678B728043E07185279CB37E60F6F2600196E26EC
:201AC1000011F112194679E60F4F78D605200879D6083832AF183078D606200879D608309F
:201AE10025AF182378D610200C79D6083003AF18163E08181278D611200C79D6083803AFA9
:201B010018053E0818017847F81A3600FE07CA421CFE09CA421CFE05CA421CD606CA421CB6
:201B21002B2B2A4F463E07F815963007F8112A5F561805F8132A5F5678B728043E07185277
:201B410079CB37E60F6F2600196E260011F112194679E60F4F78D605200879D6083832AFB7
:201B6100183078D606200879D6083025AF182378D610200C79D6083003AF18163E081812A9
:201B810078D611200C79D6083803AF18053E0818017847FE07CA421CFE09CA421CFE05CA14
:201BA100421CD606CA421CF8182A4F463E0FF81596300EF8117EF81B77F8127EF81C771889
:201BC1000CF8137EF81B77F8147EF81C77F81B2A5F5678B728043E07185279CB37E60F6FF5
:201BE1002600196E260011F112194679E60F4F78D605200879D6083832AF183078D606203A
:201C01000879D6083025AF182378D610200C79D6083003AF18163E08181278D611200C79C0
:201C2100D6083803AF18053E0818017847FE07280CFE092808FE052804D6062004F81A36B9
:201C41000178FE07280CFE092808FE052804D606207AF8182A23E6F04F7EB72814F8107E7C
:201C6100C607913067F8182A5EE60F6F3E06BD385BF80A2A5F561AB72809F8062A5F561A04
:201C81003D204978D606200C79C6F8F80E5E23666B77180A79C6F0F80E5E23666B77F81EE1
:201CA1002A4F460303AF02F80C2A666FAF2277F80A2A5F561AB72014F8162A666F3601F840
:201CC1001E2A5F56211000194D44AF02F80C2A5F561A131ACB7FCA031FF8104EF81871F84B
:201CE100112A5F56F8182A774678CB37E60F6F2600196E260011F112195E78E60F477BD6BB
:201D010005200878D6083832AF18307BD606200878D6083025AF18237BD610200C78D608E7
:201D21003003AF18163E0818127BD611200C78D6083803AF18053E0818017BF81C322B36B6
:201D410000FE07CA671EFE09CA671EFE05CA671ED606CA671E3E07F815963007F8112A5FAA
:201D6100561805F8132A5F56F8194678CB37E60F6F2600196E260011F112195E78E60F47BE
:201D81007BD605200878D6083832AF18307BD606200878D6083025AF18237BD610200C78F4
:201DA100D6083003AF18163E0818127BD611200C78D6083803AF18053E0818017BF81C7774
:201DC100FE07CA671EFE09CA671EFE05CA671ED606CA671E3E0FF81596300EF8117EF81B13
:201DE10077F8127EF81C77180CF8137EF81B77F8147EF81C77F81B2A5F56F8194678CB3749
:201E0100E60F6F2600196E260011F112195E78E60F477BD605200878D6083832AF18307B9B
:201E2100D606200878D6083025AF18237BD610200C78D6083003AF18163E0818127BD61143
:201E4100200C78D6083803AF18053E0818017BF81C77FE07280CFE092808FE052804D60618
:201E61002004F81A3601F81C7ED6072816F81C7ED609280FF81C7ED6052808F81C7ED60694
:201E8100C2031F79E6F04FC61047F81A7EB72819F8107EC6075F78C6F0933066F8187EE69D
:201EA1000F5F3E1093FE073059F80A2A5F561AB72009F8062A5F561A3D2047F81C7ED60561
:201EC100200C79C608F80E5E23666B771806F80E2A666F70F81E2A666F23233600F80C2A6D
:201EE100666FAF2277F80A2A5F561AB72814F8162A666F3601F81E2A5F56211000194D44C2
:201F0100AF02F8162A5F561AB7C22321F8062A5F561A3DCA2321F80A2A5F561A4FF80E2A8F
:201F21005F561AF818775E160079B728031B1806211000195D54F8197B227A322A4F46F836
:201F4100112A5F5678B7280BCB782803AF18563E07185279CB37E60F6F2600196E26001131
:201F6100F112194679E60F4F78D605200879D6083832AF183078D606200879D6083025AF37
:201F8100182378D610200C79D6083003AF18163E08181278D611200C79D6083803AF1805BB
:201FA1003E081801784FFE07CAF620FE09CAF620FE05CAF620D606CAF620F8192A4F463E81
:201FC10007F815963007F8112A5F561805F8132A5F5678B7280BCB782803AF18563E0718E6
:201FE1005279CB37E60F6F2600196E260011F112194679E60F4F78D605200879D608383270
:20200100AF183078D606200879D6083025AF182378D610200C79D6083003AF18163E081867
:202021001278D611200C79D6083803AF18053E081801784FFE07CAF620FE09CAF620FE05AF
:20204100CAF620D606CAF620F8192A4F463E0FF81596300EF8117EF81B77F8127EF81C77C1
:20206100180CF8137EF81B77F8147EF81C77F81B2A5F5678B7280BCB782803AF18563E07EF
:20208100185279CB37E60F6F2600196E260011F112194679E60F4F78D605200879D60838E9
:2020A10032AF183078D606200879D6083025AF182378D610200C79D6083003AF18163E08AD
:2020C100181278D611200C79D6083803AF18053E081801784FFE07280CFE092808FE05282B
:2020E10004D6062010F8182AC607477EE6F05F789338020E0079FE07280CFE092808FE058F
:202101002804D606201CF8162A666F3601F80C2A666FAF2277F81E2A5F56211000194D441B
:20212100AF02F80E2A5F561A4FF81E2A5F56210A00195D541AB72807F8112A5F7E18133E3C
:202141000EF815963007F8112A5F7E1805F8132A5F7EF81A732377060021070009545D7AD6
:20216100B728043E07185E7DF81C773ACB37E60F5F16003A6E67195D541A6F260011F11276
:20218100195EF81C7EE60F577BD60520087AD6083832AF18307BD60620087AD6083025AFD7
:2021A10018237BD610200C7AD6083003AF18163E0818127BD611200C7AD6083803AF180591
:2021C1003E0818017BFE07280CFE092808FE052804D606200CF8042A666F36013E01C3C683
:2021E10026210600095D7CF8027323327EF81977F8037EF81A773E06F815963E0017F81B96
:20220100777EB72807F8112A5F561805F8132A5F56F8197EF80077F81A7EF801777EB72898
:20222100043E07185CF8197EF81C777ECB37E60F6F2600193EF1866F3E12CE00675EF81C88
:202241007EE60F577BD60520087AD6083832AF18307BD60620087AD6083025AF18237BD615
:2022610010200C7AD6083003AF18163E0818127BD611200C7AD6083803AF18053E081801FD
:202281007B5FFE082818FE032814FE042810FE02280CFE012808FE102804D611201EC53EE1
:2022A10006F5337BF8215E2356CDD816C1B7280CF8042A666F36013E01C3C626F8027EF88D
:2022C1001977F8037EF81A773E09F815963E0017F81C777EB72807F8112A5F561805F8132D
:2022E1002A5F56F8197EF80277F81A7EF803777EB728043E071858F8192A777ECB37E60FBF
:202301006F2600196E260011F112195EF81A7EE60F577BD60520087AD6083832AF18307B61
:20232100D60620087AD6083025AF18237BD610200C7AD6083003AF18163E0818127BD6113A
:20234100200C7AD6083803AF18053E0818017B5FFE082818FE032814FE042810FE02280CC7
:20236100FE012808FE102804D611201EC53E09F5337BF8215E2356CDD816C1B7280CF804CC
:202381002A666F36013E01C3C626210900094D44F819792278227EB72807F8112A5F5618AA
:2023A10005F8132A5F56F8197EF80277F81A7EF803777EB728043E071859F8192A23777EC1
:2023C100CB37E60F6F2600196E260011F112195EF81B7EE60F577BD60520087AD60838321B
:2023E100AF18307BD60620087AD6083025AF18237BD610200C7AD6083003AF18163E08187C
:20240100127BD611200C7AD6083803AF18053E0818017B5FFE082818FE032814FE042810C6
:20242100FE02280CFE012808FE102804D611201EC53E06F5337BF8215E2356CDD816C1B70A
:20244100280CF8042A666F36013E01C3C626F81A792278227EB72806F8112A461804F813DD
:202461002A46F8182278222A7EB728043E07185BF81A3A47CB37E60F5F16003A6E67195D58
:20248100541A6F260011F112194E78E60F4779D605200878D6083832AF183079D606200859
:2024A10078D6083025AF182379D610200C78D6083003AF18163E08181279D611200C78D64B
:2024C100083803AF18053E081801794FFE082818FE032814FE042810FE02280CFE012808A5
:2024E100FE102804D611201C3E09F53379F81F5E2356CDD816B7280CF8042A666F36013E92
:2025010001C3C626F8162A5F561AB7287AAFF808B628742B2B2A5F561AB72022F80A2A5FD6
:20252100561AB7280501900518030170FAF80C2A666F792270F8162A666F36001849D602A0
:202541002045F81E2A5F56210F00194D440AB72036F80A2A5F3A571AD6013E00175E2366E6
:202561006B77B72805AF16FE1803AF1602F81B2272F80C2A5F56F81B2A12137E12F8162A3B
:20258100666F36003E0102AFF808B6200DF81E2A5F56210F00194D44AF02F8162A5F561AD5
:2025A100F81C77F81E2A5F56210C00194D44F81C7EB7CA4B26F8062A5F561AD602CA4B2635
:2025C100F81E2A5F56210B0019E57DF81B77E17CF81A322A5F561A6F260011B616197EF839
:2025E1001B77B7285F69602A666F111400195D5469607B22727BD6157ADE00DA872669606D
:202601002A66C6EB5F7CCEFF5769607B2272F8192A5F2A23571A327ED603381B237E3CF898
:20262100195E23666B77D618385CF8192A666F3600AF020302184FF81C7E3DF8195E23660B
:202641006B771842AF020302183C69602A666F110A00195D5469607B22727BD6157ADE00F0
:20266100382469602A6EC6EB5F7DCEFF577B02037A02F81E2A5F56210B00194D440A3C02DC
:20268100D6183802AF02F80E2A5F561AF8244E2346CB21CB10CB21CB10CB21CB10CB21CB82
:2026A100105F16007993789A300BF8042A666F36013E011810F81E2A5F56210E00194D44D4
:0B26C100F81D7E02AFE820E1E804E90C
:013BB0000014
:2026CC00E8EA4FF813732372F090F8007779B7CACE28F8143AB6CACE2879E0902100207184
:2026EC00F81A2A4F4621500009E57DF81377E17CF81277F8153600F8157ED6103016F811BE
:20270C002A5F56F8156E2600195D541AB72805F8153418E3F80179227021100009E57DF891
:20272C000577E17CF8047721300009E57DF80777E17CF80677F8117EF80777F8127EF808B8
:20274C007721600009E57DF80B77E17CF80A77F81C7EF80B77F81D7EF80C322A5F2A571AC1
:20276C0022131A322A4F466960292909E57DF81177E17CF810322A5F56F8132A666F194D21
:20278C004459501AF81122131A322A4F4679A03CCAC528F8182A4F4621B000094D44F8118E
:2027AC002A5F567993789ADAC528213000194D44F818799623789E3010F80D2A4F4603F8F7
:2027CC000B2A666F7922701886F80F2A5F56F8132A666F194D44210400094EFAA0C0D611E3
:2027EC00281E79FE263819FE643804D6C03811F80D2A4F4603F80B2A666F792270C35B2703
:20280C00F8157ED608381A79FE263815D6643011F80D2A4F4603F80B2A666F792270C35B9A
:20282C0027F8157ED610D2C528F8012A5F56F8156E2600195D547912F8157E875FD516000B
:20284C00F8052A666F19D14D44F8112A02037E021600F8052A666F19E57DF81377E17CF8D9
:20286C001277F80B2A5F561A4F131A4769602929094D44F8132A666F0923232A4F46F8112E
:20288C002A666F792270F8072A5F56F8156E2600193601F8092A5F56F8156E2600194D4428
:2028AC00AF02F81534F80B2A5F561A4F131A47033A6E67792270C35B27F8007EE0907EEAAB
:0828CC000020E816E1E808E92C
:20800000E8F8014640F80E5ECBBBAF6B67292929094D445950C5D5AF3CF5CD3E36E804E148
:208020002A4F463333C5F8023EF7223E23223EA7223E1622AF227721000039E5210101E576
:20804000CD3E36E80CC91F001B000F0007003F003B000F0007005F005B002F0007009F00B3
:208060007B004F002700BF00BB004F002700FF00DB006F0027001F01FB008F0047005F015E
:208080003B01AF0047007F015B01AF004700BF017B01CF006700DF01BB01EF006700FF0178
:2080A000DB01EF0067003F02FB010F0187005F023B022F0187009F025B024F01A700BF02AF
:2080C0007B024F01A700FF029B026F01A7001F03DB028F01C7005F03FB02AF01C7007F03C9
:2080E0001B03AF01C700BF035B03CF01E700DF037B03EF01E700FE037B03EF01E700FC0388
:208100007903EE01E700FB037803ED01E600F9037703EC01E600F8037503EC01E600F60338
:208120007403EB01E500F5037303EA01E500F3037103E901E400F2037003E901E400F00358
:208140006F03E801E400EF036D03E701E300EE036C03E701E300EC036B03E601E300EB0373
:208160006A03E501E200E9036803E401E200E8036703E401E200E6036603E301E100E50391
:208180006403E201E100E3036303E101E000E2036203E101E000E0036003E001E000E003B0
:2081A0006003E001E000E0076007E001E000E00F600FE005E000E0136013E009E004E01B3B
:2081C0006017E00DE004E01F601BE00DE004E0276023E011E008E02B6027E015E008E03327
:2081E000602BE019E00CE0376033E019E00CE03F6037E01DE00CE043603BE021E010E0470B
:208200006043E021E010E04F6047E025E010E053604BE029E014E05B6053E02DE014E05FF6
:208220006057E02DE014E067605BE031E018E06B605FE035E018E0736067E039E01CE077DE
:20824000606BE039E01CE07F606FE03DE01CA07F406FC03DE01C807F206FC03DE01C407FEA
:20826000E06EA03DC01C207FC06E803DC01CE07EA06E603DA01CC07E806E603DA01C807E49
:20828000406E403DA01C607E206E203D801C207E006E003D801C007EC06D003D801CE07DCC
:2082A000A06DE03C601CA07D806DC03C601C807D406DC03C601C407D206DA03C401C207D56
:2082C000006D803C401CE07CC06C603C201CC07CA06C603C201C807C806C403C201C607C1D
:2082E000606C203C001C207C206C003C001C007C006C003C001C007C006C003C001C027CBC
:20830000026C013C001C037C036C013C001C057C046C023C011C067C066C033C011C087C2F
:20832000076C043C021C097C086C043C021C0B7C0A6C053C021C0C7C0B6C063C031C0E7CCF
:208340000C6C073C031C0F7C0D6C073C031C107C0F6C083C041C127C106C093C041C137C74
:20836000116C093C041C157C136C0A3C051C167C146C0B3C051C187C156C0C3C061C197C16
:20838000176C0C3C061C1B7C186C0D3C061C1C7C196C0E3C071C1E7C1B6C0F3C071C1F78BA
:2083A0001B6C0F3C071C1F741B680F38071C1F6C1B600F3407181F681B5C0F3407181F6001
:2083C0001B580F3007181F5C1B500F2C07141F541B4C0F2807141F501B480F2807141F48D9
:2083E0001B440F2407101F441B3C0F2007101F3C1B380F1C070C1F381B340F1C070C1F34B1
:208400001B2C0F18070C1F2C1B280F1407081F281B240F1407081F201B1C0F1007081F1C84
:208420001B180F0C07041F141B140F0807041F101B0C0F0807041F081B080F0407001F0460
:068440001B040F00070001
:020000040002F8
:20B0D8000F0F080F3B3F3B2E3B2E3B2F786F3F2F3F302F3FE2FFE2BFE2BFE2FF273F383861
:20B0F800F0F010F0D0F0D070D070D0F010F0F0F0F800FCFC8AFE89FF89FF8AFEFCFC000070
:0EB11800FFFF080000080A0080000000187108
:020000040000FA
:2028D400E8EE1EDD21A641CDE339CD5438AF672E20E53E20F533AF0FF5CD9139E805F800CB
:2028F4004D44AF02F801AF2222AF2222AF2222AF2222AF2222AF2222AF22223600C5AF3CFE
:20291400F5CD1239E8041E0A210A5DCDE339AFE043AFE0421E0A21905DCDE339F040F60128
:20293400E0401EDD21A641CDE339F040F680E0403E02F5331EDD214B46CDE33933FA38C38B
:20295400B728081E0A21905DCDE339CDB339CB5728122139C37EB72806352138C33601CD73
:20297400A3391870CB5F2838FAA405F81022AF322A4F460BFA39C36F260058547D917C9884
:20299400CB7B2807CB7A2008BF1805CB7A28013730092139C3342138C33601CDA3391834EE
:2029B400CB672826CDA339AFEA37C3E00711800CD51100403EDCCD022E3E02F5331EDD2102
:1D29D400E945CDE339333E021810CB6F2806CDA339AF1806CDBD01C35129E812C9CB
:063BC700AF21B5C2227718
:2029F100F045D610200AFA3EC3E0433E78E045C9FA3FC3E0433EFFE045C93B3BCD54383E68
:202A1100E4E0473EE4E0483ED2E049FAA0C0D611200CAFF5331E02210040CDE33933F090B6
:202A31004F3E14E090EA0020110040D5210080E5CD1239E8043E15E090EA0020110040D5C7
:202A5100211C57E5CD1239E804117049D5217309E5CD1239E804AF672E20E53E20F533AF45
:202A71000FF5CD9139E805117045D521201CE5210002E5CDDE3AE80611004AD5212003E5AC
:202A910021000FE5CDDE3AE8063E64E090EA0020110040D5218028E5CD1239E80479E09060
:202AB10021002071F8013600F8017ED614301F3A772AC680F5331E007ECD5B37F8002AC648
:202AD10094F5331E017ECD5B37F8013418DAFAA0C0D61120283E01E04FAF672E20E53E2070
:202AF100F533AF0FF5CD9139E805210201E53E14F533AF0FF5CD9139E805AFE04F11E114C8
:202B1100D5210010E5CD1A39E804FAA0C0D611204D11532DD5211002E5CD1A39E8041173F1
:202B31002DD5211202E5CD1A39E80411932DD5211402E5CD1A39E80411B32DD5AF3CF5CD1B
:202B51003936E80411BB2DD5210101E5CD3936E80411C32DD5210201E5CD3936E804F040D4
:202B7100F604E0402102C0AF322B3E442236482103C036002106C03E02322B3E5422364849
:202B91002107C03600210AC03E04322B3E44223650210BC03600210EC03E06322B3E5422EC
:202BB1003650210FC036002112C03E08322B3E442236582113C036002116C03E0A322B3E8C
:202BD100542236582117C03600211AC03E0C322B3E44223660211BC03600211EC03E0E3227
:202BF1002B3E54223660211FC03600FAA0C0D61120572122C03E10322B3E4C223654212339
:202C1100C036012126C03E12322B3E4822364C2127C03602212AC03E12322B3E4822365D9B
:202C3100212BC03602212EC03E14322B3E5422364C212FC036022132C03E14322B3E54228D
:202C5100365D2133C0360218150E0879D60D300E1100C069AF6729291936000C18EDAFEA0C
:202C71003EC3213FC3773E00E0433E00E042F311F129CD7939F041F640E0413E10E0453E11
:202C910007CDCC00FBF040F601E040F040F602E040F040F680E040CDBD01AFE043AFE04205
:202CB1003E10E045CDB339E690283BCDA339F311F129CD7F39F041E6BFE041AFE043AFE05A
:202CD100423E05CDCC00F040E6FDE0400E0079D60D300E1100C069AF6729291936000C18D5
:202CF100EDFB3E01185921B5C23420022334FAB5C24F21B6C246CB412007FA3EC33CEA3EB5
:202D1100C3FA3FC3C603EA3FC321A0C07ED611208679E60FC2A82CFAB5C24721B6C24ECB34
:202D310039CB18CB39CB18CB39CB18CB39CB18CBB8C5331E02210040CDE33933C3A82C33CF
:202D510033C9FF00FF00FF00FF00FF00FF00FF00FF00FF00FF00FF00FF00FF00FF00FF0075
:202D7100FF0000007C007C007C007C007C00000000000000000000000000000000000000D7
:202D910000000000000000000000000000007C007C007C007C007C000000000000000000B6
:1A2DB1000000FF7FD10F230A0000FF7FDF035F039B02FF7FC07F807E406DB6
:023BB100000012
:202DCB00FA39C3F5331E0A21965ECDE339333E80E0263EFFE0253E77E0243EB0F5333E015D
:172DEB00110F4ACDB509213AC336013E04E0072137C336013E01C904
:020000040005F5
:200000000000000000000000000000000000000000000000000000000000000000000000E0
:200020000000000000000000000000000000000000000000000000000000000000000000C0
:200040000000000000000000000000000000000000000000000000000000000000000000A0
:20006000000000000000000000000000000000000000000000000000000000000000000080
:20008000000000000000000000000000000000000000000000000000000000000000000060
:2000A000000000000000000000000000000000000000000000000000000000000000000040
:2000C00000000000000000000000000000000000FFFF601F300F18070F000700030000002C
:2000E000FFFF00FF00FFE01FF10EFF001F000E00FFFF02FC04F8C830F000C000000000003A
:20010000FF81D5AB427E427E243C243C1818181800FF00FF005B00120010000000000000C4
:2001200000FF00FF00EE00E4004000400000000000C000E000F000E000C000F000FC00F063
:20014000030300070003001F00070003000F0007FFFF0AF50AF50AF50AF50AF50AF50AF559
:20016000FFFFAA55AA55AA55AA55AA55AA55AA55000000000000000040404040E0E0E0E008
:20018000D5D555557D7D7F7F3B3B3B3B11111111555555555555FFFFFEFEFEFEF4F4F4F41F
:2001A000FFFFFFFFFFFFFFFFFFFFFFFFFFFFFFFF0000030007000F001807300F601FFFFF5B
:2001C0000E001F00FF00F10EE01F00FF00FFFFFF00000000C000F000C83004F802FCFFFF59
:2001E00018181818243C243C427E427ED5ABFF8100000000000200020027007700FF00FFBF
:200200000000000000000008004800DA00FF00FF00E000F000C000E000F800C000E000C0EE
:20022000000F003F000F00030007000F000700030AF50AF50AF50AF50AF50AF50AF50AF546
:20024000AA55AA55AA55AA55AA55AA55AA55AA55111111113B3B3B3B7F7F7D7D5555D5D52A
:20026000F4F4F4F4FEFEFEFEFFFF555555555555E0E0E0E04040404000000000000000003A
:20028000FFFF80FF80FF80FFAAD5AAD5AAD5FF80FFFF01FF01FF01FFAB55AB55AB55FF01E9
:2002A0000101010102030203040704070A0D0A0D8080808040C040C020E020E0B050B050EC
:2002C000FFFF808040406A402A202A201F101F10FFFF01010202AA02AC04AC04F808F808F4
:2002E000C0C0B0B09C8C978397809780978097800000000000000000C0C070B04CBC43BFD6
:20030000000000000000000003030E0D323DC2FD03030D0D3931E9C1E901E901E901E901B2
:200320000AF50AF50AF500FF00FF00FF00FFFFFFAA55AA55AA5500FF00FF00FF00FFFFFFCF
:20034000FFFF55403F300D0A0607010100000000FFFF5602FC0C50B060E0808000000000D7
:200360008080C0C0A0A0A0A0B090A898A898A49C01010303050505050D0915191519253991
:20038000FF80FF80D580D580D58080808080FFFFFF01FF0155015501550101010101FFFF5E
:2003A0001F101F102A202A206A4040408080FFFFF808F808AC04AC04AA0202020101FFFF13
:2003C0000A0D0A0D040704070203020301010101B050B05020E020E040C040C080808080CB
:2003E000978097809780978097839C8CB0B0C0C043BF4CBC70B0C0C00000000000000000D5
:20040000C2FD323D0E0D03030000000000000000E901E901E901E901E9C139310D0D0303B1
:20042000FFFF80FF80FFD5AAFF80D5808080FFFFFFFF01FF01FF55ABFF0155010101FFFF1B
:2004400000000000010106070D0A3F305540FFFF00000000808060E050B0FC0C5602FFFFD6
:20046000A49CA898A898B090A0A0A0A0C0C080802539151915190D09050505050303010190
:20048000FFFF80FB80FB80FB80FB808083F883F8FFFF01DF01DF01DF01DF0101C11FC11F3C
:2004A00083F883F883F883F883F8808083F883F8C11FC11FC11FC11FC11F0101C11FC11FBD
:2004C000FFFF00FB00FB00FB00FB0000FB00FB00FFFF00DF00DF00DF00DF0000DF00DF0004
:2004E000FB00FB00FB00FB00FB000000FB00FB00DF00DF00DF00DF00DF000000DF00DF0006
:2005000080FB00FB00FB00FB00FB000003F803F801DF00DF00DF00DF00DF0000C01FC01F64
:2005200000000000000000000000030307070F0F000018183C3C7E7E7F7F7F7FFFFFFFFFED
:2005400000FF00FF00F900F05555D5D57D7D2F2F00FF00FF00F900F054545555F5F5FDFDEB
:2005600000FF00FF00F900F02A2AAAAAAFAFBFBF00FF00FF00F900F0AAAAABABBEBEF4F41B
:2005800083F883F8808080FB80FB80FB80FBFFFFC11FC11F010101DF01DF01DF01DFFFFF3B
:2005A00083F883F8808083F883F883F883F883F8C11FC11F0101C11FC11FC11FC11FC11FBC
:2005C000FB00FB00000000FB00FB00FB00FBFFFFDF00DF00000000DF00DF00DF00DFFFFF03
:2005E000FB00FB000000FB00FB00FB00FB00FB00DF00DF000000DF00DF00DF00DF00DF0005
:2006000003F803F8000000FB00FB00FB00FB80FBC01FC01F000000DF00DF00DF00DF00DF64
:200620002F2F7D7DD5D55555000F009F00FF00FFFDFDF5F555555454000F009F00FF00FF80
:200640000F0F0707030300000000000000000000FFFFFFFF7F7F7F7F7E7E3C3C18180000CC
:20066000FFFFFFFFFEFEFEFE7E7E3C3C18180000F0F0E0E0C0C000000000000000000000C2
:20068000C0CFA0A3A0BFB093A09FA899A09FA49D000000C000F000C0000000C000F000FCCA
:2006A00000000003000F000300000003000F003F03F305C505FD0DC905F9159905F925B9B4
:2006C000FFFF55403F300D1A02D70055007D007FFFFF5602FC0C50B420F580D5005500FFA7
:2006E00080009818BC3CFE7EFEFEFEFEFFFFFFFF00000000000000000000C0C0E0E0F0F042
:20070000000000000101030307070F0F1F1F3F3F000000008080C0C0E0E0F0F0F8F8FCFCE1
:20072000000000000000000000F000F900FF00FF0000000000000000010107070F0F1F1F66
:20074000A09FA899B09FA0A1A0BFC0C1C0CF808000FF00FC00F000C000F000C000000000BF
:2007600000FF003F000F0003000F00030000000005F915990DF9018101F9038301F1000071
:20078000007F007D005502D70D1A3F305540FFFF00FF005580D520F550B4FC0C5602FFFFE6
:2007A000BFBFAFAFAAAAAA2A00F000F900FF00FFF4F4BEBEABABAAAA00F000F900FF00FF59
:2007C0003F3F1F1F0F0F07070303010100000000FCFCF8F8F0F0E0E0C0C080800000000021
:2007E00000FF00FF00F900F000000000000000000000000000000000C0C0F0F0F8F8FCFCCA
:200800001F1F0F0F070701010000000000000000FCFCF8F8F0F0C0C0000000000000000024
:20082000070718182020414147468F888F889F90E0E0181804048282E262F111F111F90988
:20084000000000000000000003031F1C7F60FF800000000000000000C0C0F838FE06FF0145
:200860009F908F888F8847464141202018180707F909F111F111E262828204041818E0E048
:20088000FF807F601F1C03030000000000000000FF01FE06F838C0C0000000000000000005
:2008A000FFFF95EA95EA85FA85FA81FE81FE80FFFFFF57A957A95FA15FA17F817F81FF01C3
:2008C000D5AA95EA95EA85FA85FA81FE81FE80FF55AB57A957A95FA15FA17F817F81FF0120
:2008E000FFFF15EA15EA05FA05FA01FE01FE00FFFFFF57A857A85FA05FA07F807F80FF000A
:2009000055AA15EA15EA05FA05FA01FE01FE00FF55AA57A857A85FA05FA07F807F80FF00E7
:2009200055AB57A857A85FA05FA07F807F80FF0080FF80FE80FC80F880F080E080C0FFFFBF
:20094000FF017F013F011F010F0107010301FFFF80FF80FE80FC80F880F080E080C080809C
:20096000FF017F013F011F010F0107010301010100FF00FE00FC00F800F000E000C0FFFFFA
:20098000FF007F003F001F000F0007000300FFFF00FF00FE00FC00F800F000E000C0008063
:2009A000FF007F003F001F000F0007000300010000FF00FE00FC00F800F000E000C08080C0
:2009C000000000000000000000000000000000000000000000000000000000000000000017
:2009E0000000000000000000000000000000000000000000000000000000000000000000F7
:200A00000000000000000000000000000000000000000000000000000000000000000000D6
:200A20000000000000000000000000000000000000000000000000000000000000000000B6
:200A4000000000000000000000000000000000000000000000000000000000000000000096
:200A6000000000000000000000000000000000000000000000000000000000000000000076
:200A8000000000000000000000000000000000000000000000000000000000000000000056
:200AA000000000000000000000000000000000000000000000000000000000000000000036
:200AC000000000000000000000000000000000000000000000000000000000000000000016
:200AE0000000000000000000000000000000000000000000000000000000000000000000F6
:200B00000000000000000000000000000000000000000000000000000000000000000000D5
:200B20000000000000000000000000000000000000000000000000000000000000000000B5
:200B4000000000000000000000000000000000000000000000000000000000000000000095
:200B6000000000000000000000000000000000000000000000000000000000000000000075
:200B8000000000000000000000000000000000000000000000000000000000000000000055
:200BA000000000000000000000000000000000000000000000000000000000000000000035
:200BC000000000000000000000000000000000000000000000000000000000000000000015
:200BE0000000000000000000000000000000000000000000000000000000000000000000F5
:200C00000000000000000000000000000000000000000000000000000000000000000000D4
:200C20000000000000000000000000000000000000000000000000000000000000000000B4
:200C4000000000000000000000000000000000000000000000000000000000000000000094
:200C6000000000000000000000000000000000000000000000000000000000000000000074
:200C8000000000000000000000000000000000000000000000000000000000000000000054
:200CA000000000000000000000000000000000000000000000000000000000000000000034
:200CC000000000000000000000000000000000000000000000000000000000000000000014
:200CE0000000000000000000000000000000000000000000000000000000000000000000F4
:200D00000000000000000000000000000000000000000000000000000000000000000000D3
:200D20000000000000000000000000000000000000000000000000000000000000000000B3
:200D4000000000000000000000000000000000000000000000000000000000000000000093
:200D6000000000000000000000000000000000000000000000000000000000000000000073
:200D8000000000000000000000000000000000000000000000000000000000000000000053
:200DA000000000000000000000000000000000000000000000000000000000000000000033
:200DC000000000000000000000000000000000000000000000000000000000000000000013
:200DE0000000000000000000000000000000000000000000000000000000000000000000F3
:200E00000000000000000000000000000000000000000000000000000000000000000000D2
:200E20000000000000000000000000000000000000000000000000000000000000000000B2
:200E4000000000000000000000000000000000000000000000000000000000000000000092
:200E6000000000000000000000000000000000000000000000000000000000000000000072
:200E8000000000000000000000000000000000000000000000000000000000000000000052
:200EA000000000000000000000000000000000000000000000000000000000000000000032
:200EC000000000000000000000000000000000000000000000000000000000000000000012
:200EE0000000000000000000000000000000000000000000000000000000000000000000F2
:200F00000000000000000000000000000000000000000000000000000000000000000000D1
:200F20000000000000000000000000000000000000000000000000000000000000000000B1
:200F4000000000000000000000000000000000000000000000000000000000000000000091
:200F6000000000000000000000000000000000000000000000000000000000000000000071
:200F8000000000000000000000000000000000000000000000000000000000000000000051
:200FA000000000000000000000000000000000000000000000000000000000000000000031
:200FC000000000000000000000000000000000000000000000000000000000000000000011
:200FE0000000000000000000000000000000000000000000000000000000000000000000F1
:201000000000000000000000000000000000000000000000000000000000000000000000D0
:201020000000000000000000000000000000000000000000000000000000000000000000B0
:20104000000000000000000000000000000000000000000000000000000000000000000090
:20106000000000000000000000000000000000000000000000000000000000000000000070
:20108000000000000000000000000000000000000000000000000000000000000000000050
:2010A000000000000000000000000000000000000000000000000000000000000000000030
:2010C00000000000000000000000000000000000FFFF06F80CF018E0F000E000C000000090
:2010E000FFFF00FF00FF07F88F70FF00F8007000FFFF403F201F130C0F00030000000000A2
:20110000FF81ABD5427E427E243C243C1818181800FF00FF00DA0048000800000000000007
:2011200000FF00FF00770027000200020000000000030007000F00070003000F003F000F8F
:20114000C0C000E000C000F800E000C000F000E0FFFF50AF50AF50AF50AF50AF50AF50AF10
:20116000FFFF55AA55AA55AA55AA55AA55AA55AA0000000000000000020202020707070754
:20118000ABABAAAABEBEFEFEDCDCDCDC88888888AAAAAAAAAAAAFFFF7F7F7F7F2F2F2F2FEB
:2011A000FFFFFFFFFFFFFFFFFFFFFFFFFFFFFFFF0000C000E000F00018E00CF006F8FFFFBF
:2011C0007000F800FF008F7007F800FF00FFFFFF0000000003000F00130C201F403FFFFFC1
:2011E00018181818243C243C427E427EABD5FF81000000000040004000E400EE00FF00FFFF
:2012000000000000000000100012005B00FF00FF0007000F00030007001F00030007000307
:2012200000F000FC00F000C000E000F000E000C050AF50AF50AF50AF50AF50AF50AF50AFAA
:2012400055AA55AA55AA55AA55AA55AA55AA55AA88888888DCDCDCDCFEFEBEBEAAAAABABE4
:201260002F2F2F2F7F7F7F7FFFFFAAAAAAAAAAAA0707070702020202000000000000000098
:20128000FFFF01FF01FF01FF55AB55AB55ABFF01FFFF80FF80FF80FFD5AAD5AAD5AAFF80D9
:2012A0008080808040C040C020E020E050B050B00101010102030203040704070D0A0D0ADC
:2012C000FFFF01010202560254045404F808F808FFFF808040405540352035201F101F10E7
:2012E00003030D0D3931E9C1E901E901E901E901000000000000000003030E0D323DC2FDC3
:201300000000000000000000C0C070B04CBC43BFC0C0B0B09C8C97839780978097809780A5
:2013200050AF50AF50AF00FF00FF00FF00FFFFFF55AA55AA55AA00FF00FF00FF00FFFFFFBF
:20134000FFFFAA02FC0CB05060E0808000000000FFFF6A403F300A0D06070101000000005E
:2013600001010303050505050D091519151925398080C0C0A0A0A0A0B090A898A898A49C81
:20138000FF01FF01AB01AB01AB0101010101FFFFFF80FF80AA80AA80AA8080808080FFFFCD
:2013A000F808F80854045404560202020101FFFF1F101F1035203520554040408080FFFF06
:2013C00050B050B020E020E040C040C0808080800D0A0D0A040704070203020301010101BB
:2013E000E901E901E901E901E9C139310D0D0303C2FD323D0E0D03030000000000000000C2
:2014000043BF4CBC70B0C0C00000000000000000978097809780978097839C8CB0B0C0C0A4
:20142000FFFF01FF01FFAB55FF01AB010101FFFFFFFF80FF80FFAAD5FF80AA808080FFFFE0
:2014400000000000808060E0B050FC0CAA02FFFF00000000010106070A0D3F306A40FFFF5D
:201460002539151915190D090505050503030101A49CA898A898B090A0A0A0A0C0C0808080
:20148000FFFF01DF01DF01DF01DF0101C11FC11FFFFF80FB80FB80FB80FB808083F883F82C
:2014A000C11FC11FC11FC11FC11F0101C11FC11F83F883F883F883F883F8808083F883F8AD
:2014C000FFFF00DF00DF00DF00DF0000DF00DF00FFFF00FB00FB00FB00FB0000FB00FB00F4
:2014E000DF00DF00DF00DF00DF000000DF00DF00FB00FB00FB00FB00FB000000FB00FB00F6
:2015000001DF00DF00DF00DF00DF0000C01FC01F80FB00FB00FB00FB00FB000003F803F854
:2015200000000000000000000000C0C0E0E0F0F0000018183C3C7E7EFEFEFEFEFFFFFFFFF3
:2015400000FF00FF009F000FAAAAABABBEBEF4F400FF00FF009F000F2A2AAAAAAFAFBFBFA1
:2015600000FF00FF009F000F54545555F5F5FDFD00FF00FF009F000F5555D5D57D7D2F2F31
:20158000C11FC11F010101DF01DF01DF01DFFFFF83F883F8808080FB80FB80FB80FBFFFF2B
:2015A000C11FC11F0101C11FC11FC11FC11FC11F83F883F8808083F883F883F883F883F8AC
:2015C000DF00DF00000000DF00DF00DF00DFFFFFFB00FB00000000FB00FB00FB00FBFFFFF3
:2015E000DF00DF000000DF00DF00DF00DF00DF00FB00FB000000FB00FB00FB00FB00FB00F5
:20160000C01FC01F000000DF00DF00DF00DF01DF03F803F8000000FB00FB00FB00FB00FBD3
:20162000F4F4BEBEABABAAAA00F000F900FF00FFBFBFAFAFAAAA2A2A00F000F900FF00FF4A
:20164000F0F0E0E0C0C000000000000000000000FFFFFFFFFEFEFEFE7E7E3C3C18180000D2
:20166000FFFFFFFF7F7F7F7F7E7E3C3C181800000F0F07070303000000000000000000009C
:2016800003F305C505FD0DC905F9159905F925B900000003000F000300000003000F003FC4
:2016A000000000C000F000C0000000C000F000FCC0CFA0A3A0BFB093A09FA899A09FA49D9A
:2016C000FFFFAA02FC0CB05840EB00AA00BE00FEFFFF6A403F300A2D04AF01AB00AA00FF69
:2016E000010019183D3C7F7E7F7F7F7FFFFFFFFF00000000000000000000030307070F0F18
:20170000000000008080C0C0E0E0F0F0F8F8FCFC000000000101030307070F0F1F1F3F3FD1
:201720000000000000000000000F009F00FF00FF00000000000000008080E0E0F0F0F8F86D
:2017400005F915990DF9058505FD038303F3010100FF003F000F0003000F0003000000006B
:2017600000FF00FC00F000C000F000C000000000A09FA899B09F8081809FC0C1808F00008F
:2017800000FE00BE00AA40EBB058FC0CAA02FFFF00FF00AA01AB04AF0A2D3F306A40FFFFA8
:2017A000FDFDF5F555555554000F009F00FF00FF2F2F7D7DD5D55555000F009F00FF00FFEE
:2017C000FCFCF8F8F0F0E0E0C0C08080000000003F3F1F1F0F0F0707030301010000000011
:2017E00000FF00FF009F000F0000000000000000000000000000000003030F0F1F1F3F3F5D
:20180000F8F8F0F0E0E0808000000000000000003F3F1F1F0F0F0303000000000000000058
:20182000E0E0181804048282E262F111F111F909070718182020414147468F888F889F9078
:201840000000000000000000C0C0F838FE06FF01000000000000000003031F1C7F60FF8035
:20186000F909F111F111E262828204041818E0E09F908F888F884746414120201818070738
:20188000FF01FE06F838C0C00000000000000000FF807F601F1C03030000000000000000F5
:2018A000FFFFA957A957A15FA15F817F817F01FFFFFFEA95EA95FA85FA85FE81FE81FF80B3
:2018C000AB55A957A957A15FA15F817F817F01FFAAD5EA95EA95FA85FA85FE81FE81FF8010
:2018E000FFFFA857A857A05FA05F807F807F00FFFFFFEA15EA15FA05FA05FE01FE01FF00FA
:20190000AA55A857A857A05FA05F807F807F00FFAA55EA15EA15FA05FA05FE01FE01FF00D7
:20192000AAD5EA15EA15FA05FA05FE01FE01FF0001FF017F013F011F010F01070103FFFF35
:20194000FF80FE80FC80F880F080E080C080FFFF01FF017F013F011F010F0107010301018A
:20196000FF80FE80FC80F880F080E080C080808000FF007F003F001F000F00070003FFFF73
:20198000FF00FE00FC00F800F000E000C000FFFF00FF007F003F001F000F000700030001D2
:2019A000FF00FE00FC00F800F000E000C000800000FF007F003F001F000F0007000301012F
:2019C000000000000000000000000000000000000000000000000000000000000000000007
:2019E0000000000000000000000000000000000000000000000000000000000000000000E7
:201A00000000000000000000000000000000000000000000000000000000000000000000C6
:201A20000000000000000000000000000000000000000000000000000000000000000000A6
:201A4000000000000000000000000000000000000000000000000000000000000000000086
:201A6000000000000000000000000000000000000000000000000000000000000000000066
:201A8000000000000000000000000000000000000000000000000000000000000000000046
:201AA000000000000000000000000000000000000000000000000000000000000000000026
:201AC000000000000000000000000000000000000000000000000000000000000000000006
:201AE0000000000000000000000000000000000000000000000000000000000000000000E6
:201B00000000000000000000000000000000000000000000000000000000000000000000C5
:201B20000000000000000000000000000000000000000000000000000000000000000000A5
:201B4000000000000000000000000000000000000000000000000000000000000000000085
:201B6000000000000000000000000000000000000000000000000000000000000000000065
:201B8000000000000000000000000000000000000000000000000000000000000000000045
:201BA000000000000000000000000000000000000000000000000000000000000000000025
:201BC000000000000000000000000000000000000000000000000000000000000000000005
:201BE0000000000000000000000000000000000000000000000000000000000000000000E5
:201C00000000000000000000000000000000000000000000000000000000000000000000C4
:201C20000000000000000000000000000000000000000000000000000000000000000000A4
:201C4000000000000000000000000000000000000000000000000000000000000000000084
:201C6000000000000000000000000000000000000000000000000000000000000000000064
:201C8000000000000000000000000000000000000000000000000000000000000000000044
:201CA000000000000000000000000000000000000000000000000000000000000000000024
:201CC000000000000000000000000000000000000000000000000000000000000000000004
:201CE0000000000000000000000000000000000000000000000000000000000000000000E4
:201D00000000000000000000000000000000000000000000000000000000000000000000C3
:201D20000000000000000000000000000000000000000000000000000000000000000000A3
:201D4000000000000000000000000000000000000000000000000000000000000000000083
:201D6000000000000000000000000000000000000000000000000000000000000000000063
:201D8000000000000000000000000000000000000000000000000000000000000000000043
:201DA000000000000000000000000000000000000000000000000000000000000000000023
:201DC000000000000000000000000000000000000000000000000000000000000000000003
:201DE0000000000000000000000000000000000000000000000000000000000000000000E3
:201E00000000000000000000000000000000000000000000000000000000000000000000C2
:201E20000000000000000000000000000000000000000000000000000000000000000000A2
:201E4000000000000000000000000000000000000000000000000000000000000000000082
:201E6000000000000000000000000000000000000000000000000000000000000000000062
:201E8000000000000000000000000000000000000000000000000000000000000000000042
:201EA000000000000000000000000000000000000000000000000000000000000000000022
:201EC000000000000000000000000000000000000000000000000000000000000000000002
:201EE0000000000000000000000000000000000000000000000000000000000000000000E2
:201F00000000000000000000000000000000000000000000000000000000000000000000C1
:201F20000000000000000000000000000000000000000000000000000000000000000000A1
:201F4000000000000000000000000000000000000000000000000000000000000000000081
:201F6000000000000000000000000000000000000000000000000000000000000000000061
:201F8000000000000000000000000000000000000000000000000000000000000000000041
:201FA000000000000000000000000000000000000000000000000000000000000000000021
:201FC000000000000000000000000000000000000000000000000000000000000000000001
:201FE0000000000000000000000000000000000000000000000000000000000000000000E1
:202000000000000000000000000000000000000000000000000000000000000000000000C0
:202020000000000000000000000000000000000000000000000000000000000000000000A0
:20204000000000000000000000000000000000000000000000000000000000000000000080
:20206000000000000000000000000000000000000000000000000000000000000000000060
:20208000000000000000000000000000000000000000000000000000000000000000000040
:2020A000000000000000000000000000000000000000000000000000000000000000000020
:2020C00000000000000000000000000000000000FFFF601F300F18070F000700030000000C
:2020E000FFFF00FF00FFE01FF10EFF001F000E00FFFF02FC04F8C830F000C000000000001A
:20210000FF81D5AB427E427E243C243C1818181800FF00FF005B00120010000000000000A4
:2021200000FF00FF00EE00E4004000400000000000C000E000F000E000C000F000FC00F043
:20214000030300070003001F00070003000F0007FFFF0AF50AF50AF50AF50AF50AF50AF539
:20216000FFFFAA55AA55AA55AA55AA55AA55AA55000000000000000040404040E0E0E0E0E8
:20218000D5D555557D7D7F7F3B3B3B3B11111111555555555555FFFFFEFEFEFEF4F4F4F4FF
:2021A000FFFFFFFFFFFFFFFFFFFFFFFFFFFFFFFF0000030007000F001807300F601FFFFF3B
:2021C0000E001F00FF00F10EE01F00FF00FFFFFF00000000C000F000C83004F802FCFFFF39
:2021E00018181818243C243C427E427ED5ABFF8100000000000200020027007700FF00FF9F
:202200000000000000000008004800DA00FF00FF00E000F000C000E000F800C000E000C0CE
:20222000000F003F000F00030007000F000700030AF50AF50AF50AF50AF50AF50AF50AF526
:20224000AA55AA55AA55AA55AA55AA55AA55AA55111111113B3B3B3B7F7F7D7D5555D5D50A
:20226000F4F4F4F4FEFEFEFEFFFF555555555555E0E0E0E04040404000000000000000001A
:20228000FFFF80FF80FF80FFAAD5AAD5AAD5FF80FFFF01FF01FF01FFAB55AB55AB55FF01C9
:2022A0000101010102030203040704070A0D0A0D8080808040C040C020E020E0B050B050CC
:2022C000FFFF808040406A402A202A201F101F10FFFF01010202AA02AC04AC04F808F808D4
:2022E000C0C0B0B09C8C978397809780978097800000000000000000C0C070B04CBC43BFB6
:20230000000000000000000003030E0D323DC2FD03030D0D3931E9C1E901E901E901E90192
:202320000AF50AF50AF500FF00FF00FF00FFFFFFAA55AA55AA5500FF00FF00FF00FFFFFFAF
:20234000FFFF55403F300D0A0607010100000000FFFF5602FC0C50B060E0808000000000B7
:202360008080C0C0A0A0A0A0B090A898A898A49C01010303050505050D0915191519253971
:20238000FF80FF80D580D580D58080808080FFFFFF01FF0155015501550101010101FFFF3E
:2023A0001F101F102A202A206A4040408080FFFFF808F808AC04AC04AA0202020101FFFFF3
:2023C0000A0D0A0D040704070203020301010101B050B05020E020E040C040C080808080AB
:2023E000978097809780978097839C8CB0B0C0C043BF4CBC70B0C0C00000000000000000B5
:20240000C2FD323D0E0D03030000000000000000E901E901E901E901E9C139310D0D030391
:20242000FFFF80FF80FFD5AAFF80D5808080FFFFFFFF01FF01FF55ABFF0155010101FFFFFB
:2024400000000000010106070D0A3F305540FFFF00000000808060E050B0FC0C5602FFFFB6
:20246000A49CA898A898B090A0A0A0A0C0C080802539151915190D09050505050303010170
:20248000FFFF80FB80FB80FB80FB808083F883F8FFFF01DF01DF01DF01DF0101C11FC11F1C
:2024A00083F883F883F883F883F8808083F883F8C11FC11FC11FC11FC11F0101C11FC11F9D
:2024C000FFFF00FB00FB00FB00FB0000FB00FB00FFFF00DF00DF00DF00DF0000DF00DF00E4
:2024E000FB00FB00FB00FB00FB000000FB00FB00DF00DF00DF00DF00DF000000DF00DF00E6
:2025000080FB00FB00FB00FB00FB000003F803F801DF00DF00DF00DF00DF0000C01FC01F44
:2025200000000000000000000000030307070F0F000018183C3C7E7E7F7F7F7FFFFFFFFFCD
:2025400000FF00FF00F900F05555D5D57D7D2F2F00FF00FF00F900F054545555F5F5FDFDCB
:2025600000FF00FF00F900F02A2AAAAAAFAFBFBF00FF00FF00F900F0AAAAABABBEBEF4F4FB
:2025800083F883F8808080FB80FB80FB80FBFFFFC11FC11F010101DF01DF01DF01DFFFFF1B
:2025A00083F883F8808083F883F883F883F883F8C11FC11F0101C11FC11FC11FC11FC11F9C
:2025C000FB00FB00000000FB00FB00FB00FBFFFFDF00DF00000000DF00DF00DF00DFFFFFE3
:2025E000FB00FB000000FB00FB00FB00FB00FB00DF00DF000000DF00DF00DF00DF00DF00E5
:2026000003F803F8000000FB00FB00FB00FB80FBC01FC01F000000DF00DF00DF00DF00DF44
:202620002F2F7D7DD5D55555000F009F00FF00FFFDFDF5F555555454000F009F00FF00FF60
:202640000F0F0707030300000000000000000000FFFFFFFF7F7F7F7F7E7E3C3C18180000AC
:20266000FFFFFFFFFEFEFEFE7E7E3C3C18180000F0F0E0E0C0C000000000000000000000A2
:20268000C0CFA0A3A0BFB093A09FA899A09FA49D000000C000F000C0000000C000F000FCAA
:2026A00000000003000F000300000003000F003F03F305C505FD0DC905F9159905F925B994
:2026C000FFFF55403F300D1A02D70055007D007FFFFF5602FC0C50B420F580D5005500FF87
:2026E00080009818BC3CFE7EFEFEFEFEFFFFFFFF00000000000000000000C0C0E0E0F0F022
:20270000000000000101030307070F0F1F1F3F3F000000008080C0C0E0E0F0F0F8F8FCFCC1
:20272000000000000000000000F000F900FF00FF0000000000000000010107070F0F1F1F46
:20274000A09FA899B09FA0A1A0BFC0C1C0CF808000FF00FC00F000C000F000C0000000009F
:2027600000FF003F000F0003000F00030000000005F915990DF9018101F9038301F1000051
:20278000007F007D005502D70D1A3F305540FFFF00FF005580D520F550B4FC0C5602FFFFC6
:2027A000BFBFAFAFAAAAAA2A00F000F900FF00FFF4F4BEBEABABAAAA00F000F900FF00FF39
:2027C0003F3F1F1F0F0F07070303010100000000FCFCF8F8F0F0E0E0C0C080800000000001
:2027E00000FF00FF00F900F000000000000000000000000000000000C0C0F0F0F8F8FCFCAA
:202800001F1F0F0F070701010000000000000000FCFCF8F8F0F0C0C0000000000000000004
:20282000070718182020414147468F888F889F90E0E0181804048282E262F111F111F90968
:20284000000000000000000003031F1C7F60FF800000000000000000C0C0F838FE06FF0125
:202860009F908F888F8847464141202018180707F909F111F111E262828204041818E0E028
:20288000FF807F601F1C03030000000000000000FF01FE06F838C0C00000000000000000E5
:2028A000FFFF95EA95EA85FA85FA81FE81FE80FFFFFF57A957A95FA15FA17F817F81FF01A3
:2028C000D5AA95EA95EA85FA85FA81FE81FE80FF55AB57A957A95FA15FA17F817F81FF0100
:2028E000FFFF15EA15EA05FA05FA01FE01FE00FFFFFF57A857A85FA05FA07F807F80FF00EA
:2029000055AA15EA15EA05FA05FA01FE01FE00FF55AA57A857A85FA05FA07F807F80FF00C7
:2029200055AB57A857A85FA05FA07F807F80FF0080FF80FE80FC80F880F080E080C0FFFF9F
:20294000FF017F013F011F010F0107010301FFFF80FF80FE80FC80F880F080E080C080807C
:20296000FF017F013F011F010F0107010301010100FF00FE00FC00F800F000E000C0FFFFDA
:20298000FF007F003F001F000F0007000300FFFF00FF00FE00FC00F800F000E000C0008043
:2029A000FF007F003F001F000F0007000300010000FF00FE00FC00F800F000E000C08080A0
:2029C0000000000000000000000000000000000000000000000000000000000000000000F7
:2029E0000000000000000000000000000000000000000000000000000000000000000000D7
:202A00000000000000000000000000000000000000000000000000000000000000000000B6
:202A2000000000000000000000000000000000000000000000000000000000000000000096
:202A4000000000000000000000000000000000000000000000000000000000000000000076
:202A6000000000000000000000000000000000000000000000000000000000000000000056
:202A8000000000000000000000000000000000000000000000000000000000000000000036
:202AA000000000000000000000000000000000000000000000000000000000000000000016
:202AC0000000000000000000000000000000000000000000000000000000000000000000F6
:202AE0000000000000000000000000000000000000000000000000000000000000000000D6
:202B00000000000000000000000000000000000000000000000000000000000000000000B5
:202B2000000000000000000000000000000000000000000000000000000000000000000095
:202B4000000000000000000000000000000000000000000000000000000000000000000075
:202B6000000000000000000000000000000000000000000000000000000000000000000055
:202B8000000000000000000000000000000000000000000000000000000000000000000035
:202BA000000000000000000000000000000000000000000000000000000000000000000015
:202BC0000000000000000000000000000000000000000000000000000000000000000000F5
:202BE0000000000000000000000000000000000000000000000000000000000000000000D5
:202C00000000000000000000000000000000000000000000000000000000000000000000B4
:202C2000000000000000000000000000000000000000000000000000000000000000000094
:202C4000000000000000000000000000000000000000000000000000000000000000000074
:202C6000000000000000000000000000000000000000000000000000000000000000000054
:202C8000000000000000000000000000000000000000000000000000000000000000000034
:202CA000000000000000000000000000000000000000000000000000000000000000000014
:202CC0000000000000000000000000000000000000000000000000000000000000000000F4
:202CE0000000000000000000000000000000000000000000000000000000000000000000D4
:202D00000000000000000000000000000000000000000000000000000000000000000000B3
:202D2000000000000000000000000000000000000000000000000000000000000000000093
:202D4000000000000000000000000000000000000000000000000000000000000000000073
:202D6000000000000000000000000000000000000000000000000000000000000000000053
:202D8000000000000000000000000000000000000000000000000000000000000000000033
:202DA000000000000000000000000000000000000000000000000000000000000000000013
:202DC0000000000000000000000000000000000000000000000000000000000000000000F3
:202DE0000000000000000000000000000000000000000000000000000000000000000000D3
:202E00000000000000000000000000000000000000000000000000000000000000000000B2
:202E2000000000000000000000000000000000000000000000000000000000000000000092
:202E4000000000000000000000000000000000000000000000000000000000000000000072
:202E6000000000000000000000000000000000000000000000000000000000000000000052
:202E8000000000000000000000000000000000000000000000000000000000000000000032
:202EA000000000000000000000000000000000000000000000000000000000000000000012
:202EC0000000000000000000000000000000000000000000000000000000000000000000F2
:202EE0000000000000000000000000000000000000000000000000000000000000000000D2
:202F00000000000000000000000000000000000000000000000000000000000000000000B1
:202F2000000000000000000000000000000000000000000000000000000000000000000091
:202F4000000000000000000000000000000000000000000000000000000000000000000071
:202F6000000000000000000000000000000000000000000000000000000000000000000051
:202F8000000000000000000000000000000000000000000000000000000000000000000031
:202FA000000000000000000000000000000000000000000000000000000000000000000011
:202FC0000000000000000000000000000000000000000000000000000000000000000000F1
:202FE0000000000000000000000000000000000000000000000000000000000000000000D1
:203000000000000000000000000000000000000000000000000000000000000000000000B0
:20302000000000000000000000000000000000000000000000000000000000000000000090
:20304000000000000000000000000000000000000000000000000000000000000000000070
:20306000000000000000000000000000000000000000000000000000000000000000000050
:20308000000000000000000000000000000000000000000000000000000000000000000030
:2030A000000000000000000000000000000000000000000000000000000000000000000010
:2030C00000000000000000000000000000000000FFFF06F80CF018E0F000E000C000000070
:2030E000FFFF00FF00FF07F88F70FF00F8007000FFFF403F201F130C0F0003000000000082
:20310000FF81ABD5427E427E243C243C1818181800FF00FF00DA00480008000000000000E7
:2031200000FF00FF00770027000200020000000000030007000F00070003000F003F000F6F
:20314000C0C000E000C000F800E000C000F000E0FFFF50AF50AF50AF50AF50AF50AF50AFF0
:20316000FFFF55AA55AA55AA55AA55AA55AA55AA0000000000000000020202020707070734
:20318000ABABAAAABEBEFEFEDCDCDCDC88888888AAAAAAAAAAAAFFFF7F7F7F7F2F2F2F2FCB
:2031A000FFFFFFFFFFFFFFFFFFFFFFFFFFFFFFFF0000C000E000F00018E00CF006F8FFFF9F
:2031C0007000F800FF008F7007F800FF00FFFFFF0000000003000F00130C201F403FFFFFA1
:2031E00018181818243C243C427E427EABD5FF81000000000040004000E400EE00FF00FFDF
:2032000000000000000000100012005B00FF00FF0007000F00030007001F000300070003E7
:2032200000F000FC00F000C000E000F000E000C050AF50AF50AF50AF50AF50AF50AF50AF8A
:2032400055AA55AA55AA55AA55AA55AA55AA55AA88888888DCDCDCDCFEFEBEBEAAAAABABC4
:203260002F2F2F2F7F7F7F7FFFFFAAAAAAAAAAAA0707070702020202000000000000000078
:20328000FFFF01FF01FF01FF55AB55AB55ABFF01FFFF80FF80FF80FFD5AAD5AAD5AAFF80B9
:2032A0008080808040C040C020E020E050B050B00101010102030203040704070D0A0D0ABC
:2032C000FFFF01010202560254045404F808F808FFFF808040405540352035201F101F10C7
:2032E00003030D0D3931E9C1E901E901E901E901000000000000000003030E0D323DC2FDA3
:203300000000000000000000C0C070B04CBC43BFC0C0B0B09C8C9783978097809780978085
:2033200050AF50AF50AF00FF00FF00FF00FFFFFF55AA55AA55AA00FF00FF00FF00FFFFFF9F
:20334000FFFFAA02FC0CB05060E0808000000000FFFF6A403F300A0D06070101000000003E
:2033600001010303050505050D091519151925398080C0C0A0A0A0A0B090A898A898A49C61
:20338000FF01FF01AB01AB01AB0101010101FFFFFF80FF80AA80AA80AA8080808080FFFFAD
:2033A000F808F80854045404560202020101FFFF1F101F1035203520554040408080FFFFE6
:2033C00050B050B020E020E040C040C0808080800D0A0D0A0407040702030203010101019B
:2033E000E901E901E901E901E9C139310D0D0303C2FD323D0E0D03030000000000000000A2
:2034000043BF4CBC70B0C0C00000000000000000978097809780978097839C8CB0B0C0C084
:20342000FFFF01FF01FFAB55FF01AB010101FFFFFFFF80FF80FFAAD5FF80AA808080FFFFC0
:2034400000000000808060E0B050FC0CAA02FFFF00000000010106070A0D3F306A40FFFF3D
:203460002539151915190D090505050503030101A49CA898A898B090A0A0A0A0C0C0808060
:20348000FFFF01DF01DF01DF01DF0101C11FC11FFFFF80FB80FB80FB80FB808083F883F80C
:2034A000C11FC11FC11FC11FC11F0101C11FC11F83F883F883F883F883F8808083F883F88D
:2034C000FFFF00DF00DF00DF00DF0000DF00DF00FFFF00FB00FB00FB00FB0000FB00FB00D4
:2034E000DF00DF00DF00DF00DF000000DF00DF00FB00FB00FB00FB00FB000000FB00FB00D6
:2035000001DF00DF00DF00DF00DF0000C01FC01F80FB00FB00FB00FB00FB000003F803F834
:2035200000000000000000000000C0C0E0E0F0F0000018183C3C7E7EFEFEFEFEFFFFFFFFD3
:2035400000FF00FF009F000FAAAAABABBEBEF4F400FF00FF009F000F2A2AAAAAAFAFBFBF81
:2035600000FF00FF009F000F54545555F5F5FDFD00FF00FF009F000F5555D5D57D7D2F2F11
:20358000C11FC11F010101DF01DF01DF01DFFFFF83F883F8808080FB80FB80FB80FBFFFF0B
:2035A000C11FC11F0101C11FC11FC11FC11FC11F83F883F8808083F883F883F883F883F88C
:2035C000DF00DF00000000DF00DF00DF00DFFFFFFB00FB00000000FB00FB00FB00FBFFFFD3
:2035E000DF00DF000000DF00DF00DF00DF00DF00FB00FB000000FB00FB00FB00FB00FB00D5
:20360000C01FC01F000000DF00DF00DF00DF01DF03F803F8000000FB00FB00FB00FB00FBB3
:20362000F4F4BEBEABABAAAA00F000F900FF00FFBFBFAFAFAAAA2A2A00F000F900FF00FF2A
:20364000F0F0E0E0C0C000000000000000000000FFFFFFFFFEFEFEFE7E7E3C3C18180000B2
:20366000FFFFFFFF7F7F7F7F7E7E3C3C181800000F0F07070303000000000000000000007C
:2036800003F305C505FD0DC905F9159905F925B900000003000F000300000003000F003FA4
:2036A000000000C000F000C0000000C000F000FCC0CFA0A3A0BFB093A09FA899A09FA49D7A
:2036C000FFFFAA02FC0CB05840EB00AA00BE00FEFFFF6A403F300A2D04AF01AB00AA00FF49
:2036E000010019183D3C7F7E7F7F7F7FFFFFFFFF00000000000000000000030307070F0FF8
:20370000000000008080C0C0E0E0F0F0F8F8FCFC000000000101030307070F0F1F1F3F3FB1
:203720000000000000000000000F009F00FF00FF00000000000000008080E0E0F0F0F8F84D
:2037400005F915990DF9058505FD038303F3010100FF003F000F0003000F0003000000004B
:2037600000FF00FC00F000C000F000C000000000A09FA899B09F8081809FC0C1808F00006F
:2037800000FE00BE00AA40EBB058FC0CAA02FFFF00FF00AA01AB04AF0A2D3F306A40FFFF88
:2037A000FDFDF5F555555554000F009F00FF00FF2F2F7D7DD5D55555000F009F00FF00FFCE
:2037C000FCFCF8F8F0F0E0E0C0C08080000000003F3F1F1F0F0F07070303010100000000F1
:2037E00000FF00FF009F000F0000000000000000000000000000000003030F0F1F1F3F3F3D
:20380000F8F8F0F0E0E0808000000000000000003F3F1F1F0F0F0303000000000000000038
:20382000E0E0181804048282E262F111F111F909070718182020414147468F888F889F9058
:203840000000000000000000C0C0F838FE06FF01000000000000000003031F1C7F60FF8015
:20386000F909F111F111E262828204041818E0E09F908F888F884746414120201818070718
:20388000FF01FE06F838C0C00000000000000000FF807F601F1C03030000000000000000D5
:2038A000FFFFA957A957A15FA15F817F817F01FFFFFFEA95EA95FA85FA85FE81FE81FF8093
:2038C000AB55A957A957A15FA15F817F817F01FFAAD5EA95EA95FA85FA85FE81FE81FF80F0
:2038E000FFFFA857A857A05FA05F807F807F00FFFFFFEA15EA15FA05FA05FE01FE01FF00DA
:20390000AA55A857A857A05FA05F807F807F00FFAA55EA15EA15FA05FA05FE01FE01FF00B7
:20392000AAD5EA15EA15FA05FA05FE01FE01FF0001FF017F013F011F010F01070103FFFF15
:20394000FF80FE80FC80F880F080E080C080FFFF01FF017F013F011F010F0107010301016A
:20396000FF80FE80FC80F880F080E080C080808000FF007F003F001F000F00070003FFFF53
:20398000FF00FE00FC00F800F000E000C000FFFF00FF007F003F001F000F000700030001B2
:2039A000FF00FE00FC00F800F000E000C000800000FF007F003F001F000F0007000301010F
:2039C0000000000000000000000000000000000000000000000000000000000000000000E7
:2039E0000000000000000000000000000000000000000000000000000000000000000000C7
:203A00000000000000000000000000000000000000000000000000000000000000000000A6
:203A2000000000000000000000000000000000000000000000000000000000000000000086
:203A4000000000000000000000000000000000000000000000000000000000000000000066
:203A6000000000000000000000000000000000000000000000000000000000000000000046
:203A8000000000000000000000000000000000000000000000000000000000000000000026
:203AA000000000000000000000000000000000000000000000000000000000000000000006
:203AC0000000000000000000000000000000000000000000000000000000000000000000E6
:203AE0000000000000000000000000000000000000000000000000000000000000000000C6
:203B00000000000000000000000000000000000000000000000000000000000000000000A5
:203B2000000000000000000000000000000000000000000000000000000000000000000085
:203B4000000000000000000000000000000000000000000000000000000000000000000065
:203B6000000000000000000000000000000000000000000000000000000000000000000045
:203B8000000000000000000000000000000000000000000000000000000000000000000025
:203BA000000000000000000000000000000000000000000000000000000000000000000005
:203BC0000000000000000000000000000000000000000000000000000000000000000000E5
:203BE0000000000000000000000000000000000000000000000000000000000000000000C5
:203C00000000000000000000000000000000000000000000000000000000000000000000A4
:203C2000000000000000000000000000000000000000000000000000000000000000000084
:203C4000000000000000000000000000000000000000000000000000000000000000000064
:203C6000000000000000000000000000000000000000000000000000000000000000000044
:203C8000000000000000000000000000000000000000000000000000000000000000000024
:203CA000000000000000000000000000000000000000000000000000000000000000000004
:203CC0000000000000000000000000000000000000000000000000000000000000000000E4
:203CE0000000000000000000000000000000000000000000000000000000000000000000C4
:203D00000000000000000000000000000000000000000000000000000000000000000000A3
:203D2000000000000000000000000000000000000000000000000000000000000000000083
:203D4000000000000000000000000000000000000000000000000000000000000000000063
:203D6000000000000000000000000000000000000000000000000000000000000000000043
:203D8000000000000000000000000000000000000000000000000000000000000000000023
:203DA000000000000000000000000000000000000000000000000000000000000000000003
:203DC0000000000000000000000000000000000000000000000000000000000000000000E3
:203DE0000000000000000000000000000000000000000000000000000000000000000000C3
:203E00000000000000000000000000000000000000000000000000000000000000000000A2
:203E2000000000000000000000000000000000000000000000000000000000000000000082
:203E4000000000000000000000000000000000000000000000000000000000000000000062
:203E6000000000000000000000000000000000000000000000000000000000000000000042
:203E8000000000000000000000000000000000000000000000000000000000000000000022
:203EA000000000000000000000000000000000000000000000000000000000000000000002
:203EC0000000000000000000000000000000000000000000000000000000000000000000E2
:203EE0000000000000000000000000000000000000000000000000000000000000000000C2
:203F00000000000000000000000000000000000000000000000000000000000000000000A1
:203F2000000000000000000000000000000000000000000000000000000000000000000081
:203F4000000000000000000000000000000000000000000000000000000000000000000061
:203F6000000000000000000000000000000000000000000000000000000000000000000041
:203F8000000000000000000000000000000000000000000000000000000000000000000021
:203FA000000000000000000000000000000000000000000000000000000000000000000001
:203FC0000000000000000000000000000000000000000000000000000000000000000000E1
:203FE0000000000000000000000000000000000000000000000000000000000000000000C1
:020000040008F2
:20800000000000000000000000000000000000000000000000000000000000000000000060
:20802000000000000000000000000000000000000000000000000000000000000000000040
:20804000000000000000000000000000000000000000000000000000000000000000000020
:20806000000000000000000000000000000000000000000000000000000000000000000000
:208080000000000000000000000000000000000000000000000000000000000000000000E0
:2080A0000000000000000000000000000000000000000000000000000000000000000000C0
:2080C0000000000000000000000000000000000000000000000000000000000000000000A0
:2080E000000000000000000000000000000000000000000000000000000000000000000080
:2081000000000000000000000000000000000000000000000000000000000000000000005F
:2081200000000000000000000000000000000000000000000000000000000000000000112E
:2081400000000000000000000000000000000000000000000000000000000000000000001F
:208160000000000000000000000000000000000000000000000000000000000000000000FF
:208180000000000000000000000000000000000000000000000000000000000000000000DF
:2081A0000000000000000000000000000000000000000000000000000000000000000011AE
:2081C00000000000000000000000000000000011000000000000000000000000000000008E
:2081E00000000000000000000000000000000000000000000000000000000000000000F48B
:20820000000000000000000000000000000000F6000000000000000000000000000000F573
:2082200000000000000000000000000000000000000000000000000000000000000000003E
:208240000000000000000000000000000000001100000000000000000000000000000011FC
:208260000000000000000000000000000000001000000000000000000000000000000010DE
:20828000000000000000000000000000000000000000000000000000000000001C1C0000A6
:2082A00000000000000000000000000010100000000000000000000000000000000000009E
:2082C00000000000000000000000000000000000000000000000000000000000000000009E
:2082E0000000000000000000000000000000001100000000000000002524281B0000252498
:208300000000000000000000212F231B0000212F0000000000000000212F231B0000212FA1
:208320000000000000000000212F231B0000212F0000000000000000212F231B0000212F81
:208340000000000000000000212F231B0000212F0000000000000000212F231B0000212F61
:208360000000000000000000212F231B0000262A0000000000000000212F231B0000002170
:208380000000000000000000212F231B0000002100000000000000002622271B0000002183
:2083A00000000000000000000000000000000021000000000000000000000000000025294E
:2083C0000000000000000000000000000000212F0000000000000000000000000000212FFD
:2083E000000000000000000000000000001126220000000000000000000000000000000C18
:208400000000000000000000000000000000000C0000000000000000252428000000252496
:208420000000000000000000212F23000000212F0000000000000000212F23000000212FB6
:208440000000000000000000212F23000000212F0000000000000000212F23000000212F96
:2084600000000000000000002622270000002622000000000000000000000000000000182D
:208480000000000000000000000000000000001800000000000000000000000000000018AC
:2084A000000000000000000000000000001900180000000000000000000000000000001873
:2084C00000000000000000000000000000001918000000000000000000000000000019183A
:2084E000000000000000000000000000000000180000000000000000000000000000000C58
:208500000000000000000000101B0000190000180000000000000000000000000000000CF3
:20852000000000000000000000101B000019000C00000000000000000000000000190018BA
:208540000000000000000000000000000000000C0000000000000000000000000000000C03
:208560000000000000000000000000000000000C00000000000000000000000019000018BE
:20858000000000000000000000000000000000180000000000000000000000111900001881
:2085A000000000000000000000000000000000180000000000000000000000000000000C97
:2085C0000000000000000000000000000019000C0000000000000000000000000019001845
:2085E0000000000000000000000000000019000C000000000000000000000000000000183E
:2086000000000000000000000000000000000018000000000000000000000000000000182A
:208620000000000000000000000000EEEF000018000000000000000000000000000000182D
:20864000000000000000000000000000000000180000000000000000000000000000000002
:208660000000000000000000000035252424242400000000000000000000F4212F2F2F2F3F
:2086800000000000000000000000F6212F2F2F2F00000000000000000000F6212F2F2F2F34
:2086A00000000000000000000000F6212F2F2F2F00000000000000000000F5212F2F2F2F15
:2086C0000000000000000000000000212F2F2F2F0000000000000000000000212F2F2F2FE0
:2086E0000000000000000000000000212F2F2F2F0000000000000000000011212F2F2F2FAF
:208700000000000000000000000011212F2F2F2F0000000000000000000000212F2F2F2F8E
:208720000000000000000000000000212F2F2F2F000000000000000000000026222A2F2F8C
:2087400000000000000000000000000011212F2F00000000000000000000000011212F2FF9
:2087600000000000000000000000000011212F2F00000000000000000000000000212F2FEA
:2087800000000000000000000000000000262A2F0000000000000000000000000000212F0A
:2087A0000000000000000000000000000000212F0000000000000000000000000000212F19
:2087C0000000000000000000000000000000212F0000000000000000000000000000262201
:2087E0000000000000000000000000000000000C0000000000000000000000000000000C61
:208800000000000000000000000000000000001800000000000000000000000000252424D3
:20882000000000000000000000101B0000212F2F0000000000000000000000000026222224
:208840000000000000000000000000000000001800000000000000000000000000000018E8
:208860000000000000000000000000000000001800000000000000000000000000302D2D56
:208880000000000000000000000000000000000C0000000000000000000000000000000CC0
:2088A000000000000000000000000000000000180000000000000000000000000000000C94
:2088C0000000000000000000000000000025242400000000000000000000000000262222C1
:2088E0000000000000000000000000000000000C0000000000000000000000000000001854
:208900000000000000000000000000000000000C0000000000000000000000000019000C26
:20892000000000000000000000000000001900180000000000000000000000000019000CE1
:2089400000000000000000000000101B0000000C00000000000000000000101B0000000CA9
:208960000000000000000000000000000000191800000000000000000000000000000018AE
:208980000000000000000000000000000000000C0000000000000000000000000000000CBF
:2089A00000000000000000000000000000190018000000000000000000000000000000186E
:2089C0000000000000000000000000000000000C0000000000000000000000000000000C7F
:2089E00000000000000000000000000019000018000000000000000000000000000000182E
:208A0000000000000000000000000000000000180000000000000000000000000000001826
:208A20000000000000000000000000000000001800000000000000000000000000190018ED
:208A40000000000000000000000000000019001800000000000000000000000000190018B4
:208A60000000000000000000000000000000000C0000000000000000000000000000000CDE
:208A80000000000000000000000000190000000C0000000000000000000000190000001880
:208AA0000000000000000000000000190000000C0000000000000000000000000000001879
:208AC0000000000000000000000000000000000C0000000000000000000000111900001848
:208AE000000000000000000000EEEF111900000C0000000000000000000000111900000C2D
:208B0000000000000000000000000000000000180000000000000000000000000000000C31
:208B20000000000000000000000000190000000C00000000000000000000001900000018DF
:208B40000000000000000000000000190000000C0000000000000000101B000000000018AD
:208B60000000000000000000101B00000000000C0000000000000000000000000019000C99
:208B8000000000000000000000000000001900180000000000000000000000000019000C7F
:208BA000000000000000000000000000000000180000000000000000000000000000001885
:208BC000000000000000000000000000252F2428000000000000000000000000212F2F2353
:208BE000000000000000000000000011212F2F23000000000000000000000011212F2F230F
:208C0000000000000000000000000000212F2F2300000000000000000000003526222F27DF
:208C20000000000000000000000000000000000C00000000000000000000000000000035F3
:208C40000000000000000000000000000000000000000000000000000000000000000018FC
:208C60000000000000000000000000000000000C0000000000000000000000000000000CDC
:208C80000000000000000000000000000000001600000000000000000000000000000016A8
:208CA000000000000000000000000000000000160000000000000000000000000000001688
:208CC0000000000000000000000000000000000C0000000000000000000000000000001870
:208CE0000000000000000000000000000000000C0000000000000000000000000000190C43
:208D0000000000000000000000000000000000180000000000000000000000000000000C2F
:208D2000000000000000000000101B001000000C00000000000000000000000000000018D4
:208D40000000000000000000000000000000000C00000000000000000000000000190018D6
:208D60000000000000000000000000000019000C0000000000000000000000000000000CC2
:208D800000000000000000000000101B0000001800000000000000000000101B0000190C40
:208DA0000000000000000000000000000000190C0000000000000000000000000000001876
:208DC0000000000000000000000000000000000C000000000000000000101B001000001834
:208DE0000000000000000000000000000000000C0000000000000000000000000000000C5B
:208E0000000000000000000000000000001900180000000000000000000000000000000C15
:208E20000000000000000000000000000000190C00000000000000000000000000000018F5
:208E4000000000000000000000001C1C00000025000000000000000000001010000000266F
:208E60000000000000000000000000000000000C0000000000000000000000000000000CDA
:208E8000000000000000000000000000000000180000000000000000000000000000302D5D
:208EA0000000000000000000000000000000000C0000000000000000000000000000000C9A
:208EC0000000000000000000000000000000001800000000000000000000000000302D2DF0
:208EE000000000000000000000000000000000180000000000000000000000000000001842
:208F000000000000000000000000000011302D2D000000000000000000000000000000189E
:208F20000000000000000000000000003400000C0000000000000000000000000000000CE5
:208F4000000000000000000000000000252D2D2D0000000000000000000000002E0000181F
:208F6000000000000000000000000000262D2D2D0000000000000000000000000000000C38
:208F80000000000000000000000000000000000C00000000000000000000000000000018AD
:208FA0000000000000000000000000302D2D2D2D0000000000000000000000000000000CC1
:208FC000000000000000000000000000252424240000000000000000000000002622222274
:208FE00000000000000000000000000000000018000000000000000000000011302D2D2D91
:209000000000000000000000000000000000000C0000000000000000000000E80000000C50
:209020000000000000000000000000E90000000C0000000000000000000000000000001823
:209040000000000000000000000000252D2D2D2D00000000000000000000002E00000018F1
:209060000000000000000000000000262D2D2D2D00000000000000000000000000000018FE
:209080000000000000000000000000002524242400000000000000000000000026222222B3
:2090A0000000000000000000000000000000000C0000000000000000000000000000000C98
:2090C000000000000000000000000000000000180000000000000000000000302D2D2D2D94
:2090E0000000000000000000000000000000000C0000000000000000000000000000000C58
:209100000000000000000000000000000000001800000000000000000000302D2D2D2D2D26
:20912000000000000000000000000000000000180000000000000000000000302D2D2D2D33
:2091400000000000000000000000000000000018000000000000000000000000302D2D2D40
:209160000000000000000000000000000000001800000000000000000000000000252D2D58
:20918000000000000000000000000000002E001800000000000000000000000011262D2DF8
:2091A0000000000000000000000000000000000C000000000000000000000000000000188B
:2091C0000000000000000000000000000000000C000000000000000000000000EEEF000C9A
:2091E000000000000000000000000000000000180000000000000000000000000000000C4B
:20920000000000000000000000000000000000180000000000000000000000000034000CF6
:209220000000000000000000000000000000000C000000000000000000000000000000180A
:20924000000000000000000000000000000000180000000000000000000000000000000CEA
:20926000000000000000000000000000000019180000000000000000000000000000190C98
:209280000000000000000000000000000000190C0000000000000000000000000000000C9D
:2092A0000000000000000000000000000000000C0000000000000000000000000000000C96
:2092C000000000000000000000000000003400F4000000000000000000000000000000F670
:2092E000000000000000000000000000000000F6000000000000000000000000000000F583
:2093000000000000000000000000000000000000000000000000000000000000000000004D
:2093200000000000000000000000000000000000000000000000000000000000000000002D
:2093400000000000000000000000000000000000000000000000000000000000000000000D
:209360000000000000000000000000000000000000000000000000000000000000000000ED
:209380000000000000000000000000000000000000000000000000000000000000000000CD
:2093A0000000000000000000000000000000000000000000000000000000000000000000AD
:2093C00000000000000000000000000000000000000000000000000000000000000000008D
:2093E00000000000000000000000000000000000000000000000000000000000000000006D
:2094000000000000000000000000000000000011000000000000000000000000000000112A
:20942000000000000000000000000000000000190000000000000000000000000000000C07
:20944000000000000000000000000000000000180000000000000000000000000019000CCF
:209460000000000000000000000000000000000C0000000000000000000000000000000CD4
:209480000000000000000000000000190000000C000000000000000000000000000000188F
:2094A0000000000000000000000000000000000C0000000000000000001900000000000C7B
:2094C0000000000000000000000000000000000C0000000000000000111900000000000C4A
:2094E0000000000000000000000000000000000C0000000000000000001900000000000C3B
:209500000000000000000000000000000000000C000000000000000000001900000000180E
:209520000000000000000000000019000000000C0000000000000000000000000000000CFA
:209540000000000000000000000000000000000C00000000000000000000000000000018E7
:209560000000000000000000001900000000000C0000000000000000000000000000000CBA
:20958000000000000000000000000000000000180000000000000000000000000000000CA7
:2095A0000000000000000000000000000000000C0000000000000000000019000000000C7A
:2095C0000000000000000000000019000000000C0000000000000000000000000000000C5A
:2095E00000000000000010001000000000000018000000000000000000000000000000181B
:209600000000000000000000000000000000000C000000000000000000001900000000180D
:209620000000000000000000000000000000000C0000000000000000000000000000000C12
:209640000000000000001000100000000000001800000000000000000000000000000018BA
:209660000000000000000000000000000000000C00000000000000000000190000000018AD
:209680000000000000000000000000000000000C0000000000000000000000190000000C99
:2096A000000000000000000000000019000000180000000000000000000000000000000C6D
:2096C0000000000000000000000000000000000C0000000000000000000000000000001866
:2096E0000000000000000000000019000000000C0000000000000000000000000000000C39
:209700000000000000000000000000190000001800000000000000000000001900000018E7
:209720000000000000000000000000000000000C0000000000000000000000000000000C11
:209740000000000000000000000000000000000C0000000000000000000019000000000CD8
:20976000000000000000000000000000000000180000000000000000000000000000000CC5
:209780000000000000000000000000000000000C0000000000000000001900000000000C98
:2097A0000000000000000000000000000000000C0000000000000000000000000000001885
:2097C0000000000000000019000000000000000C000000000000000000000000000000184C
:2097E0000000000000000000000000000000000C0000000000190000000000000000000C38
:209800000000000000000000000000000000000C0000000000001900000000000000000C17
:20982000000000000000190000000000000000180000000000000000000000000000000CEB
:209840000000000000000000000000000000000C0000100010000000000000000000000CD0
:20986000000000000000000000000000000000180000000000000019000000000000000CAB
:209880000000000000000019000000000000000C0000000000000000000000000000000C97
:2098A0000000000000000000000000000000000C00000000101B0000190000000000000C4C
:2098C000000000000000000000000000000000180000000000101B00001900000000000C20
:2098E000000000000000000000190000000000180000000000000000000000000000000C2B
:209900000000000000000000000000000000000C0000000000000019000000000000000C16
:209920000000000000000019000000000000000C0000000000000019000000000000000CDD
:20994000000000000000111900000000000000180000000000000000000000000000000CB9
:209960000000101B00190000000000000000000C0000000000190000000000000000001866
:20998000000000000019000000000000000000180000000011190000000000000000000C60
:2099A0000000000000000000000000000000000C0000000000000000000000000000000C8F
:2099C0000000000000001900000000000000000C000000000000000000000000000000184A
:2099E0000000000000000019000000000000000C0000000000000019000000000000000C1D
:209A0000000000000000000000000000000000180000000000000000001C1C000000000CEA
:209A20000000000000000000111010000000000C0000000000001900000000000000000CC4
:209A40000000000000000000000000000000000C0000000000000019000000000000000CD5
:209A60000000000000000019000000000000000C00000000000000000000000000000018A9
:209A80000000000000000000000000000000000C00000000000000000000000000000018A2
:209AA0000000000000001900000000000000000C0000000000000000000000000000000C75
:209AC000000000101B000019000000000000000C0000000000000019000000000000000C11
:209AE0000000000000000000000000000000000C00000000101B0000190000000000000C0A
:209B0000000000000000000019000000000000180000000000000000000000000000000C08
:209B20000000000000101B00001900000000000C0000000000000000001900000000000CB0
:209B40000000000000000000000000000000000C0000000000000000000000000000000CED
:209B60000000000000000000000000000000000C00000000000000000000000000000018C1
:209B80000000000000000000000019000000000C0000000000101B00000019000000000C50
:209BA0000000000000101B00003519000000000C0000000000101B00000000000000000CE9
:209BC0000000000000101B00000000000000000C0000000000101B000000190000000018F2
:209BE0000000000000101B00000019000000000C0000000000101B00003519000000001884
:209C00000000000000101B00000000000000000C0000000000101B00000000000000000CD6
:209C20000000000000101B0000001900000000180000000000101B0000001900000000186C
:209C40000000000000101B00003519000000000C0000000000101B00000000000000000C48
:209C6000060606060605000000000000190000180606060606050000000000001900000C48
:209C8000020202020201000000000000190000180606060606050000000000001900000C40
:209CA0000606060606050000000000001900000C0606060606050000000000000000001821
:209CC0000202020202010000000000000000000C0606060606050000000000000000001832
:209CE000060606060605000000000000000000180606060606050000000000000000000CFA
:209D00000202020202010000000000000000000C06060606060500000000000000000018F1
:209D20000606060606050000000000000000000C0606060606050000000000000000000CC5
:209D40000202020202010000000000000000001806060606060500000000000000000018A5
:209D600006060606060500000000000000000018060606060605000000000000000000186D
:209D80000202020202011F1F1F000000001F1F1F0606060606052D2D3200000000302D2DC5
:209DA0000606060606050D0000000000000000180606060606051700000000000000000C15
:209DC0000202020202010D0000000000000000180606060606050D00000000000000000C17
:209DE0000606060606051700000000000000000C06060606060517000000000000000018CB
:209E0000020202020201170000000000000000180606060606050D00000000000000000CCC
:209E20000606060606051700000000000000000C0606060606050D00000000000000001894
:209E40000202020202010D000000000000000018060606060605171F000000001F1F1F1804
:209E60000606060606052D3200000000302D2D2D0606060606050D00000000000000001861
:209E8000020202020201170000000000000000180606060606050D00000000000000000C4C
:209EA0000606060606050D00000000000000000C0606060606051700000000000000001814
:209EC0000202020202011700000000000000001806060606060517000000000000000018F6
:209EE0000606060606050D0000000000000000180606060606050D00000000000000000CDE
:209F00000202020202011700000000000000000C0606060606050D000000000000000018CB
:209F20000606060606051700000000000000001806060606060517001F1F1F000000001820
:209F40000202020202012D2D2D2D320000000030060606060605170000000000000000188E
:209F60000606060606050D0000000000000000180606060606050D00000000000000001851
:209F80000202020202011700000000000000000C0606060606051700000000000000000C4D
:209FA0000606060606051700000000000000000C0606060606050D00000000000000000C1F
:209FC0000202020202010D00000000000000000C0606060606050D00000000000000001815
:209FE0000606060606050D00000000000000000C0606060606051700000000000000000CDF
:20A000000202020202011700000000000000000C060606060605171F1F000000001F1F0C50
:20A020000606060606052D2D3200000000302D2D0606060606050D0000000000000000189F
:20A040000202020202011700000000000000000C0606060606050D00000000000000000C96
:20A060000606060606050D0000000000000000180606060606051700000000000000000C52
:20A08000020202020201170000000000000000180606060606051700000000000000000C40
:20A0A000060606060605170000000000000000180606060606050D00000000000000000C12
:20A0C0000202020202010D00000000000000000C060606060605170000000000000000180A
:20A0E000060606060605242424280000000025240606060606052F2F2F2300000000212F3D
:20A100000202020202012F2F2F2300000000212F0606060606052F2F2F2300000000212F11
:20A120000606060606052F2F2F2300000000212F0606060606052F2F2F2300000000212FD9
:20A140000202020202012F2F2F2300000000212F0606060606052F2F2F2300000000212FD1
:20A160000606060606052F2F2F2700000000212F0606060606052F2B270000000000212FC4
:20A180000202020202012B27000000000000212F0606060606052300000000000025292F4F
:20A1A00006060606060523000000000025292F2F060606060605230000000025292F2F2F8C
:20A1C0000202020202012300000000212F2F2F2F0606060606052300000000212F2F2F2F51
:20A1E0000606060606052300000011212F2F2F2F0606060606052300000000212F2F2F2F08
:20A200000202020202012300000000212F2F2F2F0606060606052300000000212F2F2F2F10
:20A220000606060606052300000000212F2F2F2F0606060606052300000000212F2F2F2FD8
:20A240000202020202012300000000212F2F2F2F060606060605231B000000212F2F2F2FB5
:20A260000606060606052300000000212F2F2F2F0606060606052300000000212F2F2F2F98
:20A280000202020202012300000000212F2F2F2F0606060606052300000000212F2F2F2F90
:20A2A0000606060606052300000000212F2F2F2F0606060606052300000000212F2F2F2F58
:20A2C000020202020201230000001126222A2F2F06060606060523000000000000212F2FAA
:20A2E00006060606060523000000000000212F2F06060606060523000000000000212F2FD4
:20A3000002020202020123000000000000212F2F06060606060523000000000000212F2FCB
:20A3200006060606060523000000000000212F2F06060606060523000000000000212F2F93
:20A340000202020202012F2F2800000000212F2F0606060606052F2F2300000011212F2FB9
:20A360000606060606052F2F2300000000212F2F0606060606052F2F2300000000212F2F97
:20A380000202020202012F2F2300000000212F2F0606060606052F2F2300000000212F2F8F
:20A3A0000606060606052F2F2300000000212F2F0606060606052F2F2300000000212F2F57
:20A3C0000202020202012F2F2300000000212F2F0606060606052F2F2300000000212F2F4F
:20A3E0000606060606052F2F231B000000212F2F0606060606052F2F2300000000212F2FFC
:20A400000202020202012F2F2300000000212F2F0606060606052F2F2300000000212F2F0E
:20A420000606060606052F2F2300000000212F2F0606060606052F2F2300000011212F2FC5
:20A440000202020202012F2F2300000000212F2F0606060606052F2F2300000000212F2FCE
:20A460000606060606052F222700000000212F2F06060606060500000000000000212F2F20
:20A4800002020202020100000000000000212F2F06060606060500000000000011212F2F7F
:20A4A00006060606060500000000000011212F2F06060606060500000000000011212F2F36
:20A4C00002020202020100000000000011212F2F06060606060500000000000011212F2F2E
:20A4E00006060606060500000000112524292F2F0606060606050000000000212F2F2F2F58
:20A500000202020202010000000000212F2F2F2F0606060606050000000000212F2F2F2F53
:20A520000606060606050000000000212F2F2F2F0606060606050000000000212F2F2F2F1B
:20A540000202020202010000000000212F2F2F2F0606060606050000000000212F2F2F2F13
:20A560000606060606050000000000212F2F2F2F0606060606052D320000002622222222AB
:20A580000000000000000000000000000019000C0000000000000000000000000019001865
:20A5A0000000000000000000000000000019000C0000000000000000000000000000000C6A
:20A5C0000000000000000000000000000000000C0000000000000000000000000000000C63
:20A5E0000000000000000000000000001900000C000000000000000000000000000000181E
:20A600000000000000000000000000000000000C0000000000000000000000000000000C22
:20A620000000000000000000000000190000000C00000000000000000000000000000018DD
:20A640000000000000000000000000000000000C0000000000000000000000000000000CE2
:20A66000000000000000000000000000000000180000000000000000000000000000000CB6
:20A68000000000000000001000000000000000180000000000000010000000000000000C76
:20A6A0000000000000000010000000000000000C0000000000000010000000000000001856
:20A6C0000000000000000010000000000000000C0000000000000010000000000000000C42
:20A6E000000000000000001000000000000000180000000000000010000000000000000C16
:20A70000000000000000001000000000000000180000000000000010000000000000000001
:20A720000000000000000010000000000000000000000000000000101B00000000000000DE
:20A7400000000000000000101B0000000000000000000000000000100000000000000000BE
:20A760000000000000000010000000000000000000000000000000100000000000000000B9
:20A7800000000000000000101B00000000000000000000000000001000000000000000007E
:20A7A000000000000000001000000000000000000000000000000010000000000000000079
:20A7C0000000000000000010000000000000000000000000000000101B000000000000003E
:20A7E000000000000000001003000000000000000000000000000010030000000000000033
:20A800000000000000000010030000000000000000000000000000101B00000000000000FA
:20A8200000000000000000101B0000000000000000000000000000101B00000000000000C2
:20A8400000000000000000101B0300000000000000000000000000101B000000000000009F
:20A8600000000000000000101B0000000000000000000000000000101B0000000000000082
:20A8800000000000000000101B0003000000000000000000000000101B000000000000005F
:20A8A00000000000000000101B0000000000000000000000000000101B0000000000000042
:20A8C00000000000000000101B0000030000000000000000000000101B000000000000001F
:20A8E00000000000000000101B0000000000000000000000000000101B0000000000000002
:20A9000000000000000000101B0000000000000000000000000000101B00030000000000DE
:20A9200000000000000000101B0000000000000000000000000000101B03000000000000BE
:20A9400000000000000000101B0300000000000000000000000000101B000000000000009E
:20A9600000000000000000101B0000000000000000000000000000101B000003000000007E
:20A9800000000000000000101B0000000000000000000000000000101B000300000000005E
:20A9A00000000000000000101B0003000000000000000000000000101B000000000000003E
:20A9C00000000000000000101B0000000000000000000000000000101B0000000000000021
:20A9E00000000000000000101B0000030000000000000000000000101B00000000000000FE
:20AA000000000000000000101B0000000000000000000000000000101B00000000000000E0
:20AA200000000000000000101B0000000000000000000000000000101B00000000000000C0
:20AA400000000000000000101B0300000000000000000000000000101B030000000000009A
:20AA600000000000000000101B0300000000000000000000000000101B030000000000007A
:20AA800000000000000000101B0300000000000000000000000000101B031B00000000003F
:20AAA00000000000000000101B0000000000000000000000000000101B0000000000000040
:20AAC00000000000000000101B0300000000000000000000000000101B030000000000001A
:20AAE00000000000000000101B031B000000000000000000000000100000000000000000FD
:20AB0000000000000000001000000000000000000000000000000010000000000000000015
:20AB20000000000000000010000000000000000000000000000000100000000000000000F5
:20AB400000000000000000101B000000000000000000000000000010101000111000000079
:20AB60000000000000000010000000000000000000000000000000100000000000000000B5
:20AB8000000000000000001000000000000000000000000000000010000000000000000095
:20ABA000000000000000001000000000000000000000000000000010000000000000000075
:20ABC0000000000000000010000000000000000000000000000000101B000000000000003A
:20ABE0000000000000000010101000111000000000000000000000100000000000000000F4
:20AC0000000000000000001000000000000000000000000000000010000000000000000014
:20AC20000000000000000010000000000000000000000000000000101B00000000000000D9
:20AC40000000000000000010000000000000000000000000000000100000000000000000D4
:20AC60000000000000000010000000000000000000000000000000100000000000000000B4
:20AC80000000000000000010000000000000000000000000000000101B0000000000000079
:20ACA00000000000000000101B000000000000000000000000000010100000000000000049
:20ACC00000000000000000101B0000000000000000000000000000101B000000000000001E
:20ACE00000000000000000101B000000000000000000000000000010000000000000000019
:20AD0000000000000000001000000000000000000000000000000010000000000000000013
:20AD20000000000000000010000000000000000000000000000000102800000000000000CB
:20AD4000000000000000001023000000000000000000000000000010270000000000000089
:20AD600000000000000000101B0000000000000000000000000000101B000000000000007D
:20AD800000000000000000101B0000000000000000000000000000102D3200000000000019
:20ADA00000000000000000101B0000000000000000000000000000101B000000000000003D
:20ADC00000000000000000101B0000000000000000000000000000102D2D320000000000AC
:20ADE00000000000000000101B0000000000000000000000000000101B00000000000000FD
:20AE000000000000000000101B0000000000000000000000000000102D2D2D32000000003E
:20AE200000000000000000101B0000000000000000000000000000101B00000000000000BC
:20AE400000000000000000101B0000000000000000000000000000101B000000000000009C
:20AE600000000000000000101B0000000000000000000000000000101B000000000000007C
:20AE80000000000000000000000000000000000000000000000000000000000000000000B2
:20AEA000000000000000000000000000000000000000000000000000000000000000000092
:20AEC000000000000000000000000000000000110000000000000000000000000000101041
:20AEE000000000000000000000000000000000180000000000000000000000000000000C2E
:20AF00000000000000000000000000000000000C00000000000000000000000000190018F4
:20AF2000000000000000000000000000000019180000000000000000000000000000190CBB
:20AF4000000000000000000000000000000000180000000000000000000000000000000CCD
:20AF60000000000000000000000000001900000C000000000000000000000000190000187B
:20AF8000000000000000000000000000190000180000000000000000000000000000001868
:20AFA0000000000000000000000000000000000C0000000000000000000019000000000C60
:20AFC000000000000000000000000000000000180000000000000000000000190000001828
:20AFE000000000000000000000000019000000180000000000000000000000000000001808
:20B00000000000000000000000000000000000180000000000000000000000000000001800
:20B02000000000000000000000001900000000180000000000000000000019000000000CBA
:20B040000000000000000000000000000000000C00000000000000000000000000000018CC
:20B060000000000000000000000000000000000C0000000000000000001900000000000C9F
:20B080000000000000000000000000000000000C0000000000000000000019000000001873
:20B0A000000000000000000000000000000000180000000000000000000000190000001847
:20B0C0000000000000000000000000190000000C000000000000000000000019000000181A
:20B0E0000000000000000000000000190000000C0000000000000000000011190000000CF5
:20B100000000000000000000000000190000001800000000000000000000001900000018CD
:20B120000000000000000000000000190000001800000000000000000000F41900000018B9
:20B1400000000000000000000000F519000000180000000000000000000000190000001898
:20B160000000000000000000000000190000000C0000000000000000000000000000001892
:20B180000000000000000000000000001900000C0000000000000000000000000000000C7E
:20B1A000000000000000000000000000001900180000000000000000000000000000001846
:20B1C00000000000000000000000000000001918000000000000000000000000000019180D
:20B1E0000000000000000000000000000000191800000000000000000000000000001918ED
:20B200000000000000000000000000000000190C0000000000000000000000000011190CD3
:20B220000000000000000000000000000000191800000000000000000000000000001918AC
:20B240000000000000000000000000000000000C0000000000000000000000000000000CD6
:20B26000000000000000000000000000000000180000000000000000000000000000191885
:20B28000000000000000000000000000000000180000000000000000000000101B00001655
:20B2A00000000000000000000000000000000000000000000000000000000000000000008E
:20B2C00000000000000000000000000000000000000000000000000000000000000000006E
:20B2E00000000000000000000000000000000000000000000000000000000000000000004E
:20B30000000000000000000000000000000000110000000000000000000000101B001010D1
:20B3200000000000000000000000000000000000000000000000000000000000000000000D
:20B340000000000000000000000000000000000000000000000000000000000000000000ED
:20B360000000000000000000000000000000000000000000000000000000000000000011BC
:20B380000000000000000000000000101B0010100000000000000000000000000000000062
:20B3A00000000000000000000000000000000000000000000000000000000000000000008D
:20B3C00000000000000000000000000000000000000000000000000000000000000000006D
:20B3E000000000000000000000000000000000000000000000000000000000101B00001111
:20B400000000000000000000000000101B00001100000000000000000000000000000000F0
:20B4200000000000000000000000000000000000000000000000000000000000000000000C
:20B440000000000000000000000000000000000000000000000000000000000000000000EC
:20B460000000000000000000000000101B0000110000000000000000000000101B00001154
:20B480000000000000000000000000101B0000110000000000000000000000000000000070
:20B4A00000000000000000000000000000000000000000000000000000000000000000008C
:20B4C0000000000000000000000000101B0000110000000000000000000000101B000011F4
:20B4E00000000000000000000000000000000000000000000000000000000000000000004C
:20B5000000000000000000000000000000000000000000000000000000000000000000002B
:20B5200000000000000000000000000000000000000000000000000000000000000000000B
:20B540000000000000000000000000000000000000000000000000000000000000000000EB
:20B56000000000000000000000000000000000000000000000000000000000101B0011107F
:20B580000000000000000000000000000000000000000000000000000000000000000000AB
:20B5A00000000000000000000000000000000000000000000000000000000000000000008B
:20B5C00000000000000000000000000000000000000000000000000000000000000000006B
:20B5E00000000000000000000000000000000000242424242424242424242424242424240B
:20B600002F2F2F2F2F2F2F2F2F2F2F2F2F2F2F2F2F2F2F2F2F2F2F2F2F2F2F2F2F2F2F2F4A
:20B620002F2F2F2F2F2F2F2F2F2F2F2F2F2F2F2F2F2F2F2F2F2F2F2F2F2F2F2F2F2F2F2F2A
:10B640002F2F2F2F2F2F2F2F2F2F2F2F2F2F2F2F0A
:020000040007F3
:20C00000000000000000000000000000000000000000000000000000000000000000000020
:20C02000000000000000000000000000000000000000000000000000000000000000000000
:20C040000000000000000000000000000000000000000000000000000000000000000000E0
:20C060000000000000000000000000000000000000000000000000000000000000000000C0
:20C080000000000000000000000000000000000000000000000000000000000000000000A0
:20C0A000000000000000000000000000000000000000000000000000000000000000000080
:20C0C00000000000000000000000000000000000000000000000000000000000000000352B
:20C0E00000000000000000000000000000000011000000000000000000000000000000111E
:20C100000000000000000000000000000000001100000000000000000000000000000011FD
:20C120000000000000000000000000000000000000000000000000000000000000000000FF
:20C140000000000000000000000000000000000000000000000000000000000000000000DF
:20C160000000000000000000000000000000000000000000000000000000000000000011AE
:20C1800000000000000000000000000000000011000000000000000000000000000000008E
:20C1A00000000000000000000000000000000000000000000000000000000000000000007F
:20C1C00000000000000000000000000000000000000000000000000000000000000000005F
:20C1E00000000000000000000000000000000000000000000000000000000000000000003F
:20C2000000000000000000000000000000000000000000000000000000000000000000110D
:20C220000000000000000000000000000000001100000000000000000000000000000010DD
:20C240000000000000000000000000000000000C0000000000000000000000000000000CC6
:20C260000000000000000000000000000000000C0000000000000000000000000000102D75
:20C2800000000000000000000000000000000000000000000000000000000000000000009E
:20C2A00000000000000000000000000000000000000000000000000000000000000000007E
:20C2C00000000000000000000000000000000000000000000000000000000000000000005E
:20C2E00000000000000000000000000000000000000000000000000000000000000000003E
:20C300000000000000000000000000000000003500000000000000000000000000000011D7
:20C320000000000000000000000000000000001100000000000000000000000000000011DB
:20C340000000000000000000000000000000001100000000000000000000000000001911A2
:20C3600000000000000000000000000000000011000000000000000000000000000000119B
:20C3800000000000000000000000000000000011000000000000000000000000000000008C
:20C3A00000000000000000000000000000000000000000000000000000000000000000007D
:20C3C00000000000000000000000000000000000000000000000000000000000000000005D
:20C3E00000000000000000000000000000000000000000000000000000000000000000003D
:20C400000000000000000000000000000000001100000000000000000000000000000011FA
:20C420000000000000000000000000000000001000000000000000000000000000000018D4
:20C440000000000000000000000000000000001800000000000000000000000000000018AC
:20C460000000000000000000000000000000102D0000000000000000000000000000000C73
:20C480000000000000000000000000000000000C0000000000000000000000000000001878
:20C4A00000000000000000000000000000102D2D0000000000000000000000000000001101
:20C4C00000000000000000000000000000000011000000000000000000000000000000113A
:20C4E00000000000000000000000000000000000000000000000000000000000000000003C
:20C5000000000000000000000000000000000000000000000000000000000000000000001B
:20C520000000000000000000000000000000000000000000000000000000000000000000FB
:20C540000000000000000000000000000000001100000000000000000000000000000011B9
:20C560000000000000000000000000000000000000000000000000000000000000000000BB
:20C5800000000000000000000000000000000000000000000000000000000000000000118A
:20C5A00000000000000000000000000000000000000000000000000000000000000000007B
:20C5C00000000000000000000000000000000000000000000000000000000000001110003A
:20C5E00000000000000000000000000000000000000000000000000000000000000000003B
:20C6000000000000000000000000000000000000000000000000000000000000000000001A
:20C620000000000000000000000000000000001100000000000000000000000000000000E9
:20C64000000000000000000000000000000000000000000000000000000000101B000000AF
:20C660000000000000000000000000101B0000EA0000000000000000000000101B0000EB8F
:20C680000000000000000000000000101B0000000000000000000000000000101B00000044
:20C6A0000000000000000000000000101B0000000000000000000000000000101B000035EF
:20C6C0000000000000000000000000101B0000000000000000000000000000101B00000004
:20C6E0000000000000000000000000101B0000000000000000000000000000101B0000EAFA
:20C700000000000000000000000000101B0000EB0000000000000000000000101B000000D8
:20C720000000000000000000000000000000000000000000000000000000000000000000F9
:20C740000000000000000000000000000000000000000000000000000000000000000000D9
:20C760000000000000000000000000000000000000000000000000000000000000000000B9
:20C78000000000000000000000000000000000110000000000000000000000000000000088
:20C7A000000000000000000000000000000000000000000000000000000000000000000079
:20C7C000000000000000000000000000001110000000000000000000000000000000000038
:20C7E000000000000000000000000000000000000000000000000000000000000000000039
:20C80000000000000000000000000000000000000000000000000000000000000000001107
:20C820000000000000000000000000000000001100000000000000000000000000000010D7
:20C840000000000000000000000000000000001100000000000000000000000000000011B6
:20C860000000000000000000000000000000001100000000000000000000000000000000A7
:20C88000000000000000000000000000000000000000000000000000000000000000000098
:20C8A000000000000000000000000000001110000000000000000000000000000000000057
:20C8C000000000000000000000000000000000350000000000000000000000000000001112
:20C8E000000000000000000000000000000000110000000000000000000000000000001116
:20C900000000000000000000000000000000001100000000000000000000000000000010F6
:20C920000000000000000000000000000000001600000000000000000000000000000016CB
:20C940000000000000000000000000000000001600000000000000000000000000000016AB
:20C9600000000000000000000000000000000010000000000000000000000000000000188F
:20C98000000000000000000000000000000000180000000000000000000000000000001867
:20C9A0000000000000000000000000000000102D0000000000000000000000000000190C15
:20C9C0000000000000000000000000000000190C0000000000000000000000000000191801
:20C9E0000000000000000000000000000011102D00000000000000000000000000000018D1
:20CA00000000000000000000000000000000001800000000000000000000000000000010EE
:20CA20000000000000000000000000000000001600000000000000000000000000000016CA
:20CA4000000000000000000000000000000011160000000000000000000000000000001699
:20CA600000000000000000000000000000000016000000000000000000000000000035105B
:20CA8000000000000000000000000000000000180000000000000000000000000000000C72
:20CAA0000000000000000000000000000000000C0000000000000000000000000000001852
:20CAC00000000000000000000000000000190018000000000000000000000000000000180D
:20CAE0000000000000000000000000000000000C0000000000000000000000000000001812
:20CB00000000000000000000000000001900000C0000000000000000000000000000000CE4
:20CB20000000000000000000000000000000001800000000000000000000000000000018C5
:20CB400000000000000000000000001900000018000000000000000000000000000000188C
:20CB600000000000000000000000000000000018000000000000000000000000000019186C
:20CB80000000000000000000000000000000190C0000000000000000000000000000190C4B
:20CBA000000000000000000000000000000000180000000000000000000000000000001647
:20CBC000000000000000000000000000000000160000000000000000000000000000001827
:20CBE000000000000000000000000000000000180000000000000000000000000000001805
:20CC00000000000000000000000000000000191800000000000000000000000000000018CB
:20CC20000000000000000000000000000000000C00000000000000000000000000000018D0
:20CC40000000000000000000000000000019000C0000000000000000000000000000000CA3
:20CC600000000000000000000000000000001918000000000000000000000000000000186B
:20CC8000000000000000000000000011190000100000000000000000000000000000001644
:20CCA00000000000000000000000000000000016000000000000000000000000000011103D
:20CCC000000000000000000000000000000000180000000000000000000000000000001824
:20CCE00000000000000000000000000000000010000000000000000000000000000000180C
:20CD00000000000000000000000000000000000C0000000000000000000000000000000CFB
:20CD20000000000000000000000000000000102D0000000000000000000000000000000CAA
:20CD40000000000000000000000000000000000C00000000000000000000000000000018AF
:20CD600000000000000000000000000035102D2D00000000000000000000000000000018FC
:20CD8000000000000000000000000000000000180000000000000000000000000000001863
:20CDA0000000000000000000000000000000000C0000000000000000000000000000000C5B
:20CDC000000000000000000000000000000000180000000000000000000000000000102DFE
:20CDE000000000000000000000000000000000180000000000000000000000000000001803
:20CE00000000000000000000000000000000001000000000000000000000000000000018EA
:20CE20000000000000000000000000000000001800000000000000000000000000000018C2
:20CE40000000000000000000000000000000102D0000000000000000000000000000000C89
:20CE60000000000000000000000000000000000C000000000000000000000000000000188E
:20CE800000000000000000000000000000102D2D0000000000000000000000000000000C1C
:20CEA0000000000000000000000000000000000C000000000000000000000000000000184E
:20CEC000000000000000000000000035102D2D2D000000000000000000000000000000186E
:20CEE000000000000000000000000000000000180000000000000000000000000000000C0E
:20CF0000000000000000000000000000000000180000000000000000000000000000000CED
:20CF20000000000000000000000000000000000C00000000000000000000000000000010D5
:20CF40000000000000000000000000000000001000000000000000000000000000000018A9
:20CF6000000000000000000000000000000000180000000000000000000000000000102D5C
:20CF80000000000000000000000000000000000C0000000000000000000000000000000C79
:20CFA00000000000000000000000000000000018000000000000000000101B0000102D2DC4
:20CFC000000000000000000000101B0000000018000000000000000000101B0000000018CB
:20CFE00000000000000000000000000000000010000000000000000000000000000000160B
:20D000000000000000000000000000000000001000000000000000000000000000000011EF
:20D020000000000000000000000000000000001100000000000000000000000000000011CE
:20D040000000000000000000000000000000000000000000000000000000000000000000D0
:20D060000000000000000000000000000000000000000000000000000000000000000000B0
:20D0800000000000000000000000000000000011000000000000000000000000000000007F
:20D0A000000000000000000000000000000000000000000000000000000000000000000070
:20D0C000000000000000000000000000000000F4000000000000000000000000000000F666
:20D0E000000000000000000000000000000000F5000000000000000000000000000000003B
:20D1000000000000000000000000000000000000000000000000000000000000000000000F
:20D120000000000000000000000000000000001100000000000000000000000000000011CD
:20D140000000000000000000000000000000001000000000000000000000000000000018A7
:20D1600000000000000000000000000000000018000000000000000000000000000000187F
:20D180000000000000000000000000000000102D0000000000000000000000000000000C46
:20D1A0000000000000000000000000000000000C000000000000000000000000000000184B
:20D1C00000000000000000000000000000102D2D00000000000000000000000000000018CD
:20D1E0000000000000000000000000000000000C0000000000000000000000000000000C17
:20D20000000000000000000000000000102D2D2D0000000000000000000000001900000C52
:20D22000000000000000000000000000190000180000000000000000000000001900000C98
:20D240000000000000000000000000001900000C000000000000000000000011102D2D2D01
:20D26000000000000000000000000000000000180000000000000000000000000019001865
:20D280000000000000000000000000000019000C0000000000000000000000000019001838
:20D2A0000000000000000000000000000000000C0000000000000000000000000035190C08
:20D2C00000000000000000000000000000000018000000000000000000000000000000181E
:20D2E000000000000000000000000000000000180000000000000000000000000000000C0A
:20D30000000000000000000000000019000000180000000000000000000000190000000CB7
:20D320000000000000000000000000000000000C00000000000000000000000000000018C9
:20D3400000000000000000000000190000000018000000000000000000001900000000186B
:20D36000000000000000000000000000000000180000000000000000000000190000001864
:20D38000000000000000000000000000000000180000000000000000000000001900001844
:20D3A0000000000000000000000000000000000C0000000000000000000000000019000C3C
:20D3C000000000000000000000000000001900180000000000000000000000000000001804
:20D3E0000000000000000000000000000000001800000000000000000000000000000018FD
:20D400000000000000000000000000000000102D000000000000000000000000000019189E
:20D42000000000000000000000000000000019180000000000000000000000000000190C96
:20D440000000000000000000000000000000190C0000000000000000000000000000191876
:20D460000000000000000000000000000000190C0000000000000000000000000000191856
:20D48000000000000000000000000000001119180000000000000000000000000000190C25
:20D4A000000000000000000000000000000019180000000000000000000000000000102DFE
:20D4C0000000000000000000000000000000000C0000000000000000000000000000001828
:20D4E0000000000000000000000000000000001800000000000000000000000000190018E3
:20D500000000000000000000000000000000000C00000000000000000000000000000018E7
:20D520000000000000000000000000000000000C0000000000000000000000001900000CBA
:20D5400000000000000000000000000000000018000000000000000000000000000000189B
:20D5600000000000000000000000000000000000000000000000000000000019000000355D
:20D580000000000000000000000000000000000C0000000000000000000000000000000C73
:20D5A000000000000000000000000000000000180000000000000000000000000000000C47
:20D5C0000000000000000000000000001900000C000000000000000000000000000000180E
:20D5E0000000000000000000000000000000001800000000000000000000000000000018FB
:20D60000000000000000000000000035102D2D2D000000000000000000000000000000112D
:20D620000000000000000000000000000000001100000000000000000000000000000011C8
:20D640000000000000000000000000000000001100000000000000000000000000000011A8
:20D66000000000000000000000000000000000110000000000000000000000000000000099
:20D6800000000000000000000000000000000000000000000000000000000000000000008A
:20D6A00000000000000000000000000000000000000000000000000000000000000000006A
:20D6C00000000000000000000000000000000000000000000000000000000000000000004A
:20D6E00000000000000000000000000000000000000000000000000000000000000000002A
:20D700000000000000000000000000000000000000000000000000000000000000000011F8
:20D720000000000000000000000000000000001100000000000000000000000000000000D8
:20D7400000000000000000000000000000000000000000000000000000000000000000F4D5
:20D76000000000000000000000000000000000F6000000000000000000000000000000F5BE
:20D7800000000000000000000000000000000000000000000000000000000000101B00005E
:20D7A000000000000000000000000000101B0000000000000000000000000000000000003E
:20D7C000000000000000000000000000000000000000000000000000000000000000000049
:20D7E000000000000000000000000000000000000000000000000000000000000000000029
:20D800000000000000000000000000000000102D00000000000000000000000000000018B3
:20D8200000000000000000000000000000000018000000000000000000000035102D2D2D04
:20D84000000000000000000000000000000000180000000000000000000000000000000CA4
:20D86000000000000000000000190000000000180000000000000000001900000000000C52
:20D880000000000000000000001900000000000C0000000000000000001900000000000C3E
:20D8A000000000000000000000001900000000180000000000000000000019000000000C12
:20D8C000000000000000000000001900000000180000000000000000000019000000000CF2
:20D8E0000000000000000000000019000000000C00000000000000000011190000000018C1
:20D90000000000000000000000000000000000180000000000000000000000000000000CE3
:20D920000000000000000000000000001900000C0000000000000000000000001900000C9D
:20D94000000000000000000000000000000000180000000000000000000000000000000CA3
:20D960000000000000000000000000000000000C000000000000000000000019000000186A
:20D9800000000000000000000000000000000018000000000000000000000000190000183E
:20D9A0000000000000000000000000000000001800000000000000000000000035190018E9
:20D9C000000000000000000000000000000000180000000000000000000000000000001817
:20D9E0000000000000000000000000000000000C0000000000000000000000000000001803
:20DA00000000000000000000000000000000000C0000000000000000000000000000000CEE
:20DA20000000000000000000000000000019000C0000000000000000000000000000000CB5
:20DA40000000000000000000000000001C1C1C18060606060605000000000000102D2D2DA0
:20DA6000060606060605000000000000000000000606060606050000000000000000000060
:20DA8000020202020201000000000000000000000606060606050000000000000000000058
:20DAA000060606060605000000000000000000000606060606050000000000000000000020
:20DAC000020202020201000000000000000000000606060606050000000000000000000018
:20DAE0000606060606050000000000000000000006060606060500000000000000000000E0
:20DB00000202020202010000000000000000000006060606060500000000000000000000D7
:20DB200006060606060500000000000000000000060606060605000000000000000000009F
:20DB4000020202020201000000000000000000000606060606050000000000000000000097
:20DB600006060606060500000000000000000000060606060605000000000000000000005F
:20DB8000020202020201100000000000000000000606060606052F10000000000000000008
:20DBA0000606060606052F2F10000000000000000606060606052F2F2F1000000000000014
:20DBC0000202020202012F2F10000000000000000606060606052F1000000000000000006A
:20DBE0000606060606051000000000000000000006060606060500000000000000000000CF
:20DC00000202020202010000000000000000000006060606060500000000000000000010C6
:20DC20000606060606050000000000000000102F06060606060500000000000000102F2FF1
:20DC4000020202020201000000000000102F2F2F06060606060500000000000000102F2F8B
:20DC60000606060606050000000000000000102F060606060605000000000000000000100F
:20DC8000020202020201000000000000000000000606060606050000000000000000000056
:20DCA000060606060605100000000000000000000606060606052F100000000000000000CF
:20DCC0000202020202012F2F2F000000000000000606060606052F2F2F2F000000000000CD
:20DCE0000606060606052F2F2F2F1000000000000606060606052F2F2F2F2F100000000017
:20DD00000202020202012F2F2F2F2F10000000000606060606052F2F2F2F2F1000000000DF
:20DD20000606060606052F2F2F2F2F10000000000606060606052F2F2F2F2F1000000000A7
:20DD40000202020202012F2F2F2F2F10000000000606060606052F2F2F2F2F10000000009F
:20DD60000606060606052F2F2F2F1000000000000606060606052F2F2F2F000000000000D5
:20DD80000202020202012F2F2F000000000000000606060606052F10000000000000000089
:20DDA00006060606060510000000000000000000060606060605000000000000000000000D
:20DDC000020202020201000000000000000000100606060606050000000000000000102FC6
:20DDE00006060606060500000000000000102F2F060606060605000000000000102F2F2FD2
:20DE00000202020202010000000000102F2F2F2F06060606060500000000102F2F2F2F2F0D
:20DE200006060606060500000000102F2F2F2F2F06060606060500000000102F2F2F2F2FA6
:20DE400002020202020100000000102F2F2F2F2F0606060606050000000000102F2F2F2FCD
:20DE6000060606060605000000000000102F2F2F06060606060500000000000000102F2F51
:20DE80000202020202010000000000000000102F06060606060510000000000000000010F5
:20DEA0000606060606052F1000000000000000000606060606052F2F10000000000000006F
:20DEC0000202020202012F2F2F100000000000000606060606052F2F2F2F100000000000AB
:20DEE0000606060606052F2F2F2F2F10000000000606060606052F2F2F2F2F1000000000E6
:20DF00000202020202012F2F2F2F2F10000000000606060606052F2F2F2F2F1000000000DD
:20DF20000606060606052F2F2F2F1000000000000606060606052F2F2F1000000000000032
:20DF40000202020202012F2F10000000000000000606060606052F100000000000000000E6
:20DF6000060606060605100000000000000000100606060606050000000000000000102FFC
:20DF800002020202020100000000000000102F2F060606060605000000000000102F2F2F48
:20DFA0000606060606050000000000102F2F2F2F0606060606050000000000102F2F2F2F83
:20DFC0000202020202010000000000102F2F2F2F0606060606050000000000102F2F2F2F7B
:20DFE000060606060605000000000000102F2F2F06060606060500000000000000102F2FD0
:20E000000202020202010000000000000000102F0606060606050000000000000000001083
:20E0200006060606060500000000000000000000060606060605000000000000000000009A
:20E04000020202020201000000000000000000000606060606051000000000000000001072
:20E060000606060606052F10000000000000102F0606060606052F2F101E000000102F2FE2
:20E080000202020202012F2F101E000000102F2F0606060606052F2F101E000000102F2F5E
:20E0A0000606060606052F2F101E000000102F2F0606060606052F2F101E000000102F2F26
:20E0C0000202020202012F2F101E000000102F2F0606060606052F2F101E000000102F2F1E
:20E0E0000606060606052F2F101E000000102F2F0606060606052F2F101E000000102F2FE6
:20E100000202020202012F2F1000000000102F2F0606060606052F2F1000000000102F2F19
:20E120000606060606052F2F1000000000102F2F0606060606052F2F1000000000102F2FE1
:20E140000202020202012F2F1000000000102F2F0606060606052F2F1000000000102F2FD9
:20E160000606060606052F2F1000000012102F2F0606060606052F2F1000000012102F2F7D
:20E180000202020202012F2F1000000012102F2F0606060606052F2F1000000012102F2F75
:20E1A0000606060606052F2F1000000012102F2F0606060606052F2F1000000012102F2F3D
:20E1C0000202020202012F2F1000000012102F2F0606060606052F2F1000000012102F2F35
:20E1E0000606060606052F2F1000000012102F2F0606060606052F2F1000000012102F2FFD
:20E200000202020202012F2F1000000000102F2F0606060606052F2F1000000000102F2F18
:20E220000606060606052F2F1000000000102F2F0606060606052F2F1000000000102F2FE0
:20E240000202020202012F2F1000000000102F2F0606060606052F2F1000000000102F2FD8
:20E260000606060606052F2F1000000000102F2F0606060606052F2F1000000000102F2FA0
:20E280000202020202012F2F1000000000102F2F0606060606052F2F1000000000102F2F98
:20E2A0000606060606052F2F1000000000102F2F0606060606052F2F1000000000102F2F60
:20E2C0000202020202012F2F1000000000102F2F0606060606052F2F1000000000102F2F58
:20E2E0000606060606052F2F1000000000102F2F060606060605101010000000001010109C
:20E300000000000000000000000000000000001100000000000000000000000000000000EC
:20E320000000000000000000000000000000000000000000000000000000000000000000DD
:20E340000000000000000000000000000000000000000000000000000000000000000000BD
:20E3600000000000000000000000000000000000000000000000000000000000000000118C
:20E3800000000000000000000000000000000011000000000000000000000000000000006C
:20E3A00000000000000000000000000000000000000000000000000000000000000000005D
:20E3C00000000000000000000000000000000011000000000000000000000000000000101C
:20E3E0000000000000000000000000000000001600000000000000000000000000000010F7
:20E40000000000000000000000000000000000180000000000000000000000000000000CD8
:20E42000000000000000000000000000000000180000000000000000000000000000190C9F
:20E440000000000000000000000000000000000C0000000000000000000000000000001898
:20E460000000000000000000000000000000000C0000000000000000000000000019000C6B
:20E480000000000000000000000000000000000C000000000000000000000000000019183F
:20E4A0000000000000000000000000000000190C0000000000000000000000000000000C2B
:20E4C0000000000000000000000000000000000C0000000000000000000000000000001818
:20E4E0000000000000000000000000000019001800000000000000000000000000000018D3
:20E500000000000000000000000000000000001000000000000000000000000000003510A6
:20E520000000000000000000000000000000001100000000000000000000000000000011B9
:20E54000000000000000000000000000000000110000000000000000000000000000001199
:20E5600000000000000000000000000000000000000000000000000000000000000000009B
:20E5800000000000000000000000000000000000000000000000000000000000000000007B
:20E5A00000000000000000000000000000000000000000000000000000000000000000005B
:20E5C00000000000000000000000000000000000000000000000000000000000000000003B
:20E5E0000000000000000000000000000000001100000000000000000000000000000011F9
:20E60000000000000000000000000000000000100000000000000000000000000000000CDE
:20E62000000000000000000000000000000000180000000000000000000000000000000CB6
:20E640000000000000000000000000000035190C0000000000000000000000000000001848
:20E66000000000000000000000000000111910100000000000000000000000000000000C44
:20E680000000000000000000000000000000000C0000000000000000000000000000001856
:20E6A0000000000000000000000000000000000C0000000000000000000000000000351009
:20E6C00000000000000000000000000000000018000000000000000000000000000000180A
:20E6E0000000000000000000000000001119101000000000000000000000000000000018B8
:20E700000000000000000000000000000019000C0000000000000000000000000019000CAF
:20E72000000000000000000000000000000000180000000000000000000000000000191890
:20E740000000000000000000000000000000190C0000000000000000000000000000000C88
:20E76000000000000000000000000000000000180000000000000000000000000000001869
:20E78000000000000000000000000000001900180000000000000000000000000000001830
:20E7A000000000000000000000000000000000100000000000000000000000000000351004
:20E7C000000000000000000000000000000000110000000000000000000000000000001117
:20E7E0000000000000000000000000000000001100000000000000000000000000000011F7
:20E800000000000000000000000000000000000000000000000000000000000000000000F8
:20E820000000000000000000000000000000000000000000000000000000000000000000D8
:20E840000000000000000000000000000000000000000000000000000000000000000000B8
:20E86000000000000000000000000000000000000000000000000000000000000000000098
:20E88000000000000000000000000000000000000000000000000000000000000000001167
:20E8A000000000000000000000000010100010100000000000000000000000000000000018
:20E8C000000000000000000000000000000000000000000000000000000000000000000038
:20E8E000000000000000000000000000000000000000000000000000000000000000000018
:20E900000000000000000000000000000000001100000000000000000000001010001010A6
:20E920000000000000000000000000000000000000000000000000000000000000000000D7
:20E940000000000000000000000000000000000000000000000000000000000000000000B7
:20E96000000000000000000000000000000000000000000000000000000000000000001186
:20E98000000000000000000000000010100010100000000000000000000000000000001621
:20E9A00000000000000000000000000000000016000000000000000000000000000000162B
:20E9C00000000000000000000000000000000016000000000000000000000000000000160B
:20E9E0000000000000000000000000000000001600000000000000000000000000000016EB
:20EA00000000000000000000000000000000001600000000000000000000000000001116B9
:20EA20000000000000000000000000000000001600000000000000000000000000000016AA
:20EA400000000000000000000000000000000010000000000000000000000000000000188E
:20EA6000000000000000000000000000000000180000000000000000000000000000001866
:20EA800000000000000000000000000000000016000000000000000000000000000000164A
:20EAA000000000000000000000000000000000160000000000000000000000000000111619
:20EAC000000000000000000000000000000000180000000000000000000000000000000C12
:20EAE0000000000000000000000000000000001600000000000000000000000000000016EA
:20EB00000000000000000000000000000000001600000000000000000000000000000016C9
:20EB20000000000000000000000000000000000C00000000000000000000000000000018B1
:20EB40000000000000000000000000000000000C0000000000000000000000000000190C84
:20EB6000000000000000000000000000000000180000000000000000000000000000001865
:20EB8000000000000000000000000000000000180000000000000000000000000019000C38
:20EBA0000000000000000000000000000000000C0000000000000000000000000000001831
:20EBC00000000000000000000000000000000000000000000000000000000000190000001C
:20EBE0000000000000000000101B00001900000000000000000000000000000019000000B8
:20EC00000000000000000000000000001900000C0000000000000000000000111900000C99
:20EC20000000000000000000000000001900000C0000000000000000000000001900000096
:20EC4000000000000000000000000000190000000000000000000000000000001900000082
:20EC6000000000000000000000000000190000000000000000000000000000000000003546
:20EC80000000000000000000000000000000000C0000000000000000000000000019000C43
:20ECA0000000000000000000000000000019001800000000000000000000000000190018F2
:20ECC0000000000000000000000000000019000C0000000000000000000000001119000CD9
:20ECE0000000000000000000000000000000000C0000000000000000000000000000000CFC
:20ED00000000000000000000000000000000001600000000000000000000000000000016C7
:20ED20000000000000000000000000000000001600000000000000000000000000000016A7
:20ED4000000000000000000000000000000000160000000000000000000000000000001687
:20ED600000000000000000000000000000001116000000000000000000000000000000006C
:20ED8000000000000000000000000000000000000000000000000000000000000000000073
:20EDA000000000000000000000000000000000000000000000000000000000000000000053
:20EDC000000000000000000000000000000000110000000000000000000000000000000022
:20EDE000000000000000000000000000000000000000000000000000000000000000000013
:20EE0000000000000000000000000000000000F4000000000000000000000000000000F509
:20EE20000000000000000000000000000000000000000000000000000000000000000000D2
:20EE400000000000000000000000000000101B0000000000000000000000000000101B005C
:20EE6000000000000000000000000000000000000000000000000000000000000000000092
:20EE8000000000000000000000000000000000000000000000000000000000000000000072
:20EEA000000000000000000000000000000000000000000000000000000000000000001141
:20EEC000000000000000000000000000000000000000000000000000000000000000000032
:20EEE00000000000000000000000000000000000000000000000000000000000000000F41E
:20EF0000000000000000000000000000000000F500000000000000000000000000000000FC
:20EF20000000000000000000000000000000000000000000000000000000000000101B00A6
:20EF400000000000000000000000000000101B0000000000000000000000000000101B005B
:20EF600000000000000000000000000000101B000000000000000000000000000000000066
:20EF8000000000000000000000000000000000000000000000000000000000000000000071
:20EFA00000000000000000000000000000000011000000000000000000000000000000112F
:20EFC000000000000000000000000000000000000000000000000000000000000000000031
:20EFE000000000000000000000000000000000000000000000000000000000000000000011
:20F000000000000000000000000000000000000000000000000000000000000000000000F0
:20F020000000000000000000000000000000000000000000000000000000000000000000D0
:20F04000000000000000000000000000000000110000000000000000000000101B00101054
:20F06000000000000000000000000000000000000000000000000000000000000000000090
:20F08000000000000000000000000000000000000000000000000000000000000000000070
:20F0A000000000000000000000000000000000000000000000000000000000000000000050
:20F0C00000000000000000000000000000000000000000000000000000000000000000111F
:20F0E0000000000000000000000000101B00101000000000000000000000000000000000C5
:20F100000000000000000000000000000000000000000000000000000000000000000000EF
:20F120000000000000000000000000000000000000000000000000000000000000000000CF
:20F140000000000000000000000000000000000000000000000000000000000000000000AF
:20F16000000000000000000000000000000000110000000000000000000000101B00101033
:20F18000000000000000000000000000000000160000000000000000000000000000001643
:20F1A000000000000000000000000000000000100000000000000000000000000000000C33
:20F1C0000000000000000000000000000000000C000000000000000000000000000000180B
:20F1E0000000000000000000000000000000102D0000000000000000000000000000000CC6
:20F200000000000000000000000000000000000C00000000000000000000000000000018CA
:20F2200000000000000000000000000000102D2D000000000000000000000000000000184C
:20F24000000000000000000000000000000000180000000000000000000000000000102D59
:20F2600000000000000000000000000000000018000000000000000000000000000000185E
:20F280000000000000000000000000000000001800000000000000000000000000102D2DEC
:20F2A00000000000000000000000000000000018000000000000000000000000000000181E
:20F2C0000000000000000000000000000000001800000000000000000000000010000018EE
:20F2E0000000000000000000000000001000000C00000000000000000000000010000018CA
:20F300000000000000000000000000000000000C0000000000000000000000000000000CD5
:20F3200000000000000000000000000000000018000000000000000000000000000000189D
:20F3400000000000000000000000000000102D2D000000000000000000000000000000182B
:20F3600000000000000000000000000000000018000000000000000000000000000000185D
:20F38000000000000000000000000000102D2D2D00000000000000000000000000000018BE
:20F3A000000000000000000000000011100000180000000000000000000000000000000C08
:20F3C0000000000000000000000000000000000C0000000000000000000000000000001809
:20F3E0000000000000000000000000000000001000000000000000000000000000003510B8
:20F400000000000000000000000000000000001100000000000000000000000000000011CA
:20F420000000000000000000000000000000000000000000000000000000000000000000CC
:20F440000000000000000000000000000000000000000000000000000000000000000000AC
:20F4600000000000000000000000000000000000000000000000000000000000000000008C
:20F48000242424242424242424242424242424242F2F2F2F2F2F2F2F2F2F2F2F2F2F2F2F3C
:20F4A0002F2F2F2F2F2F2F2F2F2F2F2F2F2F2F2F2F2F2F2F2F2F2F2F2F2F2F2F2F2F2F2F6C
:20F4C0002F2F2F2F2F2F2F2F2F2F2F2F2F2F2F2F2F2F2F2F2F2F2F2F2F2F2F2F2F2F2F2F4C
:020000040008F2
:20C00000000000000000000000000000000000000000000000000000000000000000000020
:20C02000000000000000000000000000000000000000000000000000000000000000000000
:20C040000000000000000000000000000000000000000000000000000000000000000000E0
:20C060000000000000000000000000000000000000000000000000000000000000000000C0
:20C080000000000000000000000000000000000000000000000000000000000000000000A0
:20C0A000000000000000000000000000000000110000000000000000000000000000302D12
:20C0C0000000000000000000000000000000000C000000000000000000000000000000183C
:20C0E0000000000000000000000000000000000C0000000000000000000000000000190C0F
:20C100000000000000000000000000000000001800000000000000000000000000000016F1
:20C120000000000000000000000000000000001600000000000000000000000000000018D1
:20C140000000000000000000000000000000000C0000000000000000000000000019000CAE
:20C1600000000000000000000000000000000018000000000000000000000000000000188F
:20C18000000000000000000000000000000000180000000000000000000000001900000C62
:20C1A0000000000000000000000000000000000C000000000000000000101B000019001817
:20C1C0000000000000000000000000000000001800000000000000000000101B00002524D3
:20C1E0000000000000000000000000000000262200000000000000000000000000000018DF
:20C200000000000000000000000000000000000C0000000000000000000000001900000CED
:20C220000000000000000000000000000000001800000000000000000000000000000018CE
:20C240000000000000000000000019000000000C00000000000000000000000000000018A1
:20C260000000000000000000000000000000000C0000000000000000190000000000000C8D
:20C28000000000000000000000000000000000180000000000101B0000190000000000182A
:20C2A000000000000000000000190000000000180000000000000000111900000000000C17
:20C2C000000000000000000000000000000000180000000000000000000000000000000C3A
:20C2E0000000000000000000000000190000000C00000000000000000000001900000018E8
:20C300000000000000000000000000000000000C0000000000000000000000000000000C05
:20C320000000000000101B0000190000000000180000000000000000000000000000000C95
:20C34000000000000000101B00001900000000180000000000000000000000000000000C75
:20C3600000000000000000101B0000190000000C0000000000000000000000000000000C61
:20C380000000000000000000101B0000252424240000000000000000000000002622222255
:20C3A000000000000000000000000000000000180000000000000000000000000000000C59
:20C3C000000000000000000000000000000000180000000000000000000000340000000C05
:20C3E0000000000000000000000000000000000C0000000000000000000000000000000C25
:20C40000000000000000000000000000000000180000000000000000000000000000000CF8
:20C42000000000000000000000000000002524240000000000000000000000000026222225
:20C440000000000000000000000000000000000C00000000000000000000101B0000190C80
:20C460000000000000000000000000000000000C0000000000000000000000101B00003055
:20C4800000000000000000000000000000000000000000000000000000000000000000009C
:20C4A00000000000000000000000000000000000000000000000000000000000000000007C
:20C4C000000000000000000000000000000000110000000000000000000000000000302DEE
:20C4E00000000000000000000000000000000011000000000000000000000000000000111A
:20C500000000000000000000000000000000001100000000000000000000000000000011F9
:20C520000000000000000000000000000000000000000000000000000000000000000035C6
:20C540000000000000000000000000000000001200000000000000000000000000000012B7
:20C56000000000000000000000000000000000120000000000000000000000000000001297
:20C58000000000000000000000000000000034120000000000000000000000000000001243
:20C5A000000000000000000000000000000000120000000000000000000000003400001223
:20C5C000000000000000000000000000000000120000000000000000000000000010101019
:20C5E000000000000000000000000000001A1A1A00000000000000000000000000000000ED
:20C6000000000000000000000000000000000000000000000000000000000000000000001A
:20C620000000000000000000000000000000000000000000000000000000001C1C1C0000A6
:20C640000000000000000000000000101010000000000000000000000000000000000000AA
:20C660000000000000000000000000000000000000000000000000000000000000000011A9
:20C68000000000000000000000000000000000110000000000000000000000000000001178
:20C6A000000000000000000000000000000000300000000000000000000000000000000C3E
:20C6C000000000000000000000000000000000180000000000000000000000000019000C1D
:20C6E0000000000000000000000000000000000C0000000000000000000000000000001816
:20C700000000000000000000000000000000000C0000000000000000000000001900000CE8
:20C7200000000000000000000000000000000018000000000000000000101B000019000C91
:20C740000000000000000000000000000000001800000000000000000000101B000025244D
:20C760000000000000000000000000000000212F0000000000000000000000000011262210
:20C780000000000000000000000000000000000C0000000000000000000000000000000C81
:20C7A0000000000000000000000000000019000C000000000000000000000000000000183C
:20C7C0000000000000000000000000000000000C0000000000000000000000000000001835
:20C7E00000000000000000000000000000302D2D00000000000000000000000000000000AF
:20C80000000000000000000000000000000000000000000000000000000000000000000018
:20C820000000000000000000000000000000000000000000000000000000000000111000D7
:20C840000000000000000000000000000000000000000000000000000000000000000000D8
:20C86000000000000000000000000000000000110000000000000000000000101B00252D2A
:20C8800000000000000000000000000000002E180000000000000000000000000011310C04
:20C8A000000000000000000000000000000000180000000000000000000000001900000C3B
:20C8C0000000000000000000000000000000000C000000000000000000000000001900181B
:20C8E0000000000000000000000000000019001800000000000000000000000000000018EF
:20C90000000000000000000000000000000000180000000000000000101B001900000018A3
:20C920000000000000000000000000190000000C0000000000000000000011190000000C9C
:20C940000000000000000000000000000000001800000000000000000000000000000018A7
:20C96000000000000000000000003400000000180000000000000000000000000000000C5F
:20C98000000000000000000000000000000000180000000000000000000000000000000C73
:20C9A0000000000000000000001900000000000C000000000000000000000000000000183A
:20C9C0000000000000000000000000000000001800000000000000000000351900000018D9
:20C9E0000000000000000000000000000000000C0000000000000000000000000000000C1F
:20CA0000000000000000000000000000000000180000000000000000000000000000000CF2
:20CA2000000000000000000034000000000000180000000000000000000000E80000000CB6
:20CA40000000000000000000000000E90000000C00000000001C1C1C000000000000341841
:20CA600000000000001010100000000000000018000000000000000000001900000000183D
:20CA8000000000000000000000000000000000180000000000000000000000000000001866
:20CAA00000000000101B000019000000000000180000000000000000000000000000001802
:20CAC0000000000000101B00001900000000000C00000000000000000000000000000018EE
:20CAE000000000000000101B000019000000000C0000000000000000000019000000000CC1
:20CB00000000000000000000000000000000001800000000000000000000000000000018E5
:20CB20000000000000000000190000000000001800000000000000000000000000000018AC
:20CB40000000000000000000000000000000000C00000000000000000000000000000018B1
:20CB60000000000000000034000000000000000C0000000000000000000000000000000C69
:20CB8000000000000000000000000000000000180000000000000000000000000000001865
:20CBA0000000000000000019000000000000000C0000000000000000000000000000000C44
:20CBC00000000000101B0000190000000000001800000000000000000000000000000018E1
:20CBE0000000000000000000000000000000001800000000000000000034000000000018D1
:20CC00000000000000000000000000000000000C00000000000000000000000000000018F0
:20CC20000000000000000000000000000000000C0000000000000000351900000000000C8E
:20CC40000000000000000000000000000000001800000000000000000000000000000018A4
:20CC60000000000000000000000000000000000C0000000000000000000000000000000C9C
:20CC80000000101B0000190000000000000000180000000000000000000000000000000C2C
:20CCA000000000101B00001900000000000000180000000000000000000000000000001800
:20CCC00000000000101B0000190000000000000C00000000000000001900000000000018D3
:20CCE0000000000000000011190000000000000C0000000000000000000000000000000CF2
:20CD00000000000000001900000000000000001800000000000000000000000000000018CA
:20CD2000000000000000000000000000000000180000000000000000000000000000000CCF
:20CD4000000000000019000000000000000000180000000000000000000000000000000C96
:20CD60000000000000000000000000000000000C000000000000000000000000000000188F
:20CD80000000000019000000000000000000000C0000000000000000000000000000000C62
:20CDA00000101B0000000000000000000000000C00000000000019000000000000003516D8
:20CDC0000000101B00001900000000000000001800000000000019000000000000000018C6
:20CDE0000000000000000000000000000000000C000000000000000000000000000000180F
:20CE00000000000019000000000000000000000C0000000000000000000000000035190C93
:20CE20000000000000000000000000000000001800001900000000000000000000000018A9
:20CE40000000000000000000000000000000000C1B0000190000000000000000000000187A
:20CE60000000000000000000000000000000000C101B000019000000000000003519000C08
:20CE80000000000000000000000000000000001800101B000019000000000000000000181E
:20CEA000000000000019000000000000000000180000000011190000000033000000000CD8
:20CEC000000000000000000000002E0000000018000000000000000000002E000000000CD2
:20CEE0000000000000000000000031000000000C00000000000000000000003300000018AA
:20CF00000000000000000000000000310000000C0000000000000000000000003300001889
:20CF20000000000000000000000000003100000C0000000000000000000000000033000C75
:20CF4000000000000000000000000000002E001800000000000000000000000000262D2D0B
:20CF600000000000000000000000000000000011000000000000000000000000000000118F
:20CF800000000000000000000000000000000011000000000000000000000000100000115F
:20CFA00000000000000000000000000000000011000000000000000000000000000000114F
:20CFC00000000000000000000000000000000011000000000000000000000010000000111F
:20CFE00000000000000000000000000000000011000000000000000000000000000000110F
:20D000000000000000000010001000000000001100000000000000000000000000000011CE
:20D020000000000000000000000000000000001100000000000000000000001000000011BE
:20D040000000000000000000000000000000001100000000000000000000000000000011AE
:20D0600000000000000000000000000000000011000000000000000000001000000000117E
:20D0800000000000000000000000000000000011000000000000000000000000000000116E
:20D0A00000000000000000303200000000330011000000000000000000000000002E00118B
:20D0C0000000000000000000000000000031001100000000000000000000000000000011FD
:20D0E0000000000000000000000000000000001100000000000000000010001000000011EE
:20D100000000000000000000000000000000001100000000000000000000000000000011ED
:20D120000000000000000000000000000010001100000000000000000000000000000011BD
:20D140000000000000000000000000000000001100000000000000000000000000000011AD
:20D1600000000000000000000000000010000011000000000000000000000000000000117D
:20D1800000000000000000000000000000000011000000000000000000000000000000116D
:20D1A00000000000000000000000001000000011000000000000000000000000000000113D
:20D1C00000000000000000000000000000000011000000000000000000000000000000112D
:20D1E0000000000000000000000010000000001100000000000000000000000000000011FD
:20D200000000000000000000000000000000001100000000000000000000000000000011EC
:20D220000000000000000000001000000000001100000000000000000000000000000011BC
:20D2400000000000000000000000000000000011000000000010001000000000000000118C
:20D2600000000000000000000000000000000011000000000000000000000000000000118C
:20D2800000000000000000000010000000000011000000000000000000000000000000115C
:20D2A00000000000000000000000000000000011000000000010001000000000000000112C
:20D2C00000000000000000000000000000000011000000000000000000000000000000112C
:20D2E0000000000000000000000010000000001100000000000000000000100000000011EC
:20D300000000000000000000001110000000001100000000000000000000000000000011CA
:20D320000000000000000000000000000000001100000000000000000000001000000011BB
:20D340000000000000000000000000000000001100000000000000000000000000000011AB
:20D3600000000000000000100010000000000011000000000000000000000000000000116B
:20D3800000000000000000000000000000000011000000000000000000000010000000115B
:20D3A00000000000000000000000000000000011000000000000000000000000000000114B
:20D3C0000000000000000010003300000000001100000000000000000031000000000011B7
:20D3E00000000000000000000000000000000011000000000000000000000000000000110B
:20D400000000000000000000000000000000001100000000000000001000000000000011DA
:20D420000000000000000000000000000000001100000000000000000000000000000011CA
:20D4400000000000000010000000000000000011000000000000000000000000000000119A
:20D46000000000000000000000000000000000110000000000000000330000000000001157
:20D48000000000000000000031000000000000110000000000000000000000000000001139
:20D4A00000000000000000000000000000000011000000000000000000000000000000114A
:20D4C00000000000000000000010000000000011000000000000000000000000000000111A
:20D4E0000000000000000000000033000000001100000000000000000000310000000011A6
:20D500000000000000000000000000000000001100000000000000000000000000000011E9
:20D520000000000000000000000000000000001100000000000000000000000000000011C9
:20D54000000000000000000000000010000000110000000000000000000000000000001199
:20D56000000000000000000000000000330000110000000000000000000000003100001125
:20D58000000000000000000000000000000000110000000000000000000000000000001169
:20D5A000000000000000000000000000000000110000000000000000000000000000001149
:20D5C000000000000000000000000000001000110000000000000000000000000000001119
:20D5E0000000000000000000000000000000331100000000000000000000000000003111A5
:20D600000000000000000000000000000000001100000000000000000000000000000011E8
:20D620000000000000000000000000000000001100000000000000000000000000100011B8
:20D640000000000000000000000000000000001100000000000000000000000000000011A8
:20D66000000000000000000000100010000000110000000000000000000000000000001168
:20D680000000000000000000000000000000001100000000000000000000000000302D2DEF
:20D6A000000000000000000000000000000000110000000000000000000000000000001148
:20D6C000000000000000000000000000000000110000000000000000000000000000001128
:20D6E0000000000000000000000000000000101100000000000000000000000000000011F8
:20D700000000000000000000000000000000001100000000000000000000000000000011E7
:20D720000000000000000000000000000010001100000000000000000000000000000011B7
:20D740000000000000000000000000000000001100000000000000000000000000000011A7
:20D76000000000000000000000000000100000110000000000000000000000000000001177
:20D780000000000000000000000000000000001100000000000000003032000000001011F5
:20D7A000000000000000000000000000000000110000000000000000000000000000001147
:20D7C000000000000000000000000000000000110000000000000000000010001000001107
:20D7E000000000000000000000000000000000110000000000000000000000000000001107
:20D800000000000000000000000000000000101100000000000000000000000000000011D6
:20D820000000000000000000000000000000001100000000000000000000100010000011A6
:20D840000000000000000000000000000000001100000000000000000000000000000011A6
:20D86000000000000000000000000000000010110000000000000000000000000000001176
:20D88000000000000000000000000000000000110000000000000000000000000000001166
:20D8A000000000000000000000000000000000110000000000000000000000000000341112
:20D8C000000000000000000000000000000000110000000000000000000000000000001126
:20D8E0000000000000000000000000003400001100000000000000000000000000000011D2
:20D900000000000000000000000000000000001100000000000000000000000000000011E5
:20D92000000000000000000000000034000000110000000000000000000000000000001191
:20D940000000000000000000000000000000001100000000000000000000000000000011A5
:20D96000000000000000000000003400000000110000000000000000000000000000001151
:20D98000000000000000000000000000000000110000000000000000000000000000001165
:20D9A000000000000000000000000010000000110000000000000000000000000000001135
:20D9C000000000000000000000000000000000110000000000000000000000001000001115
:20D9E000000000000000000000000000000000110000000000000000000000000000001105
:20DA00000000000000000000000000000000001100000000000000000000001000000011D4
:20DA20000000000000000000000000000000001100000000000000000000000000000011C4
:20DA4000000000000000000000000000100000110000000000000000000000000000001194
:20DA6000000000000000000000000000000000110000000000000000100010000000001164
:20DA8000000000000000000000000000000000110000000000000000000000000000001164
:20DAA0000000000000000000000000003300001100000000000000000000000031000011E0
:20DAC000000000000000000000000000000000110000000000000000000000000000001124
:20DAE0000000000000000000000000000000001100000000000000000000001000000011F4
:20DB00000000000000000000000000000000001100000000000000000000000000000011E3
:20DB200000000000000000000000000000000011000000000000000000003400000000118F
:20DB40000000000000000000000000000000001100000000000000000000000000000011A3
:20DB600000000000000000000000000000000011000000000000000000340000000000114F
:20DB8000000000000000000000000000000000110000000000000000000000000000001163
:20DBA000000000000000000000000000000000110000000000000000000000000000001143
:20DBC0000000000000000000000000000000001100000000000000000000000034000011EF
:20DBE000000000000000000000000000000000110000000000000000000000000000001103
:20DC00000000000000000000000000000000001100000000000000000000000000000011E2
:20DC200000000000000000000000000034000011000000000000000000000000000000118E
:20DC400000000000000000000000000000000011000000000000000000000000003300116F
:20DC6000000000000000000000000000003100110000000000000000000000000000001151
:20DC8000000000000000000000000000000000110000000000000000001000100000001142
:20DCA000000000000000000000000000000000110000000000000000000000000000001142
:20DCC000000000000000000000000000001000110000000000000000000000000000001112
:20DCE000000000000000000000000000000000110000000000000000000000000000001102
:20DD00000000000000000000000000001000001100000000000000000000000000000011D1
:20DD20000000000000000000000000000000001100000000000000000000000000000011C1
:20DD4000000000000000000000000010000000110000000000000000000000000000001191
:20DD6000000000000000000000000000000000110000000000000000000000000000001181
:20DD8000000000000000000000000000000000110000000000000000000000000000001161
:20DDA0000000000000000000000000000000FC110000000000000000000000000035101100
:20DDC000000000000000000000000000000000000000000000000000000000000000000043
:20DDE000000000000000000000000000000000000606060606053028000000000000252D56
:20DE0000020202020201002E0000000000002E00060606060605002E0000000000002E001C
:20DE2000060606060605002E0000000000002E00060606060605002E0000000000002E00E4
:20DE4000020202020201002E0000000000002E00060606060605002E0000000000002E00DC
:20DE6000060606060605002E0000000000002E00060606060605002E0000000000002E00A4
:20DE8000020202020201002E0000000000002E00060606060605002E00000000112527006D
:20DEA000060606060605002E00000000112E00000606060606052D270000000011262D2DCA
:20DEC0000202020202011E0000000000000000120606060606051E000000000000000012B4
:20DEE0000606060606051E0000000000000000120606060606051E0000000000000000127C
:20DF00000202020202011E0000000000000000120606060606051E00000000000000001273
:20DF20000606060606051E0000000000000000120606060606051E000000000000302D2DC3
:20DF40000202020202011E0000000000000000120606060606051E00000000000000001233
:20DF60000606060606051E0000000000000000120606060606051E000000000000000012FB
:20DF80000202020202011E0000000000000000120606060606052D2D2D3200000000001258
:20DFA0000606060606051E0000000000000000120606060606051E000000000000000012BB
:20DFC0000202020202011E0000000000000000120606060606051E000000000000000012B3
:20DFE0000606060606051E0000000000000000120606060606051E000000000000302D2D03
:20E000000202020202011E0000000000000000120606060606051E00000000000000001272
:20E020000606060606051E0000000000000000120606060606051E0000000000000000123A
:20E040000202020202011E0000000000000000120606060606051E00000000000000001232
:20E060000606060606051E001C1C0000000000120606060606051E00303200000000001260
:20E080000202020202011E0000000000000000120606060606051E000000000000000012F2
:20E0A0000606060606051E0000000000000000120606060606051E000000000000000012BA
:20E0C0000202020202011E0000000000000000120606060606051E000000000000000012B2
:20E0E0000606060606052D32000000000000302D0606060606051E000000000000000012EE
:20E100000202020202011E0000000000000000120606060606051E00000000000000001271
:20E120000606060606051E0000000000000000120606060606051E00000000000000001239
:20E140000202020202011E0000000000000000120606060606051E00000000001C1C0012F9
:20E160000606060606051E0000000000303200120606060606051E00000000000000001297
:20E180000202020202011E0000000000000000120606060606051E000000000000000012F1
:20E1A0000606060606051E0000000000000000120606060606051E000000000000000012B9
:20E1C0000202020202011E0000000000000000120606060606051E000000000000000012B1
:20E1E0000606060606051E0000000000000000120606060606051E00000000000000001279
:20E200000202020202011E0000000000000000120606060606052D2D281B00000000252DB1
:20E2200006060606060500002E1B000000002E000606060606050025271B000000002E008C
:20E24000020202020201002E0000000000002E00060606060605002E0000000000002E00D8
:20E26000060606060605002E0000000000002E00060606060605002E0000000000002E00A0
:20E28000020202020201002E0000000011252700060606060605002E00000000112E000058
:20E2A000060606060605002E0000000011262800060606060605002E0000000000002E002F
:20E2C000020202020201002E0000000000002E00060606060605002E0000000000002E0058
:20E2E000060606060605002E0000000000002E00231B060606050026281B000000002E00B3
:20E30000231B0202020100002E1B000000002E00231B060606050025271B000000002E0057
:20E32000231B06060605002E0000000000002E00231B06060605002E0000000000002E007B
:20E34000231B02020201002E0000000000002E00231B06060605002E0000000000002E006B
:20E36000231B06060605002E0000000011252700231B06060605002E00000000112E0000FB
:20E38000231B02020201002E0000000011262800231B06060605002E0000000000002E00FA
:20E3A000231B06060605002E0000000000002E00231B06060605002E0000000000002E00FB
:20E3C000231B02020201002E0000000000002E00231B060606050026281B000000002E00B0
:20E3E000231B0606060500002E1B000000002E00231B060606050025271B000000002E0067
:20E40000231B02020201002E0000000000002E00231B06060605002E0000000000002E00AA
:20E42000231B06060605002E0000000000002E00231B06060605002E0000000000002E007A
:20E44000231B02020201002E0000000011252700231B06060605002E00000000112E00002A
:20E46000231B06060605002E0000000011262800231B06060605002E0000000000002E0009
:20E48000231B02020201002E0000000000002E00231B06060605002E0000000000002E002A
:20E4A000231B06060605002E0000000000002E00231B06060605002E0000000000002E00FA
:20E4C000231B02020201002E0000000000002E00231B00252D2D2D22320000000030270006
:20E4E000231B002E000000000000000000000000231B002E00000000000000000000000044
:20E50000231B002E000000000000000000000000231B002E00000000000000000000000023
:20E52000231B002E000000000000000000000000231B002E00000000000000000000000003
:20E54000231B002E000000000000000000000000231B002E000000000000000000000000E3
:20E56000231B002E000000000000000000000000231B002E000000000000000000000000C3
:20E58000231B002E000000000000000000000000231B00311B000000000000000000000085
:20E5A000231B0000000000000000000000000000231B0000000000000000000000000000DF
:20E5C000231B000000E800000000000000000000231B000000E900000000000000000000EE
:20E5E000231B0000000000000000000000000000231B00000000000000000000000000009F
:20E60000231B0000001000001110000000000000231B00000010000011100000000000001C
:20E62000231B0000000000000000000000000000231B00000000000000000000000000005E
:20E64000231B0000340000000000000000000000231B00000000000000000000000000000A
:20E66000231B0000000000000000000000000000231B0000001036000000000000000000D8
:20E68000231B0000000000000000000000000000231B0000000000000000000000000000FE
:20E6A000231B0000000030321B00000000000000231B000000000000000000000000000061
:20E6C000231B0000000000000034000000000000231B00000000000000000000000000008A
:20E6E000231B00000000000030321B0000000000231B000000000000000000000000000021
:20E70000231B0000000000000000000000000000231B00000000000010000000000000006D
:20E72000231B0000000000000000000000000000231B00000000001000000000000000004D
:20E74000231B0000000000000000000000000000231B00000000100000000000000000002D
:20E76000231B0000000010000000000000000000231B00000000101B0000000000000000E2
:20E78000231B0000000000000000000000000000271B0000000000000000000000000000F9
:20E7A000000000000000001000000000000000000000000000000000000000000000000049
:20E7C000000000000000000000000000000000000000000000000000001000100000000019
:20E7E000000000000000000000000000000000000000000000000000000000000000000019
:20E800000000000000000010000000000000000036000000000000000000000000000000B2
:20E82000000000000000101B0000000000000000281B000000000000001000111000000039
:20E84000231B0000000000000010000000000000231B00103600000000101B0000000000BB
:20E86000231B0000000000000000000000000000231B0000000000000000001000100000FC
:20E88000231B0000000000000000000000000000231B0000000000103600000000000000B6
:20E8A000231B0000000000001000000000000000231B0000000000001000000000000000BC
:20E8C000231B0000000000001000000000000000231B00000000000010000000000000009C
:20E8E000231B000000000000101B000000000000231B000000000000000000000000000071
:20E90000231B0000000000000000100011100000231B000000000000000010001110000019
:20E92000231B0000000000000000100000000000231B00000000000000001000000000003B
:20E94000231B0000000000000000101B00000000231B000000000000000000000000000010
:20E96000231B0000000000000000000000000000231B0000000000000000003400000000E7
:20E98000231B0000000000000000000000000000231B0000000000000000000000000000FB
:20E9A000231B0000000000000000000000000000231B0000000000000000001000000000CB
:20E9C000231B0000000000000000000000000000231B00000000000000000000001C1C0083
:20E9E000231B0000000000000000E80000101000231B0000000000000000E90000000000AA
:20EA0000231B0000000000000000000000000000231B00000000000000000000000000007A
:20EA2000231B0000000000000000100000000000231B00000000000000000000000000004A
:20EA4000231B0000000000000010000000000000231B00000000000000000000000000002A
:20EA6000231B0000000000001000000000000000231B0000000000001000000000000000FA
:20EA8000231B000000000000101B000000000000231B0000000000000000000000000000CF
:20EAA000231B0000000000000000000000000000231B0000000000001000000000000000CA
:20EAC000231B0000000000000000000000000000231B0000000000100000000000000000AA
:20EAE000231B0000000000000000000000000000231B00000000100000000000000000008A
:20EB0000231B0000000010000000000000000000231B000000001000000000000000000059
:20EB2000231B00000000101B0000000000000000231B00000000000000000000000000002E
:20EB4000231B0000000000001000100000000000231B000000000000000000000000000019
:20EB6000231B0000000000000000000000000000231B000000001000000000000000000009
:20EB8000231B0000000010000000000000000000231B00000000101B0000000000000000BE
:20EBA000231B0000000000000000000000000000231B0000000000001000000000000000C9
:20EBC000231B0000000000000000000000000000231B0000000000000000000000000000B9
:20EBE000231B0000000000000000100011100000231B000000000000000000001110000047
:20EC0000231B0000000000000000000011100000231B000000000000340000001110000002
:20EC2000231B0000000000000000000011100000231B000000000000000000001110000016
:20EC4000231B0000000000000000100011100000231B000000000000000000000000000007
:20EC6000231B0000000000000000000000000000231B000000000000100000000000000008
:20EC8000231B0000000000000000000000000000231B0000000000100000000000000000E8
:20ECA000231B0000000000000000000000000000231B0000000010000000000000000000C8
:20ECC000231B0000000010000000000000000000231B00000000101B00000000000000007D
:20ECE000231B0000000000000000000000000000231B000000000000000000000000000098
:20ED0000231B000000000000000000000000302D231B000000000000000000000000001802
:20ED2000231B000000000000000000000000000C231B00000000000000000000302D2D2D94
:20ED4000231B0000000000000000000000000018231B000000000000000000000000000C13
:20ED6000231B000000000000000000000000000C231B0000000000101B0000302D2D2D2DFC
:20ED8000231B0000000000000000000000000018231B000000000000101B0000000000189C
:20EDA000271B0000000000000000000000252424000000000000000000000000002622223A
:20EDC0000000000000000000000000000000000C0000000000000000000000000000000C1B
:20EDE0000000000000000000000000000035302D0000000000000000000000000000000C75
:20EE000000000000000000000000000011302D2D000000000000000000000000000000183F
:20EE20000000000000000000000000000000000C0000000000000000000000000000000CBA
:20EE40000000000000000000000000000019000C0000000000000000000000000000001875
:20EE60000000000000000000000000000000000C0000000000000000000000000000000C7A
:20EE8000000000000000000000000000001900180000000000000000000000000000000C35
:20EEA0000000000000000000000000000000190C00000000000000000000101B00000018EA
:20EEC000000000000000000000000000000000160000000000000000000000000000001606
:20EEE000000000000000000000000000000000F4000000000000000000000000000000F628
:20EF0000000000000000000000000000000000F500000000000000000000000000000000FC
:20EF20000000000000000000000000000000000000000000000000000000000000000000D1
:20EF40000000000000000000000000000000000000000000000000000000000000000000B1
:20EF600000000000000000000000000000000011000000000000000000000000000000116F
:20EF800000000000000000000000000000001911000000000000000000000000001119110C
:20EFA00000000000000000000000000000000011000000000000000000000000000000112F
:20EFC000000000000000000000000000000000000000000000000000000000000000000031
:20EFE00000000000000000000000000000000000000000000000000000000000000000F41D
:20F00000000000000000000000000000000000F500000000000000000000000000000000FB
:20F020000000000000000000000000000000000000000000000000000000000000000000D0
:20F0400000000000000000000000000000000011000000000000000000000000000000118E
:20F0600000000000000000000000000000000011000000000000000000000000000034113A
:20F0800000000000000000000000000000000011000000000000000000000000000011301E
:20F0A0000000000000000000000000000000001100000000000000000000000000340011FA
:20F0C00000000000000000000000000000000011000000000000000000000000000000110E
:20F0E0000000000000000000000000000000190C00000000000000000000000000001918BA
:20F100000000000000000000000000000000190C0000000000000000000000000011190C94
:20F120000000000000000000000000000000000C000000000000000000101B001900001867
:20F140000000000000000000000000000000000C0000000000000000000000000019001872
:20F160000000000000000000000000000019000C0000000000000000000000000019001839
:20F180000000000000000000000000001119000C0000000000000000000000000000001821
:20F1A0000000000000000000101B00252D2D2D2D00000000000000000000002E000000110C
:20F1C0000000000000000000000011310000001100000000000000000000000000000011CB
:20F1E000000000000000000000000000000000110000000000000000000000EEEF00001110
:20F200000000000000000000000000000000001100000000000000000000000000000011CC
:20F220000000000000000000000000000000001100000000000000000000000000000011AC
:20F240000000000000000000000000000000000000000000000000000000000000000000AE
:20F2600000000000000000000000000000000000000000000000000000000000000000008E
:20F2800000000000000000000000000000000000000000000000000000000000000000115D
:20F2A00000000000000000000000000000000000000000000000000000000000000000004E
:20F2C00000000000000000000000000000000000000000000000000000000000000000F43A
:20F2E000000000000000000000000000000000F6000000000000000000000000000000F622
:20F30000000000000000000000000000000000F500000000000000000000000000000000F8
:20F320000000000000000000000000000000000000000000000000000000000000000011BC
:20F34000000000000000000000000000000000110000000000000000000000000000002577
:20F360000000000000000000000000000000002100000000000000000000101B000011260A
:20F3800000000000000000000000000000000000000000000000000000000000000000006D
:20F3A00000000000000000000000000000000000000000000000000000000000000000004D
:20F3C00000000000000000000000000000000000000000000000000000000000000000002D
:20F3E0000000000000000000000000000000000024242424242424242424242424242424CD
:20F400002F2F2F2F2F2F2F2F2F2F2F2F2F2F2F2F2F2F2F2F2F2F2F2F2F2F2F2F2F2F2F2F0C
:20F420002F2F2F2F2F2F2F2F2F2F2F2F2F2F2F2F2F2F2F2F2F2F2F2F2F2F2F2F2F2F2F2FEC
:10F440002F2F2F2F2F2F2F2F2F2F2F2F2F2F2F2FCC
:020000040009F1
:20800000000000000000000000000000000000000000000000000000000000000000000060
:20802000000000000000000000000000000000000000000000000000000000000000000040
:20804000000000000000000000000000000000000000000000000000000000000000000020
:20806000000000000000000000000000000000000000000000000000000000000000000000
:208080000000000000000000000000000000000000000000000000000000000000000000E0
:2080A0000000000000000000000000000000001100000000000000000000000000000000AF
:2080C0000000000000000000000000000000000000000000000000000000000000000000A0
:2080E000000000000000000000000000000000000000000000000000000000000000000080
:2081000000000000000000000000000000000000000000000000000000000000000000005F
:2081200000000000000000000000101B0000001100000000000000000000101B00000011C7
:2081400000000000000000000000000000000000000000000000000000000000000000001F
:208160000000000000000000000000000000000000000000000000000000101B00000011C3
:2081800000000000000000000000101B0000001100000000000000000000000000000000A3
:2081A0000000000000000000000000000000000000000000000000000000000000000000BF
:2081C000000000000000000000000000000000350000000000000000000000000000001159
:2081E000000000000000000000000000000011100000000000000000000000000000000C52
:20820000000000000000000000000000000000180000000000000000000000000000340C06
:208220000000000000000000000000000000000C0000000000000000000000000000000C26
:208240000000000000000000000000000000000C00000000000000000000000000000018FA
:208260000000000000000000000000000000000C0000000000000000000010000000000CD6
:20828000000000000000000000002E00000000180000000000000000000010000000000C7C
:2082A0000000000000000000000000000000000C000000000000000000031E000000000C85
:2082C000000000000000000000031E000000000C000000000000000000032D100000001819
:2082E000000000000000000000031E0000000011000000000000000000031E000000001219
:20830000000000000000000000031E0000000000000000000000000000000000000000003C
:2083200000000000000000000000000000000000000000000000000000000000000000003D
:2083400000000000000000000000000000000000000000000000000000000000000000110C
:208360000000000000000000000000000000001100000000000000000000000000000000EC
:208380000000000000000000000000000000000000000000000000000000000000101B00B2
:2083A000000000000000000000000000002E1B0000000000000000000000000000101B0049
:2083C00000000000000000000000000000000000000000000000000000000000000000009D
:2083E00000000000000000000000000000000011000000000000000000000000000000115B
:20840000000000000000000000000000000000100000000000000000000000000000000C40
:208420000000000000000000000000000000000C0000000000000000000000000000001818
:208440000000000000000000000000000000102D0000000000000000000000000000000CD3
:20846000000000000000000000000000000000180000000000000000000000000000000CD8
:208480000000000000000000000000000000000C00000000000000000000000000000018B8
:2084A0000000000000000000000000000000000C0000000000000000001000000000001888
:2084C0000000000000000000002E00000000000C0000000000000000002E00000000000C28
:2084E0000000000000000000002E00000000000C000000000000000000101B000000000C0B
:208500000000000000000000000000000000000C0000000000000000031E00000000001816
:208520000000000000000000031E00340000000C0000000000000000031E000000000018A1
:208540000000000000000000031E00000000000C0000000000000000031E00000000000CC1
:208560000000000000000000031E00340000000C0000000000000000031E00000000000C6D
:208580000000000000000000031E00000000000C0000000000000000031E00000000001875
:2085A0000000000000000000000000000000000C000000000000000000000000000000119E
:2085C00000000000000000000000000000000000000000000000000000000000000000009B
:2085E00000000000000000000000000000000000000000000000000000000000000000007B
:208600000000000000000000000000000000000000000000000000000000101B000000111E
:2086200000000000000000000000101B0000001100000000000000000000000000000000FE
:208640000000000000000000000000000000000000000000000000000000101B00000011DE
:20866000000000000000000000002E1B0000001100000000000000000000101B0000001164
:208680000000000000000000000000000000000000000000000000000000000000000000DA
:2086A0000000000000000000000000000000001100000000000000000000102D1000102D1F
:2086C0000000000000000000000025101E00001100000000000000000025101E00000000E3
:2086E000000000000000000020101E000034000000000000000000000026101E00000000A4
:208700000000000000000000000026101E00001100000000000000000000102D1000102D6A
:20872000000000000000000000000000000000110000000000000000000000000000000028
:208740000000000000000000000000000000000000000000000000000000101B0000001FCF
:208760000000000000000000000000000000122500000000000000000000101B0000002176
:208780000000000000000000000000000000002100000000000000000000101B000000216C
:2087A0000000000000000000000000000000002100000000000000000000101B000000214C
:2087C00000000000000000000000000000000026000000000000000000101B000000000C3C
:2087E0000000000000000000000000000000000C0000000000000000101B0000000000182A
:208800000000000000000000000000000000102D00000000000000101B0000000000000CE4
:208820000000000000000000000000000000000C00000000000000101B000000102D2D2D6A
:208840000000000000000000000000000000000C000000000000101B0000000000000018C9
:208860002424242424242800000000000000000C2F2F2F2F2F2F2C24280000000000000C4E
:208880002F2F2F2F2F2F2F2F230000002528000C2F2F2F2F2F2F2F2F23000000212C280CC8
:2088A0002F2F2F2F2F2F2F2F23000000212F2C242F2F2F2F2F2F2F2F231B0000212F2F2F19
:2088C0002F2F2F2F2F2F2F2F23000000212F2F2F2F2F2F2F2F2F2F2F23000000212F2F2F06
:2088E0002F2F2F2F2F2F2F2F23000000212F2F2F2F2F2F2F2F2F2F2F231B0000262A2F2FCB
:208900002F2F2F2F2F2F2F2F231B00000026222A2222222222222222271B000000001121AB
:20892000000000000000000000000000000011210000000000000000000000000025242993
:2089400000000000000000000000000000212F2F00000000000000000000000000212F2F19
:2089600000000000000000101B00000011212F2F00000000000000101B00000011212F2F81
:2089800000000000000000101B00000011212F2F00000000000000000000000000262222B2
:2089A0000000000000000000000000000000000C0000000000000000000000000000001893
:2089C0000000000000000000000000000000000C0000000000000000000000001900000C66
:2089E0000000000000000000000000000000000C00000000000000101B0000000000001828
:208A000000000000000000101B0019000000000C00000000000000101B0000000000000CCF
:208A2000000000000000000000000000000000180000000000000000101B00000000000CE7
:208A40000000000000000000000000000000000C0000000000000000000000000000000CFE
:208A6000101010101010101010000000000000182F2F2F2F2F2F2F2F100000000000000CBA
:208A80002F2F2F2F2F2F2F2F100000000000000C2F2F2F2F2F2F2F2F1000000000000018A2
:208AA0002F2F2F2F2F2F2F2F100000000000000C2F2F2F2F2F2F2F2F100000000000000C8E
:208AC0002F2F2F2F2F2F2F2F101B00000000000C2F2F2F2F2F2F2F2F101B0000000000182C
:208AE0002F2F2F2F2F2F2F2F101B0000113024242F2F2F2F2F2F2F2F100000000011262A61
:208B00002F2F2F2F2F2F2F2F1036000000001126101010101010101010000000340000118B
:208B20002D2D2D2D2D2D2D2D2D2D1B000034001100000000000000000000000000340011CE
:208B400010101010101010101B000000340000112F2F2F2F2F2F101B0000000000001125BA
:208B60002F2F2F2F2F2F101B03000000001125292F2F2F2F2F2F101B000000001125292F7B
:208B80002F2F2F2F2F2F101B0000000011262A2F2F2F2F2F2F2F10101B0000000011262A4A
:208BA0002F2F2F2F2F2F101B00000000000011262F2F2F2F2F2F101B0000000000000011E3
:208BC0002F2F2F2F2F2F101B00000034000000002F2F2F2F2F2F10101B0000003400000093
:208BE0002F2F2F2F2F2F2F10101B0000003400002F2F2F2F2F2F2F2F10101B00000000000A
:208C00002F2F2F2F2F2F2F2F2F10101B000000002F2F2F2F2F2F2F2F2F2F101B0000001160
:208C20002F2F2F2F2F2F2F2F2F2F101B000000112F2F2F2F2F2F2F2F2F2F101B0000001110
:208C40002F2F2F2F2F2F2F2F2F2F101B000000002F2F2F2F2F2F2F2F2F2F10101B00000002
:208C60002F2F2F2F2F2F2F2F2F2F2F101B0000002F2F2F2F2F2F2F2F2F2F2F101B00000094
:208C80002F2F2F2F2F2F2F2F2F2F2F101B0000002F2F2F2F2F2F2F2F2F2F2F101B0000353F
:208CA0002F2F2F2F2F2F2F2F2F2F2F101B0000002F2F2F2F2F2F2F2F2F2F2F101B00000054
:208CC0002F2F2F2F2F2F2F2F101010101B0000002F2F2F2F2F2F2F2F100000000000000039
:208CE0002F2F2F2F2F2F2F2F10000000340000352F2F2F2F2F2F2F2F1000000000000000FB
:208D00002F2F2F2F2F2F2F2F10003400000000002F2F2F2F2F2F2F2F10000000101B0000E4
:208D20002F2F2F2F2F2F2F2F10000000101B00352F2F2F2F2F2F2F2F10000000101B000098
:208D40002F2F2F2F2F2F2F2F10000011101B00002F2F2F2F2F2F2F2F10000011101B1C1C53
:208D60002F2F2F2F2F2F2F2F10000000101010102F2F2F2F2F2F2F2F100000000010101073
:208D80002F2F2F2F2F2F2F2F10100000000010102F2F2F2F2F2F2F2F2F1010000000001044
:208DA0002F2F2F2F2F2F2F2F2F2F10101B0000102F2F2F2F2F2F2F2F2F2F2F101B00001052
:208DC0002F2F2F2F2F2F2F2F2F2F1010000000102F2F2F2F2F2F2F2F2F2F10000000111086
:208DE0002F2F2F2F2F2F2F2F2F2F1000000011102F2F2F2F2F2F2F2F2F2F101B000000105B
:208E00002F2F2F2F2F2F2F2F2F2F101B000000102F2F2F2F2F2F2F2F2F1010000000111059
:208E20002F2F2F2F2F2F2F2F2F100000000011102F2F2F2F2F2F2F2F2F1000000000111082
:208E40002F2F2F2F2F2F2F2F2F101B00000010102F2F2F2F2F2F2F2F10101B000000102F2E
:208E60002F2F2F2F2F2F2F2F100000000035102F2F2F2F2F2F2F2F2F100000000010102F1F
:208E80002F2F2F2F2F2F2F2F10101B0000102F2F2F2F2F2F2F2F2F2F10101B0000102F2F90
:208EA0002F2F2F2F2F2F2F2F1000000000102F2F2F2F2F2F2F2F2F2F1000000011102F2FB5
:208EC0002F2F2F2F2F2F2F2F1000000011102F2F2F2F2F2F2F2F2F2F1000000011102F2F84
:208EE0002F2F2F2F2F2F2F2F1000000000102F2F2F2F2F2F2F2F2F2F10101B0000102F2F5B
:208F00002F2F2F2F2F2F2F2F2F101B000010102F2F2F2F2F2F2F2F2F2F101B000000102F1F
:208F20002F2F2F2F2F2F2F2F2F101B000000102F2F2F2F2F2F2F2F2F2F101B00000010102E
:208F40002F2F2F2F2F2F2F2F101000000011100C2F2F2F2F2F2F2F2F101B00000000000C9D
:208F60002F2F2F2F2F2F2F2F101B0000000000182F2F2F2F2F2F2F2F101B00000010101063
:208F80002F2F2F2F2F2F2F2F101B000035102F2F2F2F2F2F2F2F2F2F101B001210102F2F58
:208FA0002F2F2F2F2F2F2F2F101B000000102F2F2F2F2F2F2F2F2F2F101B000000102F2F8F
:208FC0002F2F2F2F2F2F2F2F101B000000102F2F2F2F2F2F2F2F2F2F101B000035102F2F3A
:208FE0001010101010101010101B001210101010000000000000000000000000001D1D102A
:209000000000000000000000000000000000351000000000000000000000000000003510C6
:20902000000000000000000000000000001F1F1000000000000000000000000011101010A1
:209040000000000000000000000034000012102F0000000000000000000000000012102F3A
:209060000000000000000000000011101010102F0000000000000000000000000012102F1F
:209080000000000000000000000000100012102F000000000000101B000000100012102FE3
:2090A0000000000000000000000000000012102F00000000000000101B0000001012102FD3
:2090C0000000000000000000000000000012102F00000000000000101B0000000012102FC3
:2090E00000000000000000101B0010101010101000000000000000101B0000000000000CAE
:20910000000000000000000000000000000000180000000000000000000000351000000CE6
:209120000000000000000000000000000000000C0000000000000000000000000000000C17
:20914000000000000000000000000000000000180000000000000034000011101010101062
:209160000000000000000000000000000000000C0000000000000000000000000000000CD7
:20918000000000000000000011101010101010100000000000003400000000000000000C0E
:2091A0000000000000000000000000000000000C0000000000001110101010101010101002
:2091C0000000000000000010102F2F2F2F2F2F2F0000101B0000000010102F2F2F2F2F2FC1
:2091E00000000000000000000010102F2F2F2F2F00000000101B0000000010102F2F2F2F5D
:20920000000000000000000000000010102F2F2F000000000000101B0000000010102F2FF8
:209220000000000000000000000000000010102F0000000000000000101B00000000101094
:209240000000000000000000000000000000001000000000000000000000101B00000000D3
:2092600000000000000000000000000000000000000000000000000000000000101B0000C3
:209280000000000000000000000000000000000000000000000000000000000000000000CE
:2092A0000000000000000000000000000000000000000000000000000000000000000000AE
:2092C00000000000000000000000000000000000000000000000000000000000000000008E
:2092E000020202020202020100000000000000000606060606060605000000000000000030
:209300000606060606060605000000000000000006060606060606050000000000000000EF
:209320000202020202020201000000000000000006060606060606050000000000000000EF
:20934000060606060606060500000000000000000606060606060605000000002F00000080
:2093600002020202020202010000002F00000000060606060606060500002F2F2F2F2F0095
:2093800006060606060606050000002F000000000606060606060605000000002F00000011
:2093A000020202020202020100000000000000000606060606060605000000000F0F0F0F33
:2093C00006060606060606050000001210101010060606060606060500000013102F2F2F2D
:2093E000020202020202020100000012102F2F2F060606060606060500000013102F2F2FD0
:20940000060606060606060500000013102F2F2F06060606060606050000001310101010EB
:20942000020202020202020100002F000E0E0E0E06060606060606050000002F0000000058
:2094400006060606060606052F2F2F2F2F00000006060606060606050000002F0000000094
:20946000020202020202020100002F000000000006060606060606050F0F0F0F0000000043
:209480000606060606060605101010101400000006060606060606052F2F2F101400000069
:2094A0000202020202020201101010101E00000006060606060606050E0E0E0E00000000D8
:2094C00006060606060606050000000000000000060606060606060500000000000000002E
:2094E000020202020202020100000000000000000606060606060605000000000F0F0F0FF2
:20950000060606060606060500000013101010100606060606060605000000000E0E0E0E62
:209520000202020202020201000000000000000006060606060606050000000000000000ED
:209540000606060606060605000000000000000006060606060606050000000000000000AD
:209560000202020202020201000F0F0F0000000006060606060606054F10101014000000ED
:2095800006060606060606054FC20E0E0000000006060606060606054F14000000000000DD
:2095A00002020202020202014F1403000000000F06060606060606054F0003000000131083
:2095C00006060606060606054F00030000001210060606060606060510140300000013106F
:2095E000020202020202020110140300000013100606060606060605101400000019131083
:2096000006060606060606051014000000191310060606060606060510140000001913102C
:20962000020202020202020110140000001913100606060606060605101E00000019131022
:20964000060606060606060510140000001913100606060606060605101403000000131002
:20966000020202020202020110140300000012100606060606060605101403000000131019
:209680000606060606060605101403000000131006060606060606051014000000001310DB
:2096A0000202020202020201C2000000000000C4060606060606060514340000000000128C
:2096C0000606060606060605140000000000001306060606060606051E00000000000013D4
:2096E0000202020202020201140000000000001306060606060606051400340000000013AA
:209700000606060606060605140000000000001206060606060606051E0000000000001295
:20972000020202020202020114000000000000130606060606060605140000340000001369
:209740000606060606060605140000000000001306060606060606051E0000000000001254
:2097600002020202020202011400000000000013060606060606060514000000030000135A
:209780000606060606060605C100000003000013060606060606060510C1000003000012AE
:2097A00002020202020202011010C1000000001506060606060606052F10101400000015FD
:2097C00006060606060606052F1010140000001506060606060606051010C20000000015BC
:2097E000020202020202020110C20000030000130606060606060605C2000000030000136B
:2098000006060606060606051E00000003000012060606060606060514000300000000138D
:20982000020202020202020114000300000000130606060606060605140003000000001396
:20984000060606060606060514000300000000120606060606060605140003000000001357
:209860000202020202020201140003000000001306060606060606051400031B000000133B
:2098800006060606060606051E00031B0000001306060606060606051400031B00000013D6
:2098A000020202020202020114000300000000120606060606060605140003EC000000132B
:2098C0000606060606060605140003ED0000001306060606060606051400000000000013EC
:2098E0000202020202020201140000000000001206060606060606051400000000000013DD
:2099000006060606060606051E00030000000013060606060606060514000300000000C3DB
:20992000020202020202020114000300000011100606060606060605140003000000001D7D
:2099400006060606060606051E000000000000000606060606060605140000000000000077
:20996000020202020202020114000000000000000606060606060605140000000000000081
:2099800006060606060606051E000000000000000606060606060605140003000000001F15
:2099A00002020202020202011400030000001110060606060606060514000300000000C456
:2099C00006060606060606051E0003000000001306060606060606051400030000000013CB
:2099E0000202020202020201140003000000001306060606060606051E00030000001010BE
:209A00000606060606060605140000000000102F0606060606060605140000000000102F42
:209A20000202020202020201C11F1F000000102F0606060606060605101010000000102F3B
:209A400006060606060606052F2F10000011102F06060606060606052F2F10000011102F2C
:209A600002020202020202012F2F10000011102F06060606060606052F2F10000000102F3D
:209A800006060606060606052F2F10000000102F06060606060606052F2F101B0000102FF3
:209AA00002020202020202012F2F101B0000102F06060606060606052F2F101B0000102FD8
:209AC00006060606060606052F2F101B0000102F06060606060606052F2F101B0000102F98
:209AE00002020202020202012F2F10000000102F06060606060606052F2F10000000102FCE
:209B000006060606060606052F2F10000011102F06060606060606052F2F10000011102F6B
:209B200002020202020202012F2F10000011102F06060606060606052F2F10000000102F7C
:209B400006060606060606052F2F10000000102F06060606060606052F2F101B0000102F32
:209B600002020202020202012F2F101B0000102F06060606060606052F2F101B0000102F17
:209B800006060606060606052F2F101B0000102F06060606060606052F2F10000000102FF2
:209BA00002020202020202012F2F10000000102F06060606060606052F2F10000011102FFC
:209BC00006060606060606052F2F10000011102F06060606060606052F2F10000011102FAB
:209BE00002020202020202012F2F10000000102F06060606060606052F2F10000000102FCD
:209C00000606060606060605101010000000101002020202020114000000000000000000A6
:209C20000606060606051E00000000000000000006060606060514000000000000000000AC
:209C40000202020202011400000000000000000006060606060514000000000000000000AE
:209C6000060606060605140000000000000000000606060606051400000000000000000076
:209C8000020202020201C11F1F1F1F000000000006060606060510101010101B00000011DD
:209CA000060606060605C21D1D1D1D00000000130606060606051E000000000000000013E4
:209CC000020202020201140000000000000000130606060606051400000000000000001308
:209CE000060606060605140000000000000000130606060606051E000000000000000012C7
:209D000002020202020114000000000000000013060606060605C100000000001F1F1FC30D
:209D2000060606060605101B0000001110101010060606060605C200000000001D1D1DC484
:209D4000020202020201140000000000000000130606060606051400000000000000001387
:209D6000060606060605140000000000000000120606060606051E00000000000000001346
:209D8000020202020201140000000000000000120606060606051400000000000000001348
:209DA000060606060605C11F1F1F0000000000C3060606060605101010101B000000111000
:209DC000020202020201C21D1D1D0000000000C40606060606051400000000000000001351
:209DE0000606060606051400000000000000001206060606060514000000000000000013D0
:209E00000202020202011E00000000000000001306060606060514000000000000000012BD
:209E200006060606060514000000000000000013060606060605C100000000001F1F1FC3D4
:209E4000020202020201101B0000001110101010060606060605C200000000001D1D1DC47B
:209E60000606060606051E0000000000000000130606060606051400000000000000001245
:209E8000020202020201140000000000000000130606060606051E0000000000000000123D
:209EA00006060606060514000000000000000013060606060605140000000000000000130E
:209EC000020202020201C11F1F1F0000000000C3060606060605101010101B0000001110F7
:209EE000060606060605C21D1D1D0000000000C40606060606051400000000000000001318
:209F00000202020202011400000000000000001306060606060514000000000000000012C6
:209F20000606060606051E0000000000000000120606060606051400000000000000001384
:209F400002020202020114000000000000000013060606060605C100000000001F1F1FC3CB
:209F6000060606060605101B0000001110101010060606060605C200000000001D1D1DC442
:209F80000202020202011E0000000000000000120606060606051E00000000000000001332
:209FA00006060606060514000000000000000013060606060605140000000000000000130D
:209FC00002020202020114000000000000000013060606060605C11F1F1F0000000000C34B
:209FE000060606060605101010101B0000001110060606060605C21D1D1D0000000000C4C2
:20A00000020202020201140000000000000000130606060606051E000000000000000012BB
:20A0200006060606060514000000000000000013060606060605140000000000000000138C
:20A040000202020202011E000000000000000012060606060605140000000000000000137B
:20A06000060606060605140000000000000000130606060606051010000000000000101033
:20A080000202020202012F10100000001210102F0606060606052F2F1000000012102F2FF4
:20A0A0000606060606052F2F1000000012102F2F0606060606052F2F1000000012102F2F7E
:20A0C0000202020202012F2F1000000012102F2F0606060606052F2F1000000012102F2F76
:20A0E0000606060606052F2F1000000012102F2F0606060606052F2F1000000011102F2F3F
:20A100000202020202012F2F1000000000102F2F0606060606052F2F1000000000102F2F59
:20A120000606060606052F2F101E000000102F2F0606060606052F2F101E000000102F2FE5
:20A140000202020202012F2F101E000000102F2F0606060606052F2F101E000000102F2FDD
:20A160000606060606052F2F101E000000102F2F0606060606052F2F101E000000102F2FA5
:20A180000202020202012F2F101E000000102F2F0606060606052F2F101B000000102F2FA0
:20A1A0000606060606052F2F1000000000102F2F0606060606052F2F1000000000102F2FA1
:20A1C0000202020202012F2F1000000012102F2F0606060606052F2F1000000012102F2F75
:20A1E0000606060606052F2F1000000012102F2F0606060606052F2F1000000012102F2F3D
:20A200000202020202012F2F1000000012102F2F0606060606052F2F1000000012102F2F34
:20A220000606060606052F2F1000000011102F2F0606060606052F2F1000000000102F2F0F
:20A240000202020202012F2F1000000000102F2F0606060606052F2F1000000000102F2F18
:20A260000606060606052F2F1000000000102F2F0606060606052F2F1000000000102F2FE0
:20A280000202020202012F2F1000000000102F2F0606060606052F2F101E000012102F2FA8
:20A2A0000606060606052F2F101E000012102F2F0606060606052F2F101E000012102F2F40
:20A2C0000202020202012F2F101E000012102F2F0606060606052F2F101E000012102F2F38
:20A2E0000606060606052F2F101E000012102F2F0606060606052F2F101E000012102F2F00
:20A300000202020202012F2F101E000012102F2F0606060606052F2F101E000012102F2FF7
:20A320000606060606052F2F101E000012102F2F0606060606052F2F101E000012102F2FBF
:20A340000202020202012F2F101E000011102F2F0606060606052F2F101E000012102F2FB8
:20A360000606060606052F2F101E000012102F2F0606060606052F2F101E000012102F2F7F
:20A380000202020202012F2F101E000012102F2F0606060606052F2F101E000012102F2F77
:20A3A0000606060606052F2F101E000012102F2F0606060606052F2F101E000012102F2F3F
:20A3C0000202020202012F2F101E000012102F2F0606060606052F2F101B000012102F2F3A
:20A3E0000606060606052F2F101E000012102F2F0606060606052F2F101E000012102F2FFF
:20A400000202020202012F2F101E000012102F2F0606060606052F2F101E000012102F2FF6
:20A420000606060606052F2F101E000012102F2F0606060606052F2F101E000012102F2FBE
:20A440000202020202012F2F101E000012102F2F0606060606052F2F101B000011102F2FBA
:20A460000606060606052F2F1000000000102F2F0606060606052F2F1000000000102F2FDE
:20A480000202020202012F2F1000000000102F2F0606060606052F2F1000000000102F2FD6
:20A4A0000606060606052F2F1000000000102F2F060606060605101010000000001010101A
:20A4C00000000000000000000000000000000000000000000000000000000000000000007C
:20A4E00000000000000000000000000000000000000000000000000000000000000000005C
:20A5000000000000000000000000000000000000000000000000000000000000000000003B
:20A5200000000000000000000000000000000000000000000000000000000000000000001B
:20A540000000000000000000000000000000000000000000000000000000000000000000FB
:20A560000000000000000000000000000000000000000000000000000000000000000000DB
:20A580000000000000000000000000000000000000000000000000000000000000000000BB
:20A5A00000000000000000000000000000000000000000000000000000000000000000009B
:20A5C0000000000000000000001F1F1F000000000202020202020201101010101B000000B4
:20A5E0000606060606060605C21D1D1D0000000006060606060606051E00000000000000C6
:20A600000606060606060605140000000000000006060606060606051400000000000000B4
:20A620000202020202020201140000000000000006060606060606051E00000000000000AA
:20A64000060606060606060514000000000000000606060606060605140000000000000074
:20A66000020202020202020114000000000000000606060606060605C100000000000000C7
:20A680000606060606060605101B00000000000006060606060606051D0000000000000014
:20A6A000020202020202020100000000001F1F1F06060606060606050000000012101010BD
:20A6C00006060606060606050000000011102F2F06060606060606050000000012102F2F1D
:20A6E00002020202020202010000000000102F2F06060606060606050000000000102F2F40
:20A7000006060606060606051010100000102F2F06060606060606052F2F100000102F2F61
:20A7200002020202020202012F2F100012102F2F06060606060606052F2F100011102F2F00
:20A7400006060606060606052F2F100012102F2F06060606060606052F2F100000102F2FD1
:20A7600002020202020202012F2F101E00102F2F06060606060606052F2F101B00102F2FAA
:20A7800006060606060606052F2F101E00102F2F06060606060606052F2F100000102F2F85
:20A7A00002020202020202012F2F100012102F2F06060606060606052F2F100011102F2F80
:20A7C00006060606060606052F2F100012102F2F06060606060606052F2F100000102F2F51
:20A7E00002020202020202012F2F100000102F2F06060606060606051010101E00102F2F83
:20A80000060606060606060510C21D0000102F2F0606060606060605101E000000102F2FE1
:20A8200002020202020202011000000000102F2F06060606060606051000001F1F102F2FA0
:20A8400006060606060606051000121010102F2F0606060606060605100011102F2F2F2FFD
:20A860000202020202020201100012101010102F06060606060606051000001D1DC4102FBC
:20A880000606060606060605100000000000102F0606060606060605101E00000000102F9E
:20A8A000020202020202020110C11F000000102F06060606060606051010101E0000102F9E
:20A8C00006060606060606051010101E0000102F0606060606060605C21D00000035101059
:20A8E00002020202020202011E0000000000001206060606060606051400000000000013C3
:20A900000606060606060605140000000000001306060606060606051E0000000000001381
:20A92000020202020202020114000000000034120606060606060605C100000000001FC3DC
:20A94000060606060606060510101B00001110100606060606060605C200000000001DC48A
:20A96000020202020202020114000000003400130606060606060605C1000000001F1FC37C
:20A980000606060606060605101B0000111010100606060606060605C2000000001D1DC42D
:20A9A000020202020202020114000000340000130606060606060605140000001F1F1FC3CA
:20A9C00006060606060606051B000011101010100606060606060605140000001D1D1DC47E
:20A9E00002020202020202011E0000000000001206060606060606051400000000000000D5
:20AA00000606060606060605140000000000000006060606060606051E00000000000000A6
:20AA2000020202020202020114000000000000000606060606060605C11F1F1F00000000A6
:20AA40000606060606060605101010101B0000000606060606060605C21D1D1D0000000024
:20AA60000202020202020201101010100000000006060606060606052F2F2F1000000000BB
:20AA800006060606060606052F2F2F100000000006060606060606052F2F2F10000000001E
:20AAA00002020202020202012F2F2F100000000006060606060606052F2F2F10000000001E
:20AAC000060606060606060510101010000010100606060606060605140000000000102F65
:20AAE00002020202020202011E0000000000102F0606060606060605140000000000102F68
:20AB0000060606060606060514000000000010100606060606060605101000000000001370
:20AB200002020202020202012F1000000000001306060606060606052F1000000000001234
:20AB40000606060606060605101000000010101006060606060606050D00000000102F2FCC
:20AB600002020202020202011E00000000102F2F06060606060606050D00000000101010CE
:20AB800006060606060606050D0000000000001206060606060606050D000000000010100B
:20ABA00002020202020202010D0000000000102F06060606060606051E00000000001010CD
:20ABC0000606060606060605100000000000001306060606060606051000000000000012D2
:20ABE0000202020202020201100000000000001306060606060606051000000000000013D1
:20AC00000606060606060605100000000010101006060606060606051036000000102F2FE2
:20AC200002020202020202011E00000000102F2F060606060606060500000000001010101A
:20AC4000060606060606060500031B0000000012060606060606060500031B000000101028
:20AC6000020202020202020100031B000000102F060606060606060514031B000000102FC8
:20AC80000606060606060605140000000000101006060606060606051400001000000013EB
:20ACA0000202020202020201140000100000001306060606060606050000000000001010FF
:20ACC0000606060606060605000000000000102F06060606060606050000000000001010B7
:20ACE0000202020202020201140000100000001306060606060606051400001000000013A8
:20AD00000606060606060605000000000000101006060606060606050000031B0000102F58
:20AD200002020202020202011400031B0000102F06060606060606051400031B0000102FF3
:20AD400006060606060606051400031B0000102F06060606060606051400031B0000102FB3
:20AD6000020202020202020100000000000010100606060606060605000010000000001352
:20AD80000606060606060605140010000000001306060606060606051E00100000000012DE
:20ADA0000202020202020201140000000000101006060606060606051E0000000000102FC4
:20ADC0000606060606060605140000000000102F0606060606060605140000000000102F6F
:20ADE0000202020202020201140000000000102F06060606060606051E0000000000102F65
:20AE0000060606060606060514000000003510100606060606060605140000000000001344
:20AE2000020202020202020114000000000000130606060606060605031B00340000001249
:20AE40000606060606060605031B0000000000120606060606060605031B00000000001333
:20AE60000202020202020201031B0000003400130606060606060605140000000000001308
:20AE80000606060606060605140000000000001206060606060606051E00000000000013FD
:20AEA0000202020202020201101000000010101006060606060606052F10000000102F2F57
:20AEC00006060606060606052F1000000010101006060606060606052F1000000000001056
:20AEE00002020202020202012F1000000000001006060606060606052F101E000000001058
:20AF000006060606060606052F101E000000001006060606060606052F101E0000000010F9
:20AF200002020202020202012F101E000000001006060606060606052F101E0000000010F9
:20AF400006060606060606052F101E000000001006060606060606052F101E0000000010B9
:20AF6000020202020202020110101E0000000012060606060606060514000000000000121D
:20AF800006060606060606051E0000000000001206060606060606051400000000000010FF
:20AFA000020202020202020114000000000000100606060606060605140000000000001308
:20AFC00006060606060606051E0000000000001206060606060606051010000000000013B0
:20AFE00002020202020202012F1000000000001306060606060606052F100000000000136F
:20B0000006060606060606052F10000000000012060606060606060510100000000000134E
:20B02000020202020202020114000000000000130606060606060605140000000000001384
:20B04000060606060606060514000000000000130606060606060605101000000000001338
:20B0600002020202020202012F1000000000001306060606060606052F10000000000013EE
:20B0800006060606060606052F1000000000001206060606060606052F10000000000013AF
:20B0A0000202020202020201101000000000001306060606060606051400000000000013F8
:20B0C0000606060606060605140000000000001306060606060606051400000000000013C4
:20B0E0000202020202020201101000000000001306060606060606052F100000000000138D
:20B1000006060606060606052F1000000000001206060606060606052F100000000000132E
:20B1200002020202020202012F10000000000013060606060606060510100000000000134C
:20B14000060606060606060514000000000000120606060606060605140000000000351012
:20B16000020202020202020114000000000000130606060606060605140000000000001244
:20B1800006060606060606051E0000000000001306060606060606051400000034000013C5
:20B1A000020202020202020114000000000000130606060606060605140000000000001303
:20B1C00006060606060606051E00000000000013060606060606060510100000001210108E
:20B1E00002020202020202012F1000000012102F06060606060606052F1000000012102FF1
:20B2000006060606060606052F1000000012102F06060606060606052F1000000012102FB0
:20B2200002020202020202012F1000000012102F06060606060606052F1000000012102FB0
:20B2400006060606060606052F1000000000102F06060606060606052F101E000000102F76
:20B2600002020202020202012F101E000000102F06060606060606052F101E000000102F58
:20B2800006060606060606052F101E000000102F060606060606060510101E000000101056
:20B2A000020202020202020100000000000000000606060606060605000000000000000050
:20B2C00000000000000000000000000000000000000000000000000000000000000000006E
:20B2E00000000000000000000000000000000000000000000000000000000000000000004E
:20B300000000000000000000000000000000000024242424242424242424242424242424ED
:20B320002F2F2F2F2F2F2F2F2F2F2F2F2F2F2F2F2F2F2F2F2F2F2F2F2F2F2F2F2F2F2F2F2D
:20B340002F2F2F2F2F2F2F2F2F2F2F2F2F2F2F2F2F2F2F2F2F2F2F2F2F2F2F2F2F2F2F2F0D
:10B360002F2F2F2F2F2F2F2F2F2F2F2F2F2F2F2FED
:020000040008F2
:204000000000000000000000000000000000000000000000000000000000000000000000A0
:20402000000000000000000000000000000000000000000000000000000000000000000080
:20404000000000000000000000000000000000000000000000000000000000000000000060
:20406000000000000000000000000000000000000000000000000000000000000000000040
:20408000000000000000000000000000000000000000000000000000000000000000000020
:2040A000000000000000000000000000000000000000000000000000000000000000000000
:2040C0000000000000000000000000000000000000000000000000000000000000000000E0
:2040E0000000000000000000000000000000000000000000000000000000000000000000C0
:2041000000000000000000000000000000000000000000000000000000000000000000118E
:2041200000000000000000000000000000000011000000000000000000000000000000006E
:2041400000000000000000000000000000000000000000000000000000000000000000005F
:204160000000000000000000000000000000123000000000000000000000000000000000FD
:2041800000000000000000000000000000000000000000000000000000000000000000001F
:2041A0000000000000000000000000000000000000000000000000000000000000000000FF
:2041C0000000000000000000000000000000000000000000000000000000000000000000DF
:2041E00000000000000000000000000000000011000000000000000000000000000000119D
:20420000000000000000000000000000000000300000000000000000000000000000001856
:204220000000000000000000000000000000000C0000000000000000000000000000000C66
:204240000000000000000000000000000000302D0000000000000000000000000000000CF5
:20426000000000000000000000000000000000180000000000000000000000000000000C1A
:204280000000000000000000000000000000000C00000000000000000000000000000030E2
:2042A0000000000000000000000000000000000000000000000000000000000000000000FE
:2042C0000000000000000000000000000000000000000000000000000000000000000000DE
:2042E0000000000000000000000000000000000000000000000000000000000000000000BE
:2043000000000000000000000000000000000011000000000000000000000000000000008C
:2043200000000000000000000000000000000000000000000000000000000000001C1C0045
:2043400000000000000000000000000000101000000000000000000000000000000000003D
:2043600000000000000000000000000000000000000000000000000000000000000000003D
:2043800000000000000000000000000000000011000000000000000000000000000000000C
:2043A0000000000000000000000000000000000000000000000000000000000000000000FD
:2043C0000000000000000000000000000000000000000000000000000000000000000000DD
:2043E0000000000000000000000000000000000000000000000000000000000000000000BD
:2044000000000000000000000000000000001230000000000000000000000000000000005A
:2044200000000000000000000000000000000000000000000000000000000000000000007C
:2044400000000000000000000000000000000000000000000000000000000000000012301A
:20446000000000000000000000000000000000300000000000000000000000000000000C00
:204480000000000000000000000000000000000C00000000000000000000000000000018F8
:2044A0000000000000000000000000000000302D000000000000000000000000000000009F
:2044C0000000000000000000000000000000000000000000000000000000001C1C000000A4
:2044E00000000000000000000000001010000000000000000000000000000000000000009C
:2045000000000000000000000000000000000000000000000000000000000000000000009B
:20452000000000000000000000000000000000110000000000000000000000000000001159
:20454000000000000000000000000000000000300000000000000000000000000000000C1F
:204560000000000000000000000000000000000C00000000000000000000000000302D2DA5
:204580000000000000000000000000000000001800000000000000000000000000000018EB
:2045A000000000000000000000001C1C000000300000000000000000000010100000001162
:2045C0000000000000000000000000000000001100000000000000000000000000000011B9
:2045E0000000000000000000000000000000000000000000000000000000000000000000BB
:2046000000000000000000000000000000000000000000000000000000000000000000009A
:20462000000000000000000000000000000000000000000000000000000000000000001169
:20464000000000000000000000000000000000110000000000000000000000000000000049
:2046600000000000000000000000000000000000000000000000000000000000000000003A
:204680000000000000000000000000000000113000000000000000000000000000001918A8
:2046A0000000000000000000000000000000000C00000000000000000000000000000018D6
:2046C0000000000000000000000000000000000C0000000000000000000000000019000CA9
:2046E0000000000000000000000000000019000C0000000000000000000000000019000C70
:2047000000000000000000000000000000000018000000000000000000000011302D2D2DB9
:20472000000000000000000000000000000000180000000000000000000000000000001849
:2047400000000000000000000000000000302D2D00000000000000000000000000000018B7
:204760000000000000000000000000000000302D00000000000000000000000000000018C4
:20478000000000000000000000000000000000300000000000000000000000000000000CDD
:2047A0000000000000000000000000000000000C00000000000000000000000000000018D5
:2047C0000000000000000000000000000000302D000000000000000000000000000000116B
:2047E000000000000000000000000000000000F4000000000000000000000000000000F5D0
:20480000000000000000000000000000000000110000000000000000000000000000002562
:20482000000000000000000000000000000000260000000000000000000000000000000052
:20484000000000000000000000000000000000000000000000000000000000000000000058
:20486000000000000000000000000000000000000000000000000000000000000000001127
:204880000000000000000000000000000000001100000000000000000000000000000030D7
:2048A000000000000000000000000000000000180000000000000000000000000000000CD4
:2048C0000000000000000000000000000000000C000000000000000000000000000000309C
:2048E0000000000000000000000000000000000C0000000000000000000000000000000CA0
:20490000000000000000000000000000000000180000000000000000000000000000100C63
:20492000000000000000000000000000000000180000000000000000000000000000000C53
:20494000000000000000000000000000000000180000000000000000000000000010000C23
:204960000000000000000000000000000000000C0000000000000000000000000000000C1F
:20498000000000000000000000001C1C000000250000000000000000000010100000002179
:2049A0000000000000000000000000000000002100000000000000000000000000000021B5
:2049C000000000000000000000000000000011210000000000000000000000000000002184
:2049E000000000000000000000000000000000210000000000000000000000000000002175
:204A0000000000000000000000000000101B00210000000000000000000000000000002129
:204A2000000000000000000000000000000000210000000000000000000000000000002134
:204A4000000000000000000000000000000011210000000000000000000000000000002103
:204A60000000000000000000000000000000002100000000000000000000000000000021F4
:204A8000000000000000000000000000101B002100000000000000000000000000000021A9
:204AA000000000000000000000000000000000260000000000000000000000000000000CC4
:204AC0000000000000000000000000000000000C00000000000000000000000000000018B2
:204AE00000000000000000000000000000000025000000000000000000000000000000266B
:204B0000000000000000000000000000000000180000000000000000000000000000000C71
:204B20000000000000000000000000000000330C00000000000000000000000000002E18F0
:204B40000000000000000000000000101B002E180000000000000000000000101B00212D6B
:204B60000000000000000000000000101B002E180000000000000000000000000000310C87
:204B8000000000000000000000000000000000180000000000000000000000000000000CF1
:204BA0000000000000000000000000000000000C00000000000000000000000000000018D1
:204BC00000000000000000000000000000000025000000000000000000000000000000218F
:204BE00000000000000000000000000000000026000000000000000000000000000000008F
:204C0000000000000000000000000000000000000000000000000000000000001C1C00005C
:204C2000000000000000000000000000101000000000000000000000000000000000000054
:204C4000000000000000000000000000000000000000000000000000000000000000001143
:204C6000000000000000000000000000000000000000000000000000000000000000000034
:204C800000000000000000000000000000000000000000000000000000000000000000F420
:204CA000000000000000000000000000000000F6000000000000000000000000000000F509
:204CC0000000000000000000000000000000000000000000000000000000000000000000D4
:204CE000000000000000000000000000000000110000000000000000000000000000302D46
:204D0000000000000000000000000000000000180000000000000000000000000000000C6F
:204D2000000000000000000000000000190000180000000000000000000000000000000C36
:204D40000000000000000000000000000000000C0000000000000000000019000000000C22
:204D60000000000000000000000000000000000C0000000000000000000000000000000C1B
:204D80000000000000000000190000000000000C00000000000000000000000000000018D6
:204DA0000000000000000000000000000000000C00000000000000000000190000000018B6
:204DC000000000000000000000001900000000180000000000000000000019000000000C7D
:204DE000000000000000000000000000000000180000000000000000000000000000000C8F
:204E00000000000000000000190000000000000C0000000000000000000000000000001855
:204E20000000000000000000000000000000000C0000000000001900000000000000000C41
:204E4000000000000000000000000000000000180000000000000000000000000000001822
:204E60000000000000000000000000000000000C000000000000000000000000000000180E
:204E80000000000000000019000000000000000C0000000000000000000000000000000CE1
:204EA00000000000101B00001900000000000018000000000000000000000000000000187E
:204EC0000000000000101B000019000000000018000000000000000000000000000000185E
:204EE000000000000000101B000019000000000C0000000000000000000019000000001831
:204F00000000000000000000000000000000000C0000000000000000000000000000000C79
:204F20000000000000000000000000000000000C0000000000000000001900000000001834
:204F4000000000000000000000000000000000180000000000000000000019000000001808
:204F60000000000000000000000019000000000C00000000000000000000000000000018F4
:204F80000000000000000000000000000000000C0000000000000000000000000000000CF9
:204FA000000000000000000000190000000000160000000000000000000000000000000CB6
:204FC0000000000000000000000019000000000C000000000000000000001900000000187B
:204FE0000000000000000000000000000000000C000000000000000000000000000000168F
:205000000000000000000000000000000000000C0000000000000000001900000000001853
:205020000000000000000000000000000000000C0000000000000000000019000000001635
:205040000000000000000000000000000000000C0000000000000000000000190000000C1F
:205060000000000000000000000000190000000C0000000000000000000000000000000CFF
:20508000000000000000000000000000000000160000000000000000000000000000000CEE
:2050A000000000000000000000000000000000180000000000000000000000001900000CB3
:2050C0000000000000000000000000000000000C0000000000000000101B00000019000C74
:2050E0000000000000000000000000000000000C00000000000000000000101B0000191848
:20510000000000000000000000000000000000180000000000000000000000101B0000301C
:2051200000000000000000000000000000000000000000000000000000000000101B000044
:2051400000000000000000000000000000000000000000000000000000000000000000004F
:2051600000000000000000000000000000000000000000000000000000000000000000002F
:2051800000000000000000000000000000000000000000000000000000000000000000000F
:2051A0000000000000000000000000000000000000000000000000000000000000000000EF
:2051C0000000000000000000000000000000000000000000000000000000000000000000CF
:2051E0000000000000000000000000000000000000000000000000000000000000000000AF
:2052000000000000000000000000000000000000000000000000000000000000000000008E
:2052200000000000000000000000000000000000000000000000000000000000000000006E
:2052400000000000000000252D2D2D3200000000000000000000002E000000000000000042
:20526000000000000000002E0000000000000000000000000000002E0000000000000000D2
:20528000000000000000002E0000000000000000000000000000002E0000000000000000B2
:2052A000000000000000002E0000000000000000000000000000002E000000000000000092
:2052C000000000000000002E0000000000000000000000000000002E000000000000000072
:2052E000000000000000002E0000000000000000000000000000002E000000000000000052
:20530000000000000000002E0000000000000000000000000000002E000000000000000031
:20532000000000000000002E0000000000000000000000000000002E000000000000000011
:20534000000000000000002E0000000000000000000000000000002E0000000000000000F1
:20536000000000000000002E0000000000000000000000000000002E2D3200111000000051
:20538000000000000000002E0000000000000000000000000000002E0000000000000000B1
:2053A000000000000000002E0000000000000000000000000000002E000000000000000091
:2053C000000000000000002E0000000000000000000000000000002E000000000000000071
:2053E000000000000000002E2D32001110000000000000000000002E0000000000000000D1
:20540000000000000000002E0000000000000000000000000000002E000000000000000030
:20542000000000000000002E0000000000000000000000000000002E1B00000000000000F5
:20544000000000000000002E0000000000000000000000000000002E0000000000000000F0
:20546000000000000000002E0000000000000000000000000000002E0000000000000000D0
:20548000000000000000002E1B00000000000000000000000000002E1B000000000000007A
:2054A000000000000000002E3200000000000000000000000000002E0D0000000000000051
:2054C000000000000000002E0D00000000000000000000000000002E17000000000000004C
:2054E000000000000000002E2D32000000000000000000000000002E1B00000000000000D6
:20550000000000000000002E1B00000000000000000000000000002E1B00000000000000F9
:20552000000000000000002E0000000000000000000000000000002E00000000000000000F
:20554000000000000000002E0000000000000000000000000000002E0000000000000000EF
:20556000000000000000002E0000000000000000000000000000002E0000000000000000CF
:20558000000000000000002E1B00000000000000000000000000002E1B0000000000000079
:2055A000000000000000002E3200000000000000000000000000002E1B0000000000000042
:2055C000000000000000002E1B00000000000000000000000000002E1B0000000000000039
:2055E000000000000000002E0000000000000000000000000000002E00000000000000004F
:20560000000000000000002E0000000000000000000000000000002E00111000000000000D
:20562000000000000000002E0000000000000000000000000000002E00000000000000000E
:20564000000000000000002E0000000000000000000000000000002E1B00000000000000D3
:20566000000000000000002E0000000000000000000000000000002E0000000000000000CE
:20568000000000000000002E0000000000000000000000000000002E0000000000000000AE
:2056A000000000000000002E1B00000000000000000000000000002E1B0000000000000058
:2056C000000000000000002E3200000000000000000000000000002E0D000000000000002F
:2056E000000000000000002E0D00000000000000000000000000002E17000000000000002A
:20570000000000000000002E2D32000000000000000000000000002E0D00000000000000C1
:20572000000000000000002E0D00000000000000000000000000002E2D2D2D320000000047
:20574000000000000000002E0D00000000000000000000000000002E1700000000000000C9
:20576000000000000000002E0D00000000000000000000000000002E0D00000000000000B3
:20578000000000000000002E2D32000000000000000000000000002E170000000000000037
:2057A000000000000000002E1700000000000000000000000000002E320000000000000044
:2057C000000000000000002E0D00000000000000000000000000002E0D0000000000000053
:2057E000000000000000002E1700000000000000000000000000002E2D32000000000000D7
:20580000000000000000002E1700000000000000000000000000002E0D0000000000000008
:20582000000000000000002E0D00000000000000000000000000002E2D2D32000000000073
:20584000000000000000002E1700000000000000000000000000002E1700000000000000BE
:20586000000000000000002E0D00000000000000000000000000002E0D00000000000000B2
:20588000000000000000002E3200000000000000000000000000002E00000000000000007A
:2058A000000000000000002E00001C1C00000000000000000000002E000010100000000034
:2058C000000000000000002E0000000000000000000000000000002E1B0000000000000051
:2058E000000000000000002E1B00000000000000000000000000002E3200000000000000FF
:20590000000000000000002E0D00000000000000000000000000002E0D0000000000000011
:20592000000000000000002E1700000000000000000000000000002E2D3200000000000095
:20594000000000000000002E1700000000000000000000000000002E1700000000000000BD
:20596000000000000000002E2D2D2D3200000000000000000000002E0D0000000000000005
:20598000000000000000002E1700000000000000000000000000002E0D0000000000000087
:2059A000000000000000002E0D00000000000000000000000000002E170000000000000067
:2059C000000000000000002E3200000000000000000000000000002E000000000000000039
:2059E000000000000000002E0000000000000000000000000000002E00000000000000004B
:205A0000000000000000002E1B00000000000000000000000000002E1B00000000000000F4
:205A2000000000000000002E2D32000000000000000000000000002E0D000000000000009E
:205A4000000000000000002E1700000000000000000000000000002E0D00000000000000C6
:205A6000000000000000002E3200000000000000000000000000002E0D000000000000008B
:205A8000000000000000002E1700000000000000000000000000002E17000000000000007C
:205AA000000000000000002E2D32000000000000000000000000002E1B0000000000000010
:205AC000000000000000002E1B00000000002524000000000000002E1B00000000002622A3
:205AE00000000000000000311B00000000000000000000000000000000000000000000302A
:205B0000000000000000000000000000000000000000000000000000000000000000000085
:205B200000000000000000000000000000000000000000000000000000000000000000F471
:205B4000000000000000000000000000000000F6000000000000000000000000000000F55A
:205B6000000000000000000000000000000000000000000000000000000000000000000025
:205B80000000000000000000000000000000001100000000000000000000000000000000F4
:205BA0000000000000000000000000000000000000000000000000000000000000000000E5
:205BC0000000000000000000000000000000000000000000000000000000000000000000C5
:205BE000000000000000000000000000000000110000000000000000000000000000001183
:205C000000000000000000000000000000000030000000000000000000000000000000183C
:205C20000000000000000000000000000000000C00000000000000000000000000302D2DCE
:205C4000000000000000000000000000000000180000000000000000000000000000001814
:205C60000000000000000000000000302D2D2D2D000000000000000000000000000000112F
:205C80000000000000000000000000000000001100000000000000000000000000000011E2
:205CA0000000000000000000000000000000001100000000000000000000000000000000D3
:205CC0000000000000000000000000000000000000000000000000000000000000000000C4
:205CE0000000000000000000000000000000000000000000000000000000000000000000A4
:205D0000000000000000000000000000000000000000000000000000000000000000000083
:205D2000000000000000000000000000000000110000000000000000000000000000001141
:205D4000000000000000000000000000000000300000000000000000000000001C1C0000DB
:205D6000000000000000000000000000101000000000000000000000000000000000000003
:205D8000000000000000000000000000000000F4000000000000000000000000000000F619
:205DA000000000000000000000000000000000F500000000000000000000000000000000EE
:205DC0000000000000000000000000000000000000000000000000000000000000000000C3
:205DE0000000000000000000000000000000000000000000000000000000000000000000A3
:205E0000000000000000000000000000000000000000000000000000000000000000001171
:205E2000000000000000000000000000000000110000000000000000000000000000003021
:205E4000000000000000000000000000000000110000000000000000000000000000001120
:205E6000000000000000000000000000000000110000000000000000000000000000000011
:205E80000000000000000000000000000000000000000000000000000000000000000035CD
:205EA0000000000000000000000000000000001200000000000000000000000000000012BE
:205EC00000000000000000000000000000000012000000000000000000000000000000129E
:205EE00000000000000000000000000000003412000000000000000000000000000000124A
:205F000000000000000000000000000000000012000000000000000000000000000000125D
:205F2000000000000000000000000000000000000000000000000000000000000000000061
:205F4000000000000000000000000000000000000000000000000000000000000000001130
:205F60000000000000000000000000000000302D00000000000000000000000000000000C4
:205F80000000000000000000000000000000000000000000000000000000000000000035CC
:205FA0000000000000000000000000000000001100000000000000000000000000000011BF
:205FC00000000000000000000000000000000011000000000000000000000000000000119F
:205FE000000000000000000000000000000000110000000000000000000000000000000090
:20600000000000000000000000000000000000000000000000000000000000000000000080
:2060200000000000000000000000000000000012000000000000000000000000000000123C
:206040000000000000000000000000000000341200000000000000000000000000000012E8
:206060000000000000000000000000000000001200000000000000000000000000000012FC
:206080000000000000000000000000000000302D0000000000000000000000000000001291
:2060A0000000000000000000000000000000001200000000000000000000000000000012BC
:2060C00000000000000000000000000000302D2D0000000000000000000000000000000036
:2060E0000000000000000000000000000000000000000000000000000000001C1C00000068
:2061000000000000000000000000001010000000000000000000000000000000000000F46B
:20612000000000000000000000000000000000F5000000000000000000000000000000006A
:2061400000000000000000000000000000000000000000000000000000000000000000003F
:20616000000000000000000000000000000000110000000000000000000000101B00302D86
:206180000000000000000000000000000000001800000000000000000000000000000025C2
:2061A000000000000000000000000000000000260000000000000000000000000000000CAD
:2061C0000000000000000000000000000000000C000000000000000000000000000000189B
:2061E0000000000000000000000000000000302D0000000000000000000000000000000C36
:2062000000000000000000000000000000111018000000000000000000000000000000182D
:206220000000000000000000000000000000302D00000000000000000000000000000018E9
:206240000000000000000000000000000000001800000000000000000000000000000030F6
:206260000000000000000000000000000000001800000000000000000000000000000018EE
:20628000000000000000000000000000000000180000000000000000000000000000302D89
:2062A0000000000000000000000000000000000C0000000000000000000000000000000CC6
:2062C0000000000000000000000000000000001800000000000000000000000000302D2D1C
:2062E00000000000000000000000000000000018000000000000000000000000111000184D
:2063000000000000000000000000000000000018000000000000000000000000000000184D
:2063200000000000000000000000000000302D2D0000000000000000000000000000000CC7
:2063400000000000000000000000000000000018000000000000000000000000000000180D
:2063600006060606060500000000000000302D2D060606060605000000000000000000004D
:206380000202020202010000000000000000000006060606060500000000000000000000CF
:2063A000060606060605000000000000000000000606060606050000000000000000000097
:2063C00002020202020100000000000000000000060606060605000000000000000000008F
:2063E00006060606060500000000000000000000060606060605000000000000000025280A
:20640000020202020201000000000000000026270606060606050000000000000000000001
:20642000060606060605000000000000000000000606060606050000000000000000000016
:20644000020202020201000025280000000000000606060606050000262700000000000074
:206460000606060606050000000000000000000006060606060500000000000000000000D6
:206480000202020202010000000000000000000006060606060500000000000000000000CE
:2064A000060606060605000000000000000000000606060606050000000000000000000096
:2064C0000202020202010000000000002528000006060606060500000000000026270000F4
:2064E000060606060605000000000000000000000606060606050000000000000000000056
:2065000002020202020100000000000000000000060606060605000000000000000000004D
:206520000606060606050000000000000000000006060606060525280000000000000000C8
:206540000202020202012627000000000000000006060606060500000000000000000000C0
:20656000060606060605000000000000000000000606060606050000000000000000252888
:20658000020202020201000000000000000026270606060606050000000000000000000080
:2065A000060606060605000000000000000000000606060606050000000000000000000095
:2065C00002020202020100000000000000000000060606060605000000000000000000008D
:2065E0000606060606050000252800000000000006060606060500002627000000000000BB
:2066000002020202020100000000000000000000060606060605000000000000000000004C
:206620000606060606050000000000000000000006060606060500000000000000252800C7
:206640000202020202010000000000000026270006060606060500000000000000000000BF
:206660000606060606050000000000000000000006060606060500000000000000000000D4
:20668000020202020201252800000000000000000606060606052627000000000000000032
:2066A000060606060605000000000000000000000606060606050000000000000000000094
:2066C00002020202020100000000000000000000060606060605000000000000000000008C
:2066E000060606060605000000000000000000000606060606050000000025280000000007
:206700000202020202010000000026270000000006060606060500000000000000000000FE
:20672000060606060605000000000000000000000606060606050000000000000000000013
:2067400002020202020100000000000000000000060606060605000000000000000000000B
:20676000060606060605000000000000000000000606060606052D2D1000000000102D2DFF
:206780000202020202010D0000000000000000180606060606051700000000000000000C83
:2067A0000606060606050D0000000000000000180606060606050D00000000000000000C55
:2067C0000202020202011700000000000000000C0606060606051700000000000000000C45
:2067E0000606060606050D00000000000000000C0606060606050D00000000001C1C0018DD
:206800000202020202010D000000001125281B0C0606060606050D000000001126271B0C26
:206820000606060606050D00000000001A1A00180606060606051700000000000000000C96
:20684000020202020201170000000000000000180606060606050D00000000000000000CC2
:206860000606060606050D00000000000000000C0606060606051700000000000000000C96
:206880000202020202010D0000000000000000180606060606050D00000000000000000C8C
:2068A0000606060606050D00000000000000000C06060606060517001C1C00000000000C1E
:2068C0000202020202010D1125281B000000000C0606060606050D1126271B00000000185A
:2068E0000606060606050D001A1A00000000000C0606060606050D00000000000000000CEC
:206900000202020202010D00000000000000000C0606060606051700000000000000000C0D
:206920000606060606050D00000000000000000C0606060606051700000000000000000CD5
:206940000202020202010D00000000000000000C0606060606050D00000000001C1C001893
:206960000606060606050D000000001125281B180606060606050D000000001126271B0CA1
:206980000202020202011700000000001A1A000C0606060606050D0000000000000000184D
:2069A0000606060606050D00000000000000000C0606060606050D00000000000000000C5F
:2069C0000202020202010D00000000000000000C0606060606050D00000000000000000C57
:2069E0000606060606050D00000000000000000C0606060606050D00000000000000000C1F
:206A00000202020202010D00001C1C000000000C06060606060517001125281B0000000C5B
:206A20000606060606050D001126271B0000000C0606060606051700001A1A00000000181B
:206A40000202020202010D00000000000000000C0606060606051700000000000000000CCC
:206A60000606060606050D00000000000000000C0606060606050D00000000000000001892
:206A80000202020202010D00000000000000000C0606060606050D00000000000000000C96
:206AA0000606060606050D00000000000000000C0606060606051700000000001C1C000C1C
:206AC00002020202020117000000001125281B180606060606050D000000001126271B1842
:206AE0000606060606050D00000000001A1A000C0606060606051700000000000000000CE0
:206B00000202020202010D00000000000000000C0606060606051700000000000000000C0B
:206B20000606060606050D0000000000000000180606060606050D00000000000000000CD1
:206B40000202020202010D00000000000000000C06060606060517000000000000000018BF
:206B6000060606060605242428000000112524240606060606052F2F2300000011212F2FD0
:206B80000202020202012F2F2300000000212F2F0606060606052F2F2300000000212F2FC7
:206BA0000606060606052F2F2300000000212F2F0606060606052F2F2300000000212F2F8F
:206BC0000202020202012F2F2300000000212F2F0606060606052F2F231B000000212F2F6C
:206BE0000606060606052F2F231B000000212F2F0606060606052F2F2300000000212F2F34
:206C00000202020202012F2F2300000000212F2F0606060606052F2F2300000000212F2F46
:206C20000606060606052F2F2300000000212F2F06060606060522222700000000262A2F24
:206C40000000000000000000000000000000212F0000000000000000000000000000212F94
:206C60000000000000000000000000000000262200000000000000000000000000000018B4
:206C80000000000000000000000000000000002500000000000000000000000000000026A9
:206CA0000000000000000000000000000000000C0000000000000000000000000000000CBC
:206CC000000000000000000000101B0000302D2D00000000000000000000000000000018E7
:206CE00000000000000000000000101B0000302D00000000000000000000000000000018F4
:206D00000000000000000000000000101B0000300000000000000000000000000000000018
:206D2000000000000000000000000000000000000000000000000000000000000000000053
:206D4000000000000000000000000000000000110000000000000000000000000000001111
:206D6000000000000000000000000000000000000000000000000000000000000000000013
:206D80000000000000000000000000000000000000000000000000000000000000000000F3
:206DA00000000000000000000000101B0000302D0000000000000000000000000000001833
:206DC00000000000000000000000000000000018000000000000000000000000000000306B
:206DE000000000000000000000000000000000180000000000000000000000000000000C6F
:206E0000000000000000000000101B0000302D2D00000000000000000000000000000018A5
:206E200000000000000000000000101B0000302D00000000000000000000000000000000CA
:206E4000000000000000000000000000000000000000000000000000000000000000000032
:206E6000000000000000000000000000000000000000000000000000000000000000001101
:206E80000000000000000000000000000000000000000000000000000000000000000000F2
:206EA0000000000000000000000000000000000000000000000000000000000000000000D2
:206EC000000000000000000000000000000000000000000000000000000000000000302D55
:206EE0000000000000000000000000000000000C0000000000000000000000000000000C7A
:206F0000000000000000000000000000000000300000000000000000000000000000000C35
:206F20000000000000000000000000000000000C000000000000000000000000000000182D
:206F40000000000000000000000000000000302D00000000000000000000000000000011C3
:206F60000000000000000000000000000000001100000000000000000000000000000011EF
:206F80000000000000000000000000000000000000000000000000000000000000000000F1
:206FA0000000000000000000000000000000000000000000000000000000000000000000D1
:206FC0000000000000000000000000000000302D0000000000000000000000000000000C48
:206FE0000000000000000000000000000000000C0000000000000000101B0000302D2D2DA3
:20700000000000000000000000000000000000180000000000000000000000000000001840
:20702000000000000000000000101B0000302D2D0000000000000000000000000000000C8F
:207040000000000000000000000000000000000C0000000000000000000000000035302D92
:207060000000000000000000000000000000001100000000000000000000000000000011EE
:207080000000000000000000000000000000001100000000000000000000000000000011CE
:2070A0000000000000000000000000000000000000000000000000000000000000000000D0
:2070C00000000000000000000000000000000000000000000000000000000000000000119F
:2070E00000000000000000000000101B0000302D00000000000000000000000000000018F0
:207100000000000000000000000000101B0000300000000000000000000000000000000014
:2071200000000000000000000000000000000000000000000000000000000000000000004F
:20714000000000000000000000000000000000F4000000000000000000000000000000F645
:20716000000000000000000000000000000000F5000000000000000000000000000000001A
:207180000000000000000000000000000000000000000000000000000000000000000011DE
:2071A0000000000000000000000000000000001100000000000000000000000000000000BE
:2071C0000000000000000000000000000000000000000000000000000000000000000000AF
:2071E00000000000000000000000000000000000000000000000000000000000000000117E
:2072000000000000000000000000000000000011000000000000000000000000000000114C
:20722000000000000000000000000000000000300000000000000000000000000000000C12
:207240000000000000000000000000000000000C000000000000000000000000000000180A
:2072600000000000000000000000101B0000302D0000000000000000000000000000000C7A
:207280000000000000000000000000000000002500000000000000000000000000000026A3
:2072A00000000000000000000000000000000018000000000000000000000000000000189E
:2072C00000000000000000000000000000302D2D0000000000000000000000000000000C18
:2072E0000000000000000000000000000000001800000000000000101B0000302D2D2D2D67
:2073000000000000000000000000000000000018000000000000000000000000302D2D2D9E
:2073200000000000000000000000000000000018000000000000000000000000000000181D
:2073400000000000000000000000000000302D2D000000000000000000000000000000188B
:2073600000000000000000000000000011302D2D000000000000000000000000000000185A
:20738000000000000000000000000000000000250000000000000000000000000000352172
:2073A000000000000000000000000000000011210000000000000000000000000000112169
:2073C000000000000000000000000000000011210000000000000000000000000000112644
:2073E00000000000000000000000000000000000000000000000000000000000000000008D
:2074000000000000000000000000000000000000000000000000000000000000000000006C
:2074200000000000000000000000000000000000000000000000000000000000000000004C
:20744000242424242424242424242424242424242F2F2F2F2F2F2F2F2F2F2F2F2F2F2F2FFC
:207460002F2F2F2F2F2F2F2F2F2F2F2F2F2F2F2F2F2F2F2F2F2F2F2F2F2F2F2F2F2F2F2F2C
:207480002F2F2F2F2F2F2F2F2F2F2F2F2F2F2F2F2F2F2F2F2F2F2F2F2F2F2F2F2F2F2F2F0C
:020000040009F1
:200000000000000000000000000000000000000000000000000000000000000000000000E0
:200020000000000000000000000000000000000000000000000000000000000000000000C0
:200040000000000000000000000000000000000000000000000000000000000000000000A0
:20006000000000000000000000000000000000000000000000000000000000000000000080
:20008000000000000000000000000000000000000000000000000000000000000000000060
:2000A000000000000000000000000000000000000000000000000000000000000000000040
:2000C000000000000000000000000000000000000000000000000000000000000000000020
:2000E000000000000000000000000000000000000000000000000000000000000000000000
:20010000000000000000000000000000000000002D2D2D2D2D2D2D2D2D2D10000000102DD0
:200120000000000000000000000000000000000C0000000000000000000000000000000CA7
:200140002D2D2D2D2D2D2D2D2D2D2D10000000100000000000000000000000000000001878
:200160000000000000000000000000000000000C0000000000000000000000000000000C67
:200180002D2D2D2D2D2D2D2D2D2D10000000102D0000000000000000000000000000000C44
:2001A0000000000000000000000000000000000C000000000000000000000000000000181B
:2001C0002D2D2D2D2D2D2D2D2D10000000102D2D00000000000000000000000000000018F8
:2001E000000000000000000000000000000000182D2D2D2D2D2D2D2D2D2D10000000102DD8
:200200000000000000000000000000000000000C00000000000000000000000000000018BA
:200220002D2D2D2D2D2D2D2D10000000102D2D2D0000000000000000000000000000001897
:20024000000000000000000000000000000000182D2D2D2D2D2D10000000102D2D2D2D2D77
:20026000000000000000000000000000000000180000000000000000000000000000000C5A
:200280000000000000000000000000000000000C0000000000000000000000000000001042
:2002A000000000000000000000000000000000100000000000000000000000000000000C22
:2002C0000000000000000000000000000000000C2D2D2D2D2D2D2D2D2D101B0000102D2DE8
:2002E000000000000000000000101B0000000011000000000000000000101B000000001186
:2003000000000000000000000000101B00000000000000000000000000101B000000003552
:200320000000000000000000101B0000000000110000000000000000101B00000000001145
:200340000000000000000000101B0000000000110000000000000000101B00000000000036
:20036000000000000000000000101B000000000000000000000000000000101B0000000027
:2003800000000000000000000000101B0000000000000000000000000000101B00000011F6
:2003A00000000000000000000000101B0000001100000000000000000000101B00000010C6
:2003C0000000000000000000000000101B000000000000000000000000000000101B0000C7
:2003E0000000000000000000000000101B0000000000000000000000000000101B000000A7
:2004000000000000000000000000101B0000001100000000000000000000101B0000001164
:2004200000000000000000000000101B0000102D00000000000000000000101B0000000029
:200440000000000000000000000000101B000000000000000000000000000000101B000046
:200460000000000000000000000000101B0000000000000000000000000000101B00000026
:2004800000000000000000000000101B000000112D2D2D2D2D2D2D2D2D2D101B0000102DF6
:2004A00000000000000000000000000000000018000000000000000000000000000000180C
:2004C0002D2D2D2D2D2D2D2D2D2D2D100000001000000000000000000000000000000018F5
:2004E0000000000000000000000000000000000C0000000000000000000000000000000CE4
:200500002D2D2D2D2D2D2D2D2D2D2D10000000100000000000000000000000000000000CC0
:200520000000000000000000000000000000000C0000000000000000000000000000001897
:200540002D2D2D2D2D2D2D2D2D2D10000000102D0000000000000000000000000000001874
:20056000000000000000000000000000000000182D2D2D2D2D2D2D2D2D2D2D100000001054
:200580000000000000000000000000000000000C0000000000000000000000000000000C43
:2005A000000000000000000000000000000000182D2D2D2D2D2D2D2D2D2D10000000102D14
:2005C0000000000000000000000000000000001800000000000000000000000000000018EB
:2005E0002D2D2D2D2D2D2D2D2D2D2D10000000100000000000000000000000000000000CE0
:200600000000000000000000000000000000000C00000000000000000000000000000018B6
:200620002D2D2D2D2D2D2D2D2D2D10000000102D0000000000000000000000000000001893
:20064000000000000000000000000000000000182D2D2D2D2D2D2D2D10000000102D2D2D73
:200660000000000000000000000000000000000C0000000000000000000000000000001856
:200680000000000000000000000000000034000C0000000000000000000000000000000C0E
:2006A0000000000000000000000000000000000C0000000000000000000000000000000C22
:2006C0000000000000000000000000EEEF0000180000000000000000000000000000000C19
:2006E0000000000000000000000000000000000C0000000000000000000000000000000CE2
:20070000000000000000331B00000000000000180000000000002E1B000000000000000C1E
:200720000000000000002E1000000000000000180000000000002E10000000000000000C19
:200740000000000000002E1B00000000000000180000000000002E1B000000000000000CE3
:200760000000000000002E2D2D1000000000000C0000000000002E1B000000000000001874
:200780000000000000002E1B000000000000000C0000000000002E2D2D2D2D100000000C06
:2007A0000000000000002E1B00000000000000180000000000002E2D2D2D2D2D1B00000CA2
:2007C0000000000000002E1B00000000000000180000000000002E1B000000000000000C63
:2007E0000000000000002E2D2D1000000000000C0000000000002E1B0000000000000018F4
:200800000000000000002E1B00000000000000180000000000002E2D100000000000000C00
:200820000000000000002E1B00000000000000180000000000002E1B000000000000000C02
:200840000000000000002E1B00000000000000180000000000002E2D2D1000000000001887
:200860000000000000002E1B000000000000000C0000000000002E1B0000000000000018C2
:200880000000000000002E2D100000000000000C0000000000002E1B000000000000000C8C
:2008A0000000000000002E1B00000000000000180000000000002E1B000000000000000C82
:2008C0000000000000002E2D2D1000000000000C0000000000002E1B000000000000001813
:2008E0000000000000002E1B000000000000000C0000000000002E2D2D2D2D100011101878
:200900000000000000002E1B00000000000000180000000000002E1B000000000000001815
:200920000000000000002E1B00000000000000180000000000002E2D100000000000000CDF
:200940000000000000002E1B00000000000000180000000000002E1B000000000000000CE1
:200960000000000000002E2D2D2D10001110000C0000000000002E1B000000000000001824
:200980000000000000002E1B00000000000000180000000000002E2D100000000000001873
:2009A0000000000000002E1B000000000000000C0000000000002E1B000000000000000C8D
:2009C0000000000000002E1B00000000000000180000000000002E2D2D1000000000000C12
:2009E0000000000000002E1B00000000000000180000000000002E1B000000000000000C41
:200A00000000000000002E2D100000000000000C0000000000002E1B0000000000000018FE
:200A20000000000000002E1B00000000000000180000000000002E1B000000000000000C00
:200A40000000000000002E1B000000000000000C0000000000002E1B0000000000000018E0
:200A60000000000000002E1B00000000000000100000000000002E1C1C1C1C00000000106F
:200A8000000000000000262D2D2D32000000000C0000000000000000000000000000000C5F
:200AA000000000000000000000000000000000180000000000000000000000000000102DE1
:200AC0000000000000000000000000000000001800000000000000000000000000000018E6
:200AE000000000000000000000000000102D2D2D0000000000000000000000000000000C53
:200B00000000000000000000000000000000000C00000000000000001C1C1C00000000185D
:200B200000000000000000001010100000000010000000000000000000000000000000185D
:200B40000000000000000000000000000000001800000000000000000000000000E8000C89
:200B600000000000000000000000000000E900180000000000000000000000000000000C68
:200B80000000000000000000000000000000000C0000000000000000000000001900001818
:200BA000000000000000000000000000000000180000000000000000000000000000000C11
:200BC00000000000000000001C1C1C000019000C0000000000000000101010000000001854
:200BE000000000000000000000000000000000180000000000000000000000000000190CB8
:200C000000000000000000000000101B0000191800000000000000000000101B0000190C28
:200C200000000000000000000000101B0000190C00000000000000000000101B0000190C14
:200C4000000000000000000000000000000019180000000000000000000000000011190C2D
:200C60000000000000000000000000001900000C0000000000000000000000000000000C43
:200C8000000000000000000000000000000000180000000000000000000000000000000C30
:200CA000000000000000000000000019000000180000000000000000000000000000000CF7
:200CC0000000000000000000000000000000000C00000000000000000000000000000018F0
:200CE00000000000000000000000000000102D2D0000000000000000000000000000001179
:200D000000000000000000000000000000000000000000000000000000001C1C000000009B
:200D2000000000000000000000001010000000000000000000000000000000000000001182
:200D4000000000000000000000000000000000110000000000000000000000000000001171
:200D6000000000000000000000000000000000100000000000000000000000000000000063
:200D8000000000000000000000000000101B00000000000000000000000000000000000028
:200DA000000000000000000000000000000000110000000000000000000000000000001111
:200DC0000000000000000000000000000000102D0000000000000000000000000000000CCA
:200DE0000000000000000000000000000000000C00000000000000000000000000000018CF
:200E00000202020202012D2D100000000000102D0606060606051E000000000000000012CD
:200E20000606060606051E0000000000000000120606060606051E0000000000000000120C
:200E40000202020202011E0000000000000000120606060606051E00000000000000001204
:200E60000606060606051E0000000000000000120606060606051E000000000000000012CC
:200E80000202020202011E0000000000000000120606060606051E000000000000000012C4
:200EA0000606060606051E0000000000000000120606060606051E0000000000000000128C
:200EC0000202020202011E0000000000000000120606060606051E00000000000000001284
:200EE0000606060606051E0000000000000000120606060606051E0000000000000000124C
:200F00000202020202011E0000000000000000120606060606051E00000000000000001243
:200F20000606060606051E0000000000000000120606060606051E0000000000000000120B
:200F40000202020202011E0000000000000000120606060606051E00000000000000001203
:200F60000606060606051E00000000000000001206060606060510000000000000000010DB
:200F8000020202020201100000000000000000100606060606052F10000000000000102F85
:200FA0000606060606052F10000000000000102F0606060606052F2F1000000000102F2F91
:200FC0000202020202012F2F1000000000102F2F0606060606052F10000000000000102F89
:200FE0000606060606052F10000000000000102F060606060605100000000000000000100D
:20100000020202020201100000000000000000100606060606051B00000000000000001156
:201020000606060606051B0000000000000000110606060606051B00000000000000001112
:201040000202020202011B0000000000000000110606060606051B0000000000000000110A
:201060000606060606051B0000000000000000110606060606051B000000000000000011D2
:201080000202020202011B0000000000000000110606060606051B000000000000000011CA
:2010A0000606060606051B0000000000000000110606060606051B00000000000000001192
:2010C0000202020202011B0000000000000000110606060606051B0000000000000000118A
:2010E0000606060606051B0000000000000000110606060606051B00000000000000001152
:201100000202020202011B0000000000000000110606060606051B00000000000000001149
:201120000606060606051B000000000000000011060606060605100000000000000000101D
:20114000020202020201100000000000000000100606060606052F10000000000000102FC3
:201160000606060606052F10000000000000102F0606060606052F2F1000000000102F2FCF
:201180000202020202012F2F1000000000102F2F0606060606052F10000000000000102FC7
:2011A0000606060606052F10000000000000102F060606060605100000000000000000104B
:2011C000020202020201100000000000000000100606060606051B00000000000000001195
:2011E0000606060606051B0000000000000000110606060606051B00000000000000001151
:201200000202020202011B0000000000000000110606060606051B000000000000112D2DEE
:201220000606060606051B0000000000000000110606060606051B00000000000000001110
:201240000202020202011B0000000000000000110606060606051B00000000000000001108
:201260000606060606051B0000000000000000110606060606052D2D2D1B00000000001149
:201280000202020202011B0000000000000000110606060606051B000000000000000011C8
:2012A0000606060606051B0000000000000000110606060606051B00000000000000001190
:2012C0000202020202011000000000000000001006060606060510000000000000000010A0
:2012E0000606060606052F10000000000000102F0606060606052F10000000000000102FAC
:201300000202020202012F2F1000000000102F2F0606060606052F2F1000000000102F2FE7
:201320000606060606052F10000000000000102F0606060606052F10000000000000102F6B
:2013400002020202020110000000000000000010060606060605100000000000000000101F
:201360000606060606051B0000000000000000110606060606051B000000000000000011CF
:201380000202020202011B0000000000000000110606060606051B000000000000000011C7
:2013A0000606060606052D2D1B000000000000110606060606051B00000000000000001135
:2013C0000202020202011B0000000000000000110606060606051B00000000000000001187
:2013E0000606060606051B0000000000000000110606060606051B0000000000000000114F
:201400000202020202011B0000000000112D2F2D0606060606051B0000000000000000AD21
:201420000606060606051B0000000000000000AD0606060606051B00000000000000001172
:201440000202020202011B0000000000000000110606060606051B00000000000000001106
:201460000606060606052D2D1B000000000000110606060606051B00000000000000001174
:201480000202020202011B0000000000000000110606060606051B000000000000000011C6
:2014A0000606060606051B0000000000000000110606060606051B0000000000000000118E
:2014C00002020202020110000000000000000010060606060605100000000000000000109E
:2014E0000606060606052F10000000000000102F0606060606052F10100000000000102F9A
:201500000202020202012F2F1000000000102F2F0606060606052F2F1000000000102F2FE5
:20152000060606060605101010000000000010100000000000000000000000000000101810
:201540000000000000000000000000000000000C0000000000000000000000000000000C73
:201560000000000000000000000000000000001800000000000000000000000000102D2DE9
:2015800000000000000000000000000000000018000000000000000000000000000000181B
:2015A0000000000000000000101B00102D2D2D2D0000000000000000000000000000001824
:2015C000000000000000000000000000190000180000000000000000000000001900000CB5
:2015E000000000000000000000000000000000180000000000000000000000000000000CC7
:201600000000000000000000000000000000000C00000000000000000000000000000018A6
:2016200000000000000000000000000000102D2D0000000000000000000000000000000C34
:201640000000000000000000000000000000190C0000000000000000000000000000190C40
:201660000000000000000000000000000000000C0000000000000000000000000000001846
:20168000000000000000000000000000102D2D2D000000000000000000000000000000189B
:2016A0000000000000000000000000000000000C0000000000000000000000000000000C12
:2016C0000000000000000000000000102D2D2D2D000000000000000000000000000000182E
:2016E0000000000000000000000000001900000C0000000000000000000000001900000CA0
:20170000000000000000000000000000000000180000000000000000000000000000001899
:2017200000000000000000101B00102D2D2D2D2D0000000000000000000000000000000C81
:20174000000000000000000000000000000000180000000000000000000000001900000C4C
:201760000000000000000000000000001900000C0000000000000000000000111900000C0E
:201780000000000000000000000000000000000C0000000000000000000000000000001825
:2017A000000000000000000000000000102D2D2D0000000000000000000000000000000C86
:2017C000000000000000000000000000000019180000000000000000102F10000000190C64
:2017E0000000000000000000000019000000190C0000000000000000000019000011191850
:201800000000000000000000000000000000001800000000000000000000000000102D2D46
:201820000000000000000000000000000000000C0000000000000000001010100000190C47
:201840000000000000000000000000000000190C0000000000000000000000000011191821
:20186000000000000000000000000000000000180000000000000000000000000000001838
:20188000000000000000000000000000000000100000000000000000000000000000001028
:2018A000000000000000000000000000000000000000000000000000000000000000000028
:2018C0000000000000000000000000000000000000000000000000000000000000000011F7
:2018E0000000000000000000000000000000001100000000000000000000000000000011C6
:20190000000000000000000000000000000000100000000000000000000000000000111096
:2019200000000000000000000010101B00001110000000000000000000000000000000004B
:20194000000000000000000000000000000000000000000000000000000000000000000087
:20196000000000000000000000000000000000000000000000000000000000000000001156
:20198000000000000000000000000000000000110000000000000000000000000000000036
:2019A0000000000000000000000000000000000000000000000000000000000000101B00FC
:2019C00000000000000000000000000000000000000000000000000000000000000000F413
:2019E000000000000000000000000000000000F500000000000000000000000000000000F2
:201A00000000000000000000000000000000000000000000000000000000000000000000C6
:201A2000000000000000000000000000000000000000000000000000000000000000001195
:201A4000000000000000000000000000000000110000000000000000000000000000001065
:201A6000000000000000000000000000000000180000000000000000000000000000001836
:201A800000000000000000000000000000102D2D0000000000000000000000000000000CD0
:201AA0000000000000000000000000000000000C0000000000000000101B00102D2D2D2D2B
:201AC0000000000000000000101B00000000000C000000000000000000000000190000189E
:201AE0000000000000000000000000001900000C0000000000000000000000111900000C8B
:201B00000000000000000000000000111900000C0000000000000000000000000000001877
:201B200000000000000000000000000000102D2D0000000000000000000000000000000C2F
:201B40000000000000000000000000000000190C000000000000000000000000000019182F
:201B60000000000000000000000000000000190C0000000000000000000000000011190C0A
:201B80000000000000000000000000000000000C00000000000000000000000000102D2DCF
:201BA0000000000000000000000000000000001800000000000000000000000000000018F5
:201BC0000000000000000000101B00102D2D2D2D0000000000000000000000000000000C0A
:201BE0000000000000000000000000000000000C0000000000000000330000001233001849
:201C0000000000000025242423000000122124240000000000212F2F2300000012212F2F86
:201C20000000000000212F2F231B000012212F2F0000000000212F2F2300000012212F2F23
:201C40000000000000212F2F2300000012212F2F0000000000212F2F2300000012212F2F1E
:201C60000000000000212F2F2300000012212F2F0000000000212F2F2300000012212F2FFE
:201C80000000000000212F2F231B000012212F2F0000000000212F2F231B000012212F2FA8
:201CA0000000000000212F2F2300000012212F2F0000000000212F2F2300000012212F2FBE
:201CC0000000000000212F2F2300000012212F2F0000000000212F2F2300000012212F2F9E
:201CE0000000000000212F2F2300000012212F2F0000000000212F2F2300000012212F2F7E
:201D00000000000000212F2F231B000012212F2F0000000000212F2F2F2D320012212F2FD7
:201D20000000000000212F2F231B000012212F2F0000000000212F2F23C6000012212F2F5C
:201D40000000000000212F2F2300000012212F2F0000000000212F2F2300000012212F2F1D
:201D60000000000000212F2F231B000012212F2F0000000000212F2F231E000000212F2FD6
:201D80000000000000212F2F231E000000212F2F0000000000212F2F231E000011212F2FB4
:201DA0000000000000212F2F231E000000212F2F0000000000212F2F231E000000212F2FA5
:201DC0000000000000212F2F231E000000212F2F0000000000212F2F231E0000F4212F2F91
:201DE0000000000000212F2F231E0000F6212F2F0000000000212F2F231E0000F5212F2F7A
:201E00000000000000212F2F231E000000212F2F0000000000212F2F231E000000212F2F44
:201E20000000000000212F2F231E000000212F2F0000000000212F2F231E000000212F2F24
:201E40000000000000212F2F231E000011212F2F0000000000212F2F231E000000212F2FF3
:201E60000000000000212F2F231E000000212F2F0000000000212F2F231E000000212F2FE4
:201E80000000000000212F2F231E000000212F2F0000000000212F2F231E0000F4212F2FD0
:201EA0000000000000212F2F23000000F5212F2F0000000000212F2F2300000012212F2FD9
:201EC0000000000000212F2F2300000012212F2F0000000000212F2F2300000012212F2F9C
:201EE0000000000000212F2F2300000012212F2F0000000000212F2F2300000012212F2F7C
:201F00000000000000212F2F231B000012212F2F0000000000212F2F232D320012212F2FE1
:201F20000000000000212F2F231B000012212F2F0000000000212F2F23C6000012212F2F5A
:201F40000000000000212F2F2300000012212F2F0000000000212F2F2300000000212F2F2D
:201F60000000000000212F2F231B000000212F2F0000000000212F2F2300000000212F2F04
:201F80000000000000212F2F2300000000212F2F0000000000212F2F2300000000212F2FFF
:201FA0000000000000212F2F2300000000212F2F0000000000212F2F2300000000212F2FDF
:201FC0000000000000212F2F2300000011212F2F0000000000212F2F2300000000212F2FAE
:201FE0000000000000212F2F2300000000212F2F0000000000212F2F231C1C1C00212F2F4B
:202000000000000000262222222D2D32002622220000000000000000000000000000000C32
:202020000000000000000000000000000000190C000000000000000000000000000019184A
:20204000000000000000000000000000001119180000000000000000000000000000001826
:202060002D2D2D2D2D2D2D2D10000000102D2D2D0000000000000000000000000000001839
:20208000000000000000000000000000000000182D2D2D2D2D2D10000000102D2D2D2D2D19
:2020A0000000000000000000000000000000000C0000000000000000000000000000000C08
:2020C0000000000000000000000000190000000C0000000000000000000000190000000CB6
:2020E0000000000000000000000000000000000C00000000000000000000000000000018BC
:202100002D2D2D2D2D10000000102D2D2D2D2D2D0000000000000000000000000000000CA4
:202120000000000000000000000000000000000C0000000000000000000000190000000C6E
:20214000000000000000000000000000000000180000000000000000000000000000000C5B
:202160000000000000000000000000000000000C2D2D2D2D2D2D10000000102D2D2D2D2D44
:20218000000000000000000000000000000000180000000000000000000000000000000C1B
:2021A0000000000000000000000000001900000C0000000000000000000000000000000CEE
:2021C0000000000000000000000000000000000C00000000000000000000000000000018DB
:2021E0002D2D2D2D2D2D2D10000000102D2D2D2D00000000000000000000000000000018B8
:202200000000000000000000000000000000000C000000000000000000000000000000189A
:202220000000000000000000000000000000190C0000000000000000000000000000000C6D
:2022400000000000000000000000000000000018000000000000000000000000000000184E
:202260002D2D2D2D2D2D2D2D2D10000000102D2D0000000000000000000000000000000C43
:20228000000000000000000000000000000000180000000000000000000000000000000C1A
:2022A0002D2D2D2D2D2D2D2D10000000102D2D2D0000000000000000000000000000000C03
:2022C0000000000000000000000000000000000C0000000000000000000000000019000CCD
:2022E0000000000000000000000000000000000C00000000000000000000000000000018BA
:202300002D2D2D2D2D2D2D2D1000000000102D2D0606060606051E00000000000000001288
:202320000606060606051E0000000000000000120606060606051E000000000000000012F7
:202340000202020202011E0000000000000000120606060606051E000000000000000012EF
:202360000606060606051E0000000000000000120606060606051E000000000000000012B7
:202380000202020202011E0000000000000000120606060606051E000000000000000012AF
:2023A0000606060606051E0000000000000000120606060606051E00000000000000001277
:2023C0000202020202011E0000000000000000120606060606051E000000000000001C1253
:2023E0000606060606051E0000000000000010120606060606051E00000000000000001227
:202400000202020202011E1C00000000000000120606060606051E10000000000000001202
:202420000606060606051E0000000000000000120606060606051E000000000000000012F6
:202440000202020202011E00000000001C0000120606060606051E000000000010000012C2
:202460000606060606051E0000000000000000120606060606051E000000000000000012B6
:202480000202020202011E001C000000000000120606060606051E00100000000000001282
:2024A0000606060606051E0000000000000000120606060606051E000000000000001C125A
:2024C0000202020202011E0000000000000010120606060606051E0000000000000000125E
:2024E0000606060606051E0000000000000000120606060606051E1C00000000000000121A
:202500000202020202011E1000000000000000120606060606051E0000000000000000121D
:202520000606060606051E00000000001C0000120606060606051E000000000010000012C9
:202540000202020202011E0000000000000000120606060606051E000000000000000012ED
:202560000606060606051E1C00000000000000120606060606051E10000000000000001289
:202580000202020202011E0000000000000000120606060606051E000000000000001C1291
:2025A0000606060606051E0000000000000010120606060606051E00000000000000001265
:2025C0000202020202011E00001C0000000000120606060606051E00001000000000001241
:2025E0000606060606051E0000000000000000120606060606051E00000000000000001235
:202600000202020202011E000000000000001C120606060606051E00000000000000101200
:202620000606060606051E0000000000000000120606060606051E1C0000000000000012D8
:202640000202020202011E1000000000000000120606060606051E000000000000000012DC
:202660000606060606051E0000000000000000120606060606051E00000000001C00001298
:202680000202020202011E0000000000100000120606060606051E0000000000000000129C
:2026A0000606060606051E0000000000000000120606060606051E001C0000000000001258
:2026C0000202020202011E0010000000000000120606060606051E0000000000000000125C
:2026E0000606060606051E0000000000001C00120606060606051E00000000000010001208
:202700000202020202011E0000000000000000120606060606051E0000000000000000122B
:202720000606060606051E1C00000000000000120606060606051E100000000000000012C7
:202740000202020202011E0000000000000000120606060606051E000000000000001C12CF
:202760000606060606051E0000000000000010120606060606051E000000000000000012A3
:202780000202020202011E00001C0000000000120606060606051E0000100000000000127F
:2027A0000606060606051E0000000000000000120606060606051E00000000000000001273
:2027C0000202020202011E0000000000001C00120606060606051E0000000000001000123F
:2027E0000606060606051E0000000000000000120606060606051E1C000000000000001217
:202800000202020202011E1000000000000000120606060606051E0000000000000000121A
:202820000606060606051E0000000000000000120606060606051E000000000000001C12D6
:202840000202020202011E0000000000000010120606060606051E000000000000000012DA
:202860000606060606051E001C000000000000120606060606051E00100000000000001286
:202880000202020202011E0000000000000000120606060606051E000000000000000012AA
:2028A0000606060606051E00000000001C0000120606060606051E00000000001000001246
:2028C0000202020202011E0000000000000000120606060606051E1C00000000000000124E
:2028E0000606060606051E1000000000000000120606060606051E00000000000000001222
:202900000202020202011E0000000000000000120606060606051E000000000000001C120D
:202920000606060606051E0000000000000010120606060606051E000000000000000012E1
:202940000202020202011E0000000000000000120606060606051E001C00000000000012CD
:202960000606060606051E0010000000000000120606060606051E000000000000000012A1
:202980000202020202011E0000000000001C00120606060606051E0000000000001000127D
:2029A0000606060606051E0000000000000000120606060606051E1C000000000000001255
:2029C0000202020202011E1000000000000000120606060606051E00000000000000001259
:2029E0000606060606051E0000000000000000120606060606051E00000000000000001231
:202A00002D2D2D2D2D2D2D2D1000000000102D2D0000000000000000000000000000000CC8
:202A2000000000000000000000000000000019180000000000000000000000000000190C40
:202A40000000000000000000000000000011190C0000000000000000000000000000001828
:202A6000000000000000000000000000000000182D2D2D2D2D2D2D2D2D10000000102D2D2F
:202A80000000000000000000000000000000000C0000000000000000000000000000000C1E
:202AA0002D2D2D2D2D2D2D2D2D2D10000000102D0000000000000000000000000000000CFB
:202AC0000000000000000000000000000000000C00000000000000000000000000000018D2
:202AE0002D2D2D2D2D2D2D2D2D10000000102D2D00000000000000000000000000000018AF
:202B0000000000000000000000000000000000182D2D2D2D2D2D2D10000000102D2D2D2D8E
:202B20000000000000000000000000000000000C0000000000000000000000000000000C7D
:202B40002D2D2D2D2D2D2D2D10000000102D2D2D000000000000000000000000000000184E
:202B600000000000000000000000000000000018000000000000000000000000112D2D2DA5
:202B8000000000000000000000000000000000110000000000000000000000000000000024
:202BA000000000000000000000000000000000000000000000000000000000000000000015
:202BC000000000000000000000000000000000000000000000000000000000101B000011B9
:202BE0000000000000000000000000101B0000110000000000000000000000101B0000115D
:202C00000000000000000000000000000000000000000000000000000000000000000000B4
:202C2000000000000000000000000000001110000000000000000000000000000011100052
:202C4000000000000000000000000000000000000000000000000000000000000000000074
:202C6000000000000000000000000000000000000000000000000000000000000000001143
:202C8000000000000000000000000000000000110000000000000000000000000000001013
:202CA000000000000000000000000000000000100000000000000000000000000000000CF8
:202CC0000000000000000000000000000000000C00000000000000000000000000102D2D7E
:202CE0000000000000000000000000000000000000000000000000000000000000000000D4
:202D0000000000000000000000001C1C1C000000000000000000000000001010100000002F
:202D2000000000000000000000000000000000000000000000000000000000000000001182
:202D4000000000000000000000000000000000110000000000000000000000000000001052
:202D60000000000000000000000000000000000C0000000000000000000000000000000C3B
:202D800000000000000000000000000000E8000C00000000000000000000000000E900183E
:202DA0000000000000000000000000000000000C0000000000000000000000000000000CFB
:202DC0000000000000000000000000000000000C00000000000000000000000000102D2D7D
:202DE0000000000000000000000000000000001100000000000000000000000000000000C2
:202E0000000000000000000000001C1C1C000000000000000000000000001010100000002E
:202E2000000000000000000000000000000000000000000000000000000000101B00001156
:202E40000000000000000000000000101B0000110000000000000000000000000000000036
:202E6000000000000000000000000000000000000000000000000000000000000000000052
:202E8000000000000000000000000000000000110000000000000000000000000000001110
:202EA0000000000000000000000000000000001000000000000000000000000000000018EA
:202EC0000000000000000000000000000000001800000000000000000000000035102D2D3B
:202EE0000000000000000000000000000000001800000000000000000000000000000018A2
:202F00000000000000000000000000112D2D2D2D0000000000000000000000001A1A1A1A84
:202F2000000000000000000000000000000000000000000000000000000000000000000091
:202F4000000000000000000000000000000000000000000000000000000000000000000071
:202F6000000000000000000000000000000000000000000000000000000000101B00001115
:202F80000000000000000000000000101B00001100000000000000000000000000000000F5
:202FA000000000000000000000000000000000000000000000000000000000000000000011
:202FC0000000000000000000000000000000001100000000000000000000000000000011CF
:202FE000000000000000000000000000000000100000000000000000000000000000000CB5
:20300000000000000000000000000000000000180000000000000000000000000000000C8C
:203020000000000000000000000000000000100C0000000000000000000000000000000C68
:20304000000000000000000000000000000000180000000000000000000000000000001048
:203060000000000000000000000000000000000C000000000000000000000000000000182C
:203080000000000000000000000000000000000C0000000000000000000000000000340CE4
:2030A000000000000000000000000000000000180000000000000000000000000000000CEC
:2030C000000000000000000000000000000000180000000000000000000000000000340C98
:2030E0000000000000000000000000000000000C000000000000332D2D1000000000001116
:203100000000000000002E2D2D100000000000000000000000002E1B0000000000000000CE
:203120000000000000002E1B00000000000000000000000000002E2D1000000000000000DB
:203140000000000000002E1B00000000000000000000000000002E1B0000000000000000DD
:203160000000000000002E1B00000000000000000000000000002E2D2D100000000000006E
:203180000000000000002E1B00000000000000000000000000002E1B00000000000000009D
:2031A0000000000000002E2D10000000000000000000000000002E1B00000000000000005B
:2031C0000000000000002E1B00000000000000000000000000002E1B00000000000000005D
:2031E0000000000000002E2D2D100000000000000000000000002E1B0000000000000000EE
:203200000000000000002E1B00000000000000000000000000002E2D1000000000000000FA
:203220000000000000002E1B00000000000000000000000000002E1B0000000000000000FC
:203240000000000000002E1B00000000000000000000000000002E2D2D100000000000008D
:203260000000000000002E1B00000000000000000000000000002E1B0000000000000000BC
:203280000000000000002E2D10000000000000000000000000002E1B00000000000000007A
:2032A0000000000000002E1B00000000000000000000000000002E1B00000000000000007C
:2032C0000000000000002E2D2D100000000000000000000000002E1B00000000000000000D
:2032E0000000000000002E1B00000000000000000000000000002E2D2D2D2D100000000093
:203300000000000000002E1B00000000000000000000000000002E1B00000000000000001B
:203320000000000000002E1B00000000000000000000000000002E2D2D2D2D2D1000000025
:203340000000000000002E1B00000000000000000000000000002E1B0000000000000000DB
:203360000000000000002E2D2D2D2D10000000000000000000002E1B000000000000000012
:203380000000000000002E1B00000000000000000000000000002E1B00000000000000009B
:2033A0000000000000002E2D2D2D2D2D100000000000000000002E1B0000000000000000A5
:2033C0000000000000002E1B00000000000000000000000000002E2D2D2D2D1000000000B2
:2033E0000000000000002E1B00000000000000000000000000002E1B00000000000000003B
:203400000000000000002E2D2D2D1000000000000000000000002E1B00000000000000009E
:203420000000000000002E1B00000000000000000000000000002E1B0000000000000000FA
:203440000000000000002E2D2D2D2D10000000000000000000002E1B000000000000000031
:203460000000000000002E1B00000000000000100000000000002E1B00000000000000109A
:203480000000000000002E1B000000000000000C0000000000002E1B000000000000000C82
:2034A0000000000000002E1B00000000000000180000000000002E2D2D2D10000000102DA9
:2034C0000000000000002E0000000000000000180000000000002E00000000000000000C6C
:2034E0000000000000002E00000000000000000C0000000000002E2D2D10000000102D2D90
:203500000000000000002E00000000000000000C0000000000002E00000000000000000C37
:203520000000000000002E2D2D2D10000000102D0000000000002E00000000000000000C4F
:203540000000000000002E00000000000000000C0000000000002E000000000000000018EB
:203560000000000000002E2D2D10000000102D2D0000000000002E00000000000000001803
:203580000000000000002E0000000000000000180000000000002E2D2D2D10000000102DE3
:2035A0000000000000002E00000000000000000C0000000000002E00000000000000000C97
:2035C0000000000000002E0000000000000000180000000000002E2D2D10000000102D2DA3
:2035E0000000000000002E0000000000000000180000000000002E0000000000000000183F
:203600000000000000002E2D2D2D10000000102D0000000000002E00000000000000000C6E
:203620000000000000002E00000000000000000C0000000000002E0000000000000000180A
:203640000000000000002E2D2D10000000102D2D0000000000002E00000000000000001822
:203660000000000000002E00000000000000000C0000000000002E00000000000000000CD6
:203680000000000000002E2D10000000102D2D2D0000000000002E00000000000000000CEE
:2036A0000000000000002E00000000000000000C0000000000002E2D2D10000000102D2DCE
:2036C0000000000000002E0000000000000000180000000000002E0000000000000000185E
:2036E0000000000000002E10000000102D2D2D2D0000000000002E00000000000000000C8E
:203700000000000000002E00000000000000000C000000000000312D10000000102D2D2D6A
:20372000000000000000000000000000000000180000000000000000000000111010101020
:20374000000000000000000000000000000000000000000000000000000000000000000069
:20376000000000000000000000000000000000000000000000000000000000000000000049
:20378000000000000000000000000000000000000000000000000000000000000000000029
:2037A0000000000000000000000000000000000024242424242424242424242424242424C9
:2037C0002F2F2F2F2F2F2F2F2F2F2F2F2F2F2F2F2F2F2F2F2F2F2F2F2F2F2F2F2F2F2F2F09
:2037E0002F2F2F2F2F2F2F2F2F2F2F2F2F2F2F2F2F2F2F2F2F2F2F2F2F2F2F2F2F2F2F2FE9
:103800002F2F2F2F2F2F2F2F2F2F2F2F2F2F2F2FC8
:020000040008F2
:200000000000000000000000000000000000000000000000000000000000000000000000E0
:200020000000000000000000000000000000000000000000000000000000000000000000C0
:200040000000000000000000000000000000000000000000000000000000000000000000A0
:20006000000000000000000000000000000000000000000000000000000000000000000080
:20008000000000000000000000000000000000000000000000000000000000000000000060
:2000A000000000000000000000000000000000000000000000000000000000000000000040
:2000C000000000000000000000000000000000000000000000000000000000000000000020
:2000E000000000000000000000000000000000000000000000000000000000000000000000
:20010000000000000000000000000000000000120000000000000000000000000000E812D3
:200120000000000000000000000000000000E91200000000000000000000000000000012B2
:2001400000000000000000000000000000000000000000000000000000000000000000009F
:2001600000000000000000000000000000000000000000000000000000000000000000007F
:2001800000000000000000000000000000000000000000000000000000000000000000005F
:2001A00000000000000000000000000000000000000000000000000000000000000000003F
:2001C00000000000000000000000000000000000000000000000000000000000000000001F
:2001E0000000000000000000000000000000000000000000000000000000000000000012ED
:200200000000000000000000000000000000E8120000000000000000000000000000E912E9
:200220000000000000000000000000000000001200000000000000000000000000000000AC
:2002400000000000000000000000000000000000000000000000000000000000000000009E
:2002600000000000000000000000000000000000000000000000000000000000000000007E
:2002800000000000000000000000000000000000000000000000000000000000000000005E
:2002A00000000000000000000000000000000000000000000000000000000000000000003E
:2002C00000000000000000000000000000000000000000000000000000000000000000001E
:2002E000000000000000000000000000000000120000000000000000000000000000E812F2
:200300000000000000000000000000000000E91200000000000000000000000000000012D0
:20032000000000000000000000000000000000120000000000000000000000000000001299
:20034000000000000000000000000000000000100000000000000000000000000000001875
:2003600000000000000000000000000000000018000000000000000000000000000000184D
:200380000000000000000000000000000000102D0000000000000000000000000000001808
:2003A000000000000000000000000000000000180000000000000000000000000000000C19
:2003C000000000000000000000000000EEEF000C000000000000000000000000000000181C
:2003E0000000000000000000000000000000000C00000000000000000000000000000018D9
:2004000000000000000000000000000000001918000000000000000000000000000019187A
:200420000000000000000000000000000000190C0000000000000000000000000000190C72
:20044000000000000000000000000000000000180000000000000000000000000000000C78
:200460000000000000000000000000000000000C0000000000000000000000000000001858
:2004800000000000000000000000000000000010000000000000000000000000000000113B
:2004A00000000000000000000000000000000011000000000000000000000000000000002B
:2004C00000000000000000000000000000000000000000000000000000000000000000001C
:2004E0000000000000000000000000000000000000000000000000000000000000000000FC
:200500000000000000000000000000000000000000000000000000000000000000000000DB
:20052000000000000000000000000000000000000000000000000000000000101B0000117F
:200540000000000000000000000000101B000011000000000000000000000000000000005F
:2005600000000000000000000000000000000000000000000000000000000000000000007B
:200580000000000000000000000000101B0000110000000000000000000000101B000011E3
:2005A00000000000000000000000000000000000000000000000000000000000000000003B
:2005C0000000000000000000000000000000003500000000000000000000000000000018CE
:2005E0000000000000000000000000000000000C0000000000000000000000000000000CE3
:200600000000000000000000000000000000331800000000000000000000000000002E1849
:2006200000000000000000000000000000002E0C00000000000000000000000000002E0C46
:2006400000000000000000000000000000112E1800000000000000000000000000002E0C09
:2006600000000000000000000000000000002E1800000000000000000000000000002E0CFA
:2006800000000000000000000000000000002E0C00000000000000000000000000002E0CE6
:2006A00000000000000000000000000000002E180000000000000000000000000000310CB7
:2006C0000000000000000000000000000000000C00000000000000000000000000000018F6
:2006E0000000000000000000000000000000000C00000000000000000000000000000018D6
:200700000000000000000000000000000000001000000000000000000000000000000000C9
:200720000000000000000000000000000000000000000000000000000000000000000000B9
:20074000000000000000000000000000001110000000000000000000000000000000000078
:20076000000000000000000000000000000000000000000000000000000000000000000079
:20078000000000000000000000000000000000110000000000000000000000000000102D0B
:2007A000000000000000000000000000000000180000000000000000000000000000000C15
:2007C000000000000000000000000000000000180000000000000000000000000034000CC1
:2007E0000000000000000000000000000000000C00000000000000000000000000000018D5
:200800000000000000000000000000000000001800000000000000000000000000000018A8
:200820000000000000000000000000000000102D000000000000000000000000000000007B
:20084000000000000000000000000000000000000000000000000000000000000000000098
:2008600000000000000000000000001C1C1C000000000000000000000000001010100000F4
:20088000000000000000000000000000000000000000000000000000000000000000000058
:2008A000000000000000000000000000000000000000000000000000000000000000001127
:2008C0000000000000000000000000000000001100000000000000000000000000000010F7
:2008E000000000000000000000000000000000180000000000000000000000000000000CD4
:200900000000000000000000000000000000000C000000000000000000000000000019189A
:200920000000000000000000000000000000000C0000000000000000000000000000001695
:20094000000000000000000000000000000000180000000000000000000000000000001867
:200960000000000000000000000000000000000C0000000000000000000000000000190C46
:20098000000000000000000000000000000000180000000000000000000000000000000C33
:2009A0000000000000000000000000000000001800000000000000000000000000102D2DB5
:2009C0000000000000000000000000000000001800000000000000000000000000001918CE
:2009E0000000000000000000000000000000001800000000000000000000000000000016C9
:200A00000000000000000000000000000000001600000000000000000000000000000011AF
:200A2000000000000000000000000000000000110000000000000000000000000000001194
:200A4000000000000000000000000000000000000000000000000000000000000000000096
:200A6000000000000000000000000000000000000000000000000000000000000000000076
:200A8000000000000000000000000000000000000000000000000000000000000000000056
:200AA000000000000000000000000000000000110000000000000000000000000000001114
:200AC000000000000000000000000000000000000000000000000000000000000000000016
:200AE0000000000000000000000000000000001100000000000000000000000000000011D4
:200B00000000000000000000000000000000000000000000000000000000000000000000D5
:200B2000000000000000000000000000000000000000000000000000000000000011100094
:200B4000000000000000000000000000000000000000000000000000000000000000000095
:200B6000000000000000000000000000000000000000000000000000000000000000001164
:200B8000000000000000000000000000000000000000000000000000000000000000000055
:200BA00000000000000000000000000000000000000000000000000000000000000000F441
:200BC000000000000000000000000000000000F50000000000000000000000101B000000F5
:200BE0000000000000000000000000101B0000000000000000000000000000101B0000009F
:200C00000000000000000000000000101B0000000000000000000000000000101B0000007E
:200C20000000000000000000000000101B0000000000000000000000000000101B0000005E
:200C40000000000000000000000000101B0000000000000000000000000000101B0000003E
:200C6000000000000000000000000000000000EA000000000000000000000000000000EB9F
:200C8000000000000000000000000000001F1F1F00000000000000000000000011302D2D5C
:200CA0000000000000000000000000000000001800000000000000000000000000E8000C28
:200CC00000000000000000000000000000E9000C0000000000000000000000000000001807
:200CE0000000000000000000000000000000000C000000000000000000000000340000189C
:200D00000000000000000000000000000000001800000000000000000000000000000018A3
:200D2000000000000000000000000000000000180000000000000000000000000000000C8F
:200D40000000000000000000000000000034000C000000000000000000000000000000183B
:200D60000000000000000000000000000000001800000000000000000000000000252424EE
:200D800000000000000000000000000000212F2F00000000000000000000000000212F2F55
:200DA0000000000000000000000000000026222200000000000000000000000000000018B1
:200DC0000000000000000000000000000000001800000000000000000000000000000018E3
:200DE0000000000000000000000000000034000C000000000000000000000000000000189B
:200E00000000000000000000000000000000000C0000000000000000000000000000000CBA
:200E200000000000000000000000000034000018000000000000000000000000000000184E
:200E4000000000000000000000000000000000180000000000000000000000000000001862
:200E6000000000000000000000000000002524240000000000000000000000003526222266
:200E8000000000000000000000000000000000180000000000000000000000000000000C2E
:200EA0000000000000000000000000000000000C000000000000000000000000000000180E
:200EC0000000000000000000000000000000001600000000000000000000000034000016B2
:200EE000000000000000000000000000000000160000000000000000001C1C1C0000001672
:200F0000000000000000000000101010000000160000000000000000000000000000001675
:200F2000000000000000000000000000000000160000000000000000000000000000001883
:200F40000000000000000000000000000000000C0000000000000000000000000000000C79
:200F600000000000000000000000000000EEEF180000000000000000000000000000000C70
:200F80000000000000000000000000000000000C000000000000000000000000000000182D
:200FA0000000000000000000000000000019000C00000000000000000000000000000018F4
:200FC00000000000000000000000101B00001918000000000000000000000000000000189D
:200FE0000000000000000000000000101B000016000000000000000000000000000000169A
:201000000000000000000000000000000000001600000000000000000000000000000018A2
:20102000000000000000000000000000000000180000000000000000000000000000001880
:2010400000000000000000000000000000EEEF180000000000000000000000000000000C8F
:201060000000000000000000000000000000000C000000000000000000000000000000184C
:20108000000000000000000000000000001900180000000000000000000000000000001807
:2010A0000000000000000000000000000000191800000000000000000000000000001918CE
:2010C0000000000000000000000000000000000C00000000000000000000000000000018EC
:2010E0000000000000000000000000001900000C0000000000000000000000000000000CBF
:20110000000000000000000000000000001900180000000000000000000000000000001886
:2011200000000000000000000000000000001918000000000000000000000000000019184D
:201140000000000000000000000000000000000C0000000000000000000000000000000C77
:20116000000000000000000000000000000025240000000000000000000000000000212FD6
:201180000000000000000000000000000000262200000000000000000000000000000018EF
:2011A000000000000000000000000000000000160000000000000000000000000000001603
:2011C0000000000000000000000000000000001600000000000000000000000000000016E3
:2011E0000000000000000000000000000000001600000000000000000000000000000018C1
:201200000000000000000000000000000000000C0000000000000000000000000000000CB6
:20122000000000000000000000000000000019180000000000000000000000000000000C71
:20124000000000000000000000000000000000160000000000000000000000000000001662
:201260000000000000000000000000000000000C0000000000000000000000000000000C56
:20128000000000000000000000000000000019180000000000000000000000000000001805
:2012A000000000000000000000000000000000160000000000000000000000000000001602
:2012C0000000000000000000000000000000001800000000000000000000000000000018DE
:2012E0000000000000000000000000000000191800000000000000000000000000000018A5
:201300000000000000000000000000000000001600000000000000000000000000000016A1
:20132000000000000000000000000000000000180000000000000000000000000000000C89
:201340000000000000000000000000000000190C0000000000000000000000000000001850
:20136000000000000000000000000000000000160000000000000000000000000000001641
:2013800000000000000000000000000000000018000000000000000000000000000000181D
:2013A00000000000000000000000000000EEEF180000000000000000000000000000000C2C
:2013C000000000000000000000000000000000180000000000000000000000000000000CE9
:2013E000000000000000000000000000EEEF000C00000000000000000000000000000018EC
:20140000000000000000000000000000000000180606060606052D1000000000102D2D2DBD
:20142000060606060605000000000000000000000606060606050000000000000000000066
:2014400002020202020100000000000000000000060606060605000000000000000000005E
:20146000060606060605000000000000000000000606060606050000000000000000000026
:2014800002020202020100000000000000000000060606060605000000000000000000001E
:2014A0000606060606050000000000000000000006060606060500000000000000000000E6
:2014C0000202020202010000000000000000000006060606060500000000000000001000CE
:2014E0000606060606050000000000000000000006060606060500000000000000000000A6
:2015000002020202020100000000000000000000060606060605000000000000000000009D
:20152000060606060605100000000000000000000606060606050000000000000000000055
:2015400002020202020100000000000000000000060606060605000000000000000000005D
:20156000060606060605000000000000000000100606060606050000000000000000000015
:2015800002020202020100000000000000000000060606060605000000000000000000001D
:2015A0000606060606050000000000000000000006060606060500000000001000000000D5
:2015C0000202020202010000000000000000000006060606060500000000000000000000DD
:2015E0000606060606050000000000000000000006060606060500000000000000000000A5
:2016000002020202020100000000000000000000060606060605000000000000000000009C
:20162000060606060605000010000000000000000606060606050000000000000000000054
:2016400002020202020100000000000000000000060606060605000000000000000000005C
:20166000060606060605000000000000000000000606060606050000000000000000000024
:201680000202020202011000000000000010000006060606060500000000000000000000FC
:2016A0000606060606050000000000000000000006060606060500000000000000000000E4
:2016C0000202020202010000000000000000000006060606060500000000000000000010CC
:2016E000060606060605000000000000000000000606060606050000001000000000000094
:2017000002020202020100000000000000000000060606060605000000000000000000009B
:20172000060606060605000000000000000000000606060606050000000000000000000063
:2017400002020202020100000000000000000000060606060605000000000000000010004B
:20176000060606060605000000000000000000000606060606050000000000000000000023
:2017800002020202020100001000000000000000060606060605000000000000000000000B
:2017A0000606060606050000000000000000000006060606060500000000000000000000E3
:2017C0000202020202010000000000000000000006060606060500000000000000000000DB
:2017E000060606060605000000001000000000000606060606050000000000000000000093
:2018000002020202020100000000000000000000060606060605000000000000000000009A
:20182000060606060605100000000000000000000606060606050000000000000000001042
:2018400002020202020100000000000000000000060606060605000000000000000000005A
:20186000060606060605000000000000100000000606060606050000000000000000000012
:2018800002020202020100000000000000000000060606060605000000000000000000001A
:2018A0000606060606050000000000000000000006060606060500000000000000000000E2
:2018C0000202020202011000000000000000000006060606060500000000000000000000CA
:2018E0000606060606050000000000000000000006060606060500000000000000000000A2
:20190000020202020201000000000000000000100606060606050000000000000000000089
:20192000060606060605000000000000000000000606060606050000000000000000000061
:20194000020202020201000000000000000000000606060606050010000000000000000049
:20196000060606060605000000000000000000000606060606050000000000000000000021
:20198000020202020201000000000000100000000606060606050000000000000000000009
:2019A0000606060606050000000000000000000006060606060500001000000000000000D1
:2019C0000202020202010000000000000000000006060606060500000010000000000000C9
:2019E000060606060605000000000000000000000606060606050000000000000000001091
:201A0000020202020201100000000000000000000606060606050000000000000000000088
:201A2000060606060605000000000000000000000606060606050000000000000000000060
:201A4000020202020201000000000000100000000606060606050000000000000000000048
:201A6000060606060605000000000000000000000606060606050000000000000000000020
:201A8000020202020201001000000000000000000606060606050000000000000000000008
:201AA0000606060606050000000000000000000006060606060500000000000000001000D0
:201AC0000202020202010000000000000000000006060606060500000000000000000000D8
:201AE0000606060606050000000000000000000006060606060500000000000000000000A0
:201B0000020202020201000010000000000000000606060606050000000000000000000087
:201B200006060606060500000000000000000000060606060605100000000000000000103F
:201B40000202020202012F10000000000000102F0606060606052F2F1000000000102F2FFD
:201B60000606060606052F2F1000000000102F2F0606060606052F2F1000000000102F2F67
:201B80000202020202012F2F1000000000102F2F0606060606052F2F1000000000102F2F5F
:201BA0000606060606052F2F1000000000102F2F06060606060510101000000000101010A3
:201BC0000000000000000000000000000000001800000000000000000000000000002524A4
:201BE0000000000000000000000000000000212F0000000000000000000000000000212F45
:201C0000000000000000000000000000000026220000000000000000000000000000000C70
:201C20000000000000000000000000000000000C0000000000000000000000000000001880
:201C400000000000000000000000000000302D2D0000000000000000000000000000000CEE
:201C6000000000000000000000000000000000180000000000000000000000000000000C40
:201C800000000000000000000000000000EEEF0C0000000000000000000000000000001843
:201CA0000000000000000000000000000000000C0000000000000000000000000000000C0C
:201CC000000000000000000000000000EEEF000C0000000000000000000000000000000C0F
:201CE000000000000000000000000000000000180000000000000000000000000000000CC0
:201D0000000000000000000000000000000000180000000000000000000000000000252462
:201D20000000000000000000000000000000212F000000000000000000000000000026220B
:201D4000000000000000000000000000000000180000000000000000000000000000000C5F
:201D60000000000000000000000000003400000C000000000000000000000000000000180B
:201D80000000000000000000000000000000000C000000000000000000000000000000181F
:201DA0000000000000000000000000001900000C0000000000000000000000000000000CF2
:201DC000000000000000000000101B00001900180000000000000000000000000000000C9B
:201DE00000000000000000000000101B0000190C0000000000000000000000000000000C87
:201E00000000000000000000000000101B0000160000000000000000000000000000000081
:201E2000000000000000000000000000101B00000000000000000000000000000000000077
:201E4000000000000000000000000000000000000000000000000000000000000000000082
:201E6000000000000000000000000000000000110000000000000000000000000000000051
:201E8000000000000000000000000000000000000000000000000000000000000000000042
:201EA000000000000000000000000000000000F4000000000000000000000000000000F539
:201EC000000000000000000000000000000000000000000000000000000000000000000002
:201EE0000000000000000000000000000000000000000000000000000000000000000012D0
:201F0000000000000000000000000000000000120000000000000000000000000000341269
:201F200000000000000000000000000000000012000000000000000000000000000000127D
:201F4000000000000000000000000000000000120000000000000000000000000000302D12
:201F6000000000000000000000000000000000180000000000000000000000000000121621
:201F80000000000000000000000000000000121600000000000000000000000000341216BD
:201FA0000000000000000000000000000000121600000000000000000000000000001216D1
:201FC0000000000000000000000000000000000C00000000000000000000000000302D2D6B
:201FE0000000000000000000000000000000001800000000000000000000000000000018B1
:2020000000000000000000000000000000002524000000000000000000000000000026222F
:20202000000000000000000000000000000000180000000000000000000000000000001870
:202040000000000000000000000000000025242400000000000000000000000000212F2F94
:20206000000000000000000000000000002622220000000000000000000000000000000CEA
:202080000000000000000000000000000000000C000000000000000000000000000000181C
:2020A000000000000000003032000000302D2D2D0000000000000000000000000000000CFB
:2020C0000000000000000000000000000000000C00000000000000000000000000000018DC
:2020E0000000000000003032000000302D2D2D2D0000000000000000000000000000001882
:202100000000000000000000000000000000000C0000000000000000000000000000000CA7
:2021200000000000003032000000302D2D2D2D2D0000000000000000000000000000000C20
:202140000000000000000000000000000000000C0000000000000000000000000000000C67
:20216000000000003032000000302D2D2D2D2D2D0000000000000000000000000000000CB3
:20218000000000000000000000000000000000180000000000000000000000000000000C1B
:2021A0000000000000000000000000000000000C00000000000000000000302D2D2D2D2D02
:2021C0000000000000000000000000000000001800000000000000101B0000302D2D2D2DD8
:2021E000000000000000000000000000000000180000000000000000101B0000302D2D2DE5
:2022000000000000000000000000000000000018000000000000000000101B0000302D2DF1
:202220000000000000000000000000000000001800000000000000000000101B0000302DFE
:20224000000000000000000000000000000000180000000000000000000000101B0000300B
:2022600000000000000000000000000000000000000000000000000000000000000000005E
:2022800000000000000000000000000000000000000000000000000000000000000000003E
:2022A00000000000000000000000000000000000000000000000000000000000000000110D
:2022C0000000000000000000000000000000000000000000000000000000000000000000FE
:2022E0000000000000000000000000000000000000000000000000000000000000000000DE
:2023000000000000000000000000000000000011000000000000000000000000000000119B
:20232000000000000000000000000000000000100000000000000000000000000000001875
:2023400000000000000000000000000000000018000000000000000000000000000000184D
:20236000000000000000000000000000000019180000000000000000000000000000001814
:202380000000000000000000000000000011191800000000000000000000000000000018E3
:2023A0000000000000000000000000000019000C0000000000000000000000000000000CEC
:2023C0000000000000000000000000000000001800000000000000000000000000000018CD
:2023E0000000000000000000000000001900000C00000000000000000000000000000018A0
:202400000000000000000000000000111900000C0000000000000000000000000000000C7A
:20242000000000000000000000000019000000180000000000000000000000000000001853
:20244000000000000000000000000000000000180000000000000000000000000000000C58
:20246000000000000000000000001900000000000000000000000000000000000000000043
:202480000000000000000000001119000000000C00000000000000000000000000000018EE
:2024A000000000000000000000190000000000000000000000000000000000000000000003
:2024C000000000000000000000000000000000000000000000000000000000002524242F60
:2024E0000000000000000011100000002622222F0000000000000000000000000000000022
:2025000000000000000000000000000000000035000000000000000000000000000000186E
:20252000000000000000000000000034000000180000000000000000000000000000001837
:2025400000000000000000000000000000000018000000000000000000000000000000184B
:202560000000000000000000000000302D2D2D2D000000000000000000000000000000185F
:2025800000000000000000000000000025242424000000000000000000000000262222221E
:2025A0000000000000000000000000000000000C00000000000000000000000000000018F7
:2025C0000000000000000000000000000000000C0000000000000000000000000000000CE3
:2025E00000000000000000000000000000302D2D0000000000000000000000000000001839
:20260000000000000000000000000000000025240000000000000000000000000000262229
:2026200000000000000000000000000000000018000000000000000000000000000000186A
:202640000000000000000000000000000000001800000000000000000000000000302D2DD8
:202660000000000000000000000000000000001800000000000000000000000000002524F9
:202680000000000000000000000000000000262200000000000000000000000000000018DA
:2026A0000000000000000000000000000000000C0000000000000000000000000000000C02
:2026C0000000000000000000000000000034000C0000000000000000000000000000000CAE
:2026E000000000000000000000000000000000180000000000000000000000000000000CB6
:202700000000000000000000000000000000000C0000000000000000000000000000302D50
:2027200000000000000000000000000000000018000000000000000000000000000000255C
:2027400000000000000000000000000000000026000000000000000000000000000000183B
:202760000000000000000000000000000000000C0000000000000000000000000000000C41
:202780000000000000000000000000000000302D00000000000000000000000000000018C4
:2027A0000000000000000000000000000000002500000000000000000000000000000026CE
:2027C0000000000000000000000000000000000000000000000000000000000000000000F9
:2027E0000000000000000000000000000000000000000000000000000000000000000000D9
:202800000000000000000000000000000000000000000000000000000000000000000000B8
:20282000000000000000000000000000000000110000000000000000000000000000001176
:20284000000000000000000000000000000000300000000000000000000000000000001830
:202860000000000000000000000000000000000C0000000000000000000000000000000C40
:202880000000000000000000000000000000302D00000000000000000000000000000018C3
:2028A0000000000000000000000000000000001800000000000000000000000000000018E8
:2028C00000000000000000000000000000302D2D0000000000000000000000000000000C62
:2028E0000000000000000000000000000000000C00000000000000000000000000000018B4
:20290000000000000000000000000035302D2D2D0000000000000000000000000000000CBF
:20292000000000000000000000000000000000180000000000000000000000000000000C73
:202940000000000000000000000000000000000C0000000000000000001000000000001843
:2029600000000000000000000000000000000018000000000000101B000010000000000CF8
:202980000000000000000000000000000000000C00000000000000101B00001000000018D8
:2029A0000000000000000000000000000000000C0000000000000000101B000010000018B8
:2029C00000000000000000000000000000000018000000000000000000101B000010000C98
:2029E0000000000000000000000000000000000C00000000000000000000101B0000101878
:202A0000000000000000000000000000000000180000000000000000000000101B00001063
:202A2000000000000000000000000000000000000000000000000000000000000000000096
:202A4000000000000000000000000000000000000000000000000000000000000000000076
:202A6000000000000000000000000000000000000000000000000000000000000000000056
:202A80000000000000000000000000101B0025240000000000000000000000000000212F72
:202AA0000000000000000000000000000000212F0000000000000000000000000000212F76
:202AC000000000000000000000000000001126220000000000000000000000000000001885
:202AE0000000000000000000000000000000000C00000000000000000000000000E80018CA
:202B000000000000000000000000000000E9000C0000000000000000000000000000000CB4
:202B2000000000000000000000000000000000180000000000000000000000000000252434
:202B4000000000000000000000000000000026220000000000000000000000000000000C21
:202B60000000000000000000000000000000000C0000000000000000000000000000001831
:202B800000000000000000000000000000252424000000000000000000000000002622225E
:202BA0000000000000000000000000000000000C0000000000000000000000000000000CFD
:202BC000000000000000000000001C1C000025240000000000000000000010100000212F04
:202BE0000000000000000000000000000000212F0000000000000000000000000000212F35
:202C00000000000000000000000000000000212F0000000000000000000000000000212F14
:202C20000000000000000000000000000011FD22000000000000000000000000000000184C
:202C400000000000000000000000000000000035000000000000000000000000000000033C
:202C6000252D320000000000000000000000000C2E2F2F0000000000000000000000000C2C
:202C80002E2F00000000000000000000000000182E2F000000000000000000000000302D05
:202CA0002E2F000000000000000000000000000C2E2F000000000000000000000000000C42
:202CC0002E2F00000034000000000000000000182E2F0000000000000000000035302D2D2F
:202CE0002E2F00000000000000000000000000122E2F0000000000000000000000000012F6
:202D00002E2F00000000000000000000000000122E2F0000000000000000000000000012D5
:202D20002E2F2F00000000000000000000000012262D320000000000000000000000000070
:202D4000000000000000000000000000000000000000000000000000000000000000000073
:202D600000000000000000000000000000000012000000000000000000000000000000122F
:202D80000000000000000000000000000000341200000000000000000000000000000012DB
:202DA0000000000000000000000000000000001200000000000000000000000000000012EF
:202DC0000000000000000000000000000000000000000000000000000000000000000000F3
:202DE0000000000000000000000000000000000000000000000000000000000000000000D3
:202E000000000000000000000000000000000012000000000000000000000000000034125A
:202E200000000000000000000000000000000012000000000000000000000000000000126E
:202E4000000000000000000000000000000000120000000000000000000000000000000060
:202E6000000000000000000000000000000000000000000000000000000000000000000052
:202E8000000000000000000000000000000000110000000000000000000000000000000021
:202EA000000000000000000000000000000000000000000000000000000000000000000012
:202EC000000000000000000000000000000000F4000000000000000000000000000000F509
:202EE0000000000000000000000000000000000000000000000000000000000000000000D2
:202F00000000000000000000000000000000000000000000000000000000000000000011A0
:202F2000000000000000000000000000000000250000000000000000000000000000002646
:202F40000000000000000000000000000000000C0000000000000000000000000000000C59
:202F6000000000000000000000000000000000180000000000000000000000000000302DDC
:202F8000000000000000000000000000000000180000000000000000000000000000001801
:202FA0000000000000000000000000000000003000000000000000000000000000000018C9
:202FC0000000000000000000000000000000001800000000000000000000000000000018C1
:202FE0000000000000000000000000000000302D0000000000000000000000000000000074
:20300000000000000000000000000000000000000000000000000000000000101B00000085
:203020000000000000000000000000101B0000000000000000000000000000101B0000003A
:203040000000000000000000000000101B00302D00000000000000000000000000000018D0
:20306000000000000000000000000000000000180000000000000000000000000000003008
:20308000000000000000000000000000000000180000000000000000000000000000001800
:2030A00000000000000000000000101B00302D2D0000000000000000000000000000000C4F
:2030C0000000000000000000000000000000000C00000000000000000000000000000018CC
:2030E000000000000000000000000000000000300000000000000000000000000000001888
:2031000000000000000000000000000000000018000000000000000000000000000000187F
:203120000000000000000000000000000000302D000000000000000000000000000000181A
:203140000000000000000000000000000000000C0000000000000000000000000000000C57
:2031600000000000000000000000000000302D2D00000000000000000000000000000018AD
:203180000000000000000000000000000000001800000000000000000000000000000018FF
:2031A000000000000000000000000000302D2D2D0000000000000000000000000000000C4C
:2031C0000000000000000000000000000000000C00000000000000000000000000000018CB
:2031E00000000000000000101B0000252424242400000000000000101B0000212B22222212
:2032000000000000000000101B0000212300001800000000000000101B00002123000018A0
:2032200000000000000000101B0000212F2D2D2D00000000000000101B0000212300000C11
:2032400000000000000000101B0000212300000C00000000000000101B000021230000186C
:2032600000000000000000101B0000212F2D2D2D00000000000000101B0000212300000CD1
:2032800000000000000000101B0000212300000C0000000000000000000000212300001857
:2032A0000000000000000000000000212C2424240000000000000000000011262222222296
:2032C00000000000000000000000001A1A1A1A1A0000000000000000000000000000001854
:2032E000000000000000000000000000000000250000000000000000000000000000002188
:2033000000000000000000000000000000000021000000000000000000000000000000216B
:20332000000000000000000000000000000011260000000000000000000000000000001145
:2033400000000000000000000000000000000000000000000000000000000000000000006D
:2033600000000000000000000000000000000000000000000000000000000000001110002C
:2033800000000000000000000000000000000000000000000000000000000000000000002D
:2033A0000000000000000000000000000000001200000000000000000000000000000012E9
:2033C000000000000000000000000000000034120000000000000000000000000000001295
:2033E0000000000000000000000000000000001200000000000000000000000000000012A9
:20340000000000000000000000000000000000250000000000000000000000000000002166
:20342000000000000000000000000000000000210000000000000000000000000000112139
:2034400000000000000000000000000000000021000000000000000000000000000000212A
:20346000000000000000000000000000000000260000000000000000000000000000000026
:2034800000000000000000000000000000000000000000000000000000000000000000002C
:2034A000000000000000000000000000001C1C0000000000000000000000000000101000B4
:2034C0000000000000000000000000000000000000000000000000000000000000000000EC
:2034E0000000000000000000000000000000000000000000000000000000000000000000CC
:20350000000000000000000000000000000000110000000000000000000000000000001189
:2035200000000000000000000000000000000000000000000000000000000000000000008B
:2035400000000000000000000000000000000000000000000000000000000000000000115A
:20356000000000000000000000000000000000110000000000000000000000000000002515
:203580000000000000000000000000000000002100000000000000000000000000000026E4
:2035A0000000000000000000000000000000000C0000000000000000000000000000000CF3
:2035C000000000000000000000000000000000180000000000000000000000000000302D76
:2035E00000000000000000000000000000000018000000000000000000000000000000189B
:20360000000000000000000000000000000035300000000000000000000000000000001134
:20362000000000000000000000000000000000110000000000000000000000000000001168
:20364000000000000000000000000000000000110000000000000000000000000000000059
:2036600000000000000000000000000000000000000000000000000000000000000000004A
:2036800000000000000000000000000000000000000000000000000000000000000000002A
:2036A000000000000000000000000000000000110000000000000000000000101B00302D71
:2036C0000000000000000000000000000000000C0000000000000000000000000000000CD2
:2036E000000000000000000000000000000000300000000000000000000000000000001882
:203700000000000000000000000000000000001800000000000000000000101B00302D2DDC
:2037200000000000000000000000101B00000012000000000000000000000000000000123A
:20374000000000000000000000000000000034120000000000000000000000000000001211
:20376000000000000000000000000000000000120000000000000000000000000000001225
:203780000000000000000000000000000000341200000000000000000000000000000012D1
:2037A0000000000000000000000000000000001200000000000000000000000000000012E5
:2037C0000000000000000000000000000000000000000000000000000000000000000000E9
:2037E0000000000000000000000000000000000000000000000000000000000000000000C9
:203800000000000000000000000000000000000000000000000000000000000000000000A8
:20382000000000000000000000000000000000000000000000000000000000000000001177
:20384000000000000000000000000000000000110000000000000000000000000000302DFA
:20386000000000000000000000000000000000180000000000000000000000000000001818
:20388000000000000000000000101B00302D2D2D000000000000000000000000000000182E
:2038A000000000000000000000000000000000180000000000000000000000000000302D93
:2038C0000000000000000000000000000000000C0000000000000000000000000000000CD0
:2038E000000000000000000000101B00302D2D2D00000000000000000000000000000018CE
:20390000000000000000000000000000000000180000000000000000000000000000302D32
:20392000000000000000000000000000000000180000000000000000000000000000001857
:20394000000000000000000000101B00302D2D2D000000000000000000000000000000186D
:20396000000000000000000000000000000000180000000000000000000000000000302DD2
:20398000000000000000000000000000000000180000000000000000000000000011302DA1
:2039A000000000000000000000000000000000000000000000000000000000000000000007
:2039C0000000000000000000000000000000000000000000000000000000000000000000E7
:2039E0000000000000000000000000000000000000000000000000000000000000000000C7
:203A0000000000000000000000000000000000002424242424242424242424242424242466
:203A20002F2F2F2F2F2F2F2F2F2F2F2F2F2F2F2F2F2F2F2F2F2F2F2F2F2F2F2F2F2F2F2FA6
:203A40002F2F2F2F2F2F2F2F2F2F2F2F2F2F2F2F2F2F2F2F2F2F2F2F2F2F2F2F2F2F2F2F86
:103A60002F2F2F2F2F2F2F2F2F2F2F2F2F2F2F2F66
:020000040007F3
:20800000000000000000000000000000000000000000000000000000000000000000000060
:20802000000000000000000000000000000000000000000000000000000000000000000040
:20804000000000000000000000000000000000000000000000000000000000000000000020
:20806000000000000000000000000000000000000000000000000000000000000000000000
:208080000000000000000000000000000000000000000000000000000000000000000000E0
:2080A0000000000000000000000000000000000000000000000000000000000000000000C0
:2080C0000000000000000000000000000000000000000000000000000000000000000000A0
:2080E000000000000000000000000000000000000000000000000000000000000000000080
:2081000000000000000000000000000000000000000000000000000000000000000000114E
:2081200000000000000000000000000000000000000000000000000000000000000000003F
:2081400000000000000000000000000000000000000000000000000000000000000000001F
:208160000000000000000000000000000000000000000000000000000000000000000000FF
:208180000000000000000000000000000000000000000000000000000000000000000000DF
:2081A0000000000000000000000000000000000000000000000000000000000000000000BF
:2081C00000000000000000000000000000000000000000000000000000000000000000009F
:2081E00000000000000000000000000000000000000000000000000000000000000000007F
:2082000000000000000000000000000000000012000000000000000000000000000000113B
:2082200000000000000000000000000000000000000000000000000000000000000000003E
:2082400000000000000000000000000000000000000000000000000000000000000000001E
:208260000000000000000000000000000000000000000000000000000000000000000000FE
:208280000000000000000000000000000000000000000000000000000000000000000000DE
:2082A0000000000000000000000000000000000000000000000000000000000000000000BE
:2082C00000000000000000000000000000000000000000000000000000000000000000009E
:2082E00000000000000000000000000000000000000000000000000000000000000000007E
:2083000000000000000000000000000000000011000000000000000000000000000000113B
:20832000000000000000000000000000000000100000000000000000000000000000000C21
:208340000000000000000000000000000000000C00000000000000000000000000000018F9
:208360000000000000000000000000000000102D0000000000000000000000000000000CB4
:208380000000000000000000000000000000000C00000000000000000000000000000018B9
:2083A00000000000000000000000000000102D2D0000000000000000000000000000000053
:2083C00000000000000000000000000000000000000000000000000000000000000000009D
:2083E00000000000000000000000000000000000000000000000000000000000000000007D
:2084000000000000000000000000000000000000000000000000000000000000000000005C
:2084200000000000000000000000000000000000000000000000000000000000000000003C
:2084400000000000000000000000000000000000000000000000000000000000000000001C
:208460000000000000000000000000000000000000000000000000000000000000000000FC
:208480000000000000000000000000000000000000000000000000000000000000000000DC
:2084A0000000000000000000000000000000000000000000000000000000000000000000BC
:2084C00000000000000000000000000000000000000000000000000000000000000000009C
:2084E00000000000000000000000000000000000000000000000000000000000000000116B
:2085000000000000000000000000000000000011000000000000000000000000000000004A
:2085200000000000000000000000000000000000000000000000000000000000000000003B
:2085400000000000000000000000000000000000000000000000000000000000000000001B
:208560000000000000000000000000000000002500000000000000000000000000000021B5
:20858000000000000000000000000000000000210000000000000000000000000000002199
:2085A000000000000000000000000000000000210000000000000000000000000000002179
:2085C000000000000000000000000000000000210000000000000000000000000000002654
:2085E0000000000000000000000000000000000C0000000000000000000000000000000C63
:2086000000000000000000000000000000000018000000000000000000000000000000251D
:208620000000000000000000000000000000002100000000000000000000000000000021F8
:208640000000000000000000000000000000002100000000000000000000000000000021D8
:208660000000000000000000000000000000112100000000000000000000000000000021A7
:20868000000000000000000000000000000000210000000000000000000000000000002198
:2086A000000000000000000000000000000000210000000000000000000000000000002673
:2086C00000000000000000000000000000000018000000000000000000000000000000186A
:2086E000000000000000000000000000000000180000000000000000000000000000252419
:208700000000000000000000000000000000212F0000000000000000000000000000212FB9
:208720000000000000000000000000000000212F0000000000000000000000000000212F99
:208740000000000000000000000000000000212F0000000000000000000000000000212F79
:208760000000000000000000000000000011212F0000000000000000000000000000212F48
:208780000000000000000000000000000000212F0000000000000000000000000000212F39
:2087A0000000000000000000000000000000212F0000000000000000000000000000212F19
:2087C000000000000000000000000000000026220000000000000000000000000000001839
:2087E0000000000000000000000000000000000C0000000000000000000000000000001855
:208800000000000000000000000000000019000C0000000000000000000000000000000C27
:20882000000000000000000000000000000000180000000000000000000000000000001808
:208840000000000000000000000000001900001800000000000000000000000000000018CF
:208860000000000000000000000000000000001800000000000000000000000000000018C8
:2088800000000000000000000000001900000018000000000000000000000000000000188F
:2088A0000000000000000000000000000000000C0000000000000000000000000000000CA0
:2088C0000000000000000000000019000000000C0000000000000000000000000000000C67
:2088E0000000000000000000000000000000000C0000000000000000000000000000001854
:208900000000000000000000001900000000000C000000000000000000000000000000181A
:20892000000000000000000000000000000000180000000000000000000000000000000C13
:208940000000000000000000000033000000000C000000000000000000002E000000001892
:208960000000000000000000000021242424242400000000000000000000212F2F2F2F2F16
:2089800000000000000000000000212F2F2F2F2F00000000000000000000212F2F2F2F2FBF
:2089A00000000000000000000011212F2F2F2F2F00000000000000001911212F2F2F2F2F64
:2089C00000000000000000001911212F2F2F2F2F00000000000000000011212F2F2F2F2F44
:2089E00000000000000000000000212F2F2F2F2F00000000000000000000212F2F2F2F2F5F
:208A000000000000000000000000212F2F2F2F2F00000000000000000000212F2F2F2F2F3E
:208A200000000000000000000011212F2F2F2F2F00000000000000001911212F2F2F2F2FE3
:208A400000000000000000001911212F2F2F2F2F00000000000000000011212F2F2F2F2FC3
:208A600000000000000000000000212F2F2F2F2F00000000000000000000212F2F2F2F2FDE
:208A800000000000000000000000212F2F2F2F2F00000000000000000000262A2F2F2F2FBE
:208AA0000000000000000000000000212F2F2F2F0000000000000000000000212F2F2F2FFC
:208AC0000000000000000000000000212F2F2F2F0000000000000000111900212F2F2F2FB2
:208AE0000000000000000000111900212F2F2F2F0000000000000000111900212F2F2F2F68
:208B00000000000000000000111900212F2F2F2F0000000000000000000000212F2F2F2F71
:208B20000000000000000000000000212F2F2F2F0000000000000000000000212F2F2F2F7B
:208B40000000000000000000000025292F2F2F2F00000000000000000000212F2F2F2F2FFF
:208B600000000000000000000000212F2F2F2F2F00000000000000000000212F2F2F2F2FDD
:208B80000000000000000000001126222A2F2F2F000000000000000000000011212F2F2F06
:208BA000000000000000000000000000212F2F2F000000000000000000000000212F2F2F59
:208BC000000000000000000000000000212F2F2F000000000000000000000000212F2F2F39
:208BE000000000000000000000000000212222220000000000000000000000002E000018A8
:208C00000000000000000000000000002E0000180000000000000000000000002E000018C8
:208C20000000000000000000000000003100000C0000000000000000000000000000000CEB
:208C4000000000000000000000000000000000180000000000000000000000001900000CD7
:208C6000000000000000000000000000190000180000000000000000000000001900001892
:208C800000000000000000000000001119000018000000000000000000000000000000187A
:208CA000000000000000000000000000001900180000000000000000000000000019000C5E
:208CC0000000000000000000000000000019000C000000000000000000000000001900183E
:208CE0000000000000000000000000000019000C0000000000000000000000000019000C2A
:208D00000000000000000000000000001119001800000000000000000000000000000018F9
:208D20000000000000000000000000000000191800000000000000000000000000001918D1
:208D4000000000000000000000000000000019180000000000000000000000000000190CBD
:208D60000000000000000000000000000000191800000000000000000000000000000018AA
:208D8000000000000000000000000000000000180000000000000000000000000000000CAF
:208DA000000000000000000000000000001900180000000000000000000000000000000C76
:208DC0000000000000000000000000000000000C000000000000000000000000000000186F
:208DE00000000000000000000000000019000018000000000000000000000000000000182A
:208E00000000000000000000000000000000000C0000000000000000000000000000000C3A
:208E20000000000000000000000000190000001800000000000000000000000000000018E9
:208E40000000000000000000000000000000001800000000000000000000000000000018E2
:208E60000000000000000000000019000000000C00000000000000000000000000000018B5
:208E80000000000000000000000000000000000C0000000000000000000000000000000CBA
:208EA000000000000000000000190000000000180000000000000000000000000000001869
:208EC000000000000000000000000000330000180000000000000000000000002E00001801
:208EE0000000000000000011190000002E0000180000000000000000000000002E000018BC
:208F00000000000000000000000000002E00000C0000000000000000000000002E00000CDD
:208F20000000000000000000000000002E0000182424242424242424280000002124242416
:208F40002F2F2F2F2F2F2F2F23000000212F2F2F2F2F2F2F2F2F2F2F23000000212F2F2F7F
:208F60002F2F2F2F2F2F2F2F23000000212F2F2F2F2F2F2F2F2F2F2F23000000212F2F2F5F
:208F80002F2F2F2F2F2F2F2F2C280000212F2F2F2F2F2F2F2F2F2F2F2F230000212F2F2FDF
:208FA0002F2F2F2F2F2F2F2F2F230000212F2F2F2F2F2F2F2F2F2F2F2F230000212F2F2FC1
:208FC0002F2F2F2F2F2F2F2F2F230000212F2F2F2F2F2F2F2F2F2F2F2F230000212F2F2FA1
:208FE0002F2F2F2F2F2F2F2F2F230000212F2F2F2F2F2F2F2F2F2F2F2F230000212F2F2F81
:209000002F2F2F2F2F2F2F2F2F230000212F2F2F2F2F2F2F2F2F2F2F2F230000212F2F2F60
:209020002F2F2F2F2F2F2F2F2F230000212F2F2F2F2F2F2F2F2F2F2F2F230000212F2F2F40
:209040002F2F2F2F2F2F2F2F2F230000212F2F2F2F2F2F2F2F2F2F2F2B270000212F2F2F20
:209060002F2F2F2F2F2F2F2F23000000212F2F2F2F2F2F2F2F2F2F2F23000000212F2F2F5E
:209080002F2F2F2F2F2F2F2F23000000212F2F2F2F2F2F2F2F2F2F2F23000000212F2F2F3E
:2090A0002222222222222222270000002622222206060606060500000000000000000000CA
:2090C000020202020201000000000000000000000606060606050000000000000000000062
:2090E00006060606060500000000000000000000060606060605000000000000000000002A
:20910000020202020201000000000000000000000606060606050000000000000000000021
:209120000606060606050000000000000000000006060606060500000000000000000000E9
:209140000202020202010000000000000000000006060606060500000000000000000000E1
:209160000606060606050000000000000000000006060606060500000000000000000000A9
:209180000202020202010000000000000000000006060606060500000000000000000000A1
:2091A000060606060605000000000000000000000606060606050000000000000000000069
:2091C000020202020201000000000000000000000606060606050000000000000000000061
:2091E000060606060605000000000000000000000606060606050000000000000000000029
:20920000020202020201000000000000000000000606060606050000000000000000000020
:209220000606060606050000000000000000000006060606060500000000000000000000E8
:209240000202020202010000000000000000000006060606060500000000000000000000E0
:209260000606060606050000000000000000000006060606060500000000000000000000A8
:209280000202020202010000000000000000000006060606060500000000000000000000A0
:2092A000060606060605000000000000000000000606060606050000000000000000000068
:2092C000020202020201000000000000000000000606060606052D2D3200000000000000D4
:2092E000060606060605000000000000000000000606060606050000000000000000000028
:2093000002020202020100000000000000000000060606060605000000000000000000001F
:209320000606060606050000000000000000000006060606060500000000000000000000E7
:209340000202020202010000000000000000000006060606060500000000000000000000DF
:209360000606060606050000000000000000000006060606060500000000000000000000A7
:2093800002020202020100000000000000000000060606060605000000000000000000009F
:2093A000060606060605320000000000000000300606060606051B000000000000000011D9
:2093C0000202020202011B0000000000000000110606060606051B00000000000000001107
:2093E0000606060606051B0000000000000000110606060606051B000000000000000011CF
:209400000202020202011B0000000000000000110606060606051B000000000000000011C6
:209420000606060606051B0000000000000000110606060606051B0000000000000000118E
:209440000202020202011B0000000000000000110606060606051B00000000000000001186
:209460000606060606051B0000000000000000110606060606051B0000000000000000114E
:209480000202020202011B0000000000000000110606060606053200000000000000003010
:2094A000060606060605000000000000000000000606060606050000000000000000000066
:2094C00002020202020100000000000000000000060606060605000000000000000000005E
:2094E000060606060605000000000000000000000606060606050000000000000000000026
:2095000002020202020100000000000000000000060606060605000000000000000000001D
:209520000606060606050000000000000000000006060606060500000000000000000000E5
:209540000202020202010000000000000000000006060606060500000000000000000000DD
:209560000606060606050000000000000000302D0606060606050000000000000000001137
:2095800002020202020100000000000000000011060606060605000000000000000000117B
:2095A000060606060605000000000000000000110606060606050000000000000000000054
:2095C00002020202020100000000000000000000060606060605000000000000000000005D
:2095E000060606060605000000000000000000000606060606050000000000000000000025
:2096000002020202020100000000000000000000060606060605000000000000000000001C
:20962000060606060605000000000000000000000606060606052D32000000000000000085
:209640000202020202011B0000000000000000000606060606051B000000000000000000A6
:209660000606060606051B0000000000000000000606060606051B0000000000000000006E
:2096800002020202020100000000000000000000060606060605000000000000000000009C
:2096A000060606060605000000000000000000000606060606050000000000000000000064
:2096C00002020202020100000000000000000030060606060605000000000000000000111B
:2096E000060606060605000000000000000000110606060606050000000000000000001102
:209700000202020202010000000000000000001106060606060500000000000000000011F9
:209720000606060606050000000000000000302D0606060606050000000000000000001175
:209740000202020202010000000000000000001106060606060500000000000000000011B9
:20976000060606060605000000000000000000110606060606050000000000000000001181
:2097800002020202020100000000000000302D2D0606060606050000000000000000000011
:2097A000060606060605000000000000000000000606060606050000000000000000000063
:2097C00002020202020100000000000000000000060606060605000000000000000000005B
:2097E000060606060605000000000000000000000606060606050000000000000000000023
:209800000202020202011B0000000000000000000606060606051B000000000000000000E4
:209820000606060606051B0000000000000000000606060606051B000000000000000000AC
:209840000202020202011B0000000000000000000606060606051B000000000000000000A4
:209860000606060606051B0000000000000000000606060606052D2D2D32000000000000CE
:209880000202020202011B0000000000000000000606060606051B00000000000000000064
:2098A0000606060606051B0000000000000000000606060606051B0000000000000000002C
:2098C0000202020202011B0000000000000000000606060606051B00000000000000000024
:2098E0000606060606051B0000000000000000000606060606051B000000000000000000EC
:209900000202020202011B0000000000000000000606060606051B000000000000000000E3
:209920000606060606051B0000000000000000000606060606051B000000000000000000AB
:20994000020202020201242428000000002524240606060606052F2F2300000000212F2FFC
:209960000606060606052F2F2300000000212F2F0606060606052F2F2300000000212F2FA1
:209980000202020202012F2F2300000000212F2F0606060606052F2F2300000000212F2F99
:2099A0000606060606052F2F2300000000212F2F0606060606052F2F2300000000212F2F61
:2099C0000202020202012F2F2300000000212F2F0606060606052F2F2300000000212F2F59
:2099E0000606060606052F2F2300000000212F2F0606060606052F2F2300000000212F2F21
:209A00000202020202012F2F2300000000212F2F0606060606052F2F2300000000212F2F18
:209A200006060606060522222700000000262A2F0000000000000000000000000000212FC9
:209A40000000000000000000000000000000212F0000000000000000000000000000212F66
:209A60000000000000000000000000000000212F0000000000000000000000000000212F46
:209A80000000000000000000000000000000212F0000000000000000000000000000212F26
:209AA0000000000000000000000000000000212F0000000000000000000000000000212F06
:209AC0000000000000000000000000000000212F0000000000000000000000000000212FE6
:209AE0000000000000000000000000000000212F0000000000000000000000000000212FC6
:209B00000000000000000000000000000000262200000000000000000000000000000018E5
:209B20000000000000000000000000000000000C0000000000000000000000000000000C0D
:209B400000000000000000000000000000302D2D0000000000000000000000000000000C6F
:209B60000000000000000000000000000000000C00000000000000000000000000000018C1
:209B8000000000000000000000000000302D2D2D0000000000000000000000000000000C02
:209BA000000000000000000000000000000000180000000000000000000000000000001875
:209BC000000000000000000000000030322F2F300000000000000000000000000000000C89
:209BE0000000000000000000000000000000000C0000000000000000000000000000001841
:209C0000000000000000101B000030322F2F2524000000000000101B000000000000212F95
:209C2000000000000000101B000000000000212F0000000000000000000000000000212F59
:209C40000000000000000000000000000000212F0000000000000000000000000000212F64
:209C60000000000000000000000000000000212F000000000000000000000000000026224C
:209C8000000000000000000000000000000000180000000000000000000000000000001894
:209CA0000000000000000000000000000000000C00000000000000000000000000302D2D0E
:209CC000000000000000000000000000000000180000000000000000000000000000001854
:209CE00000000000000000000000000000000018000000000000000000000000302D2D2D95
:209D00000000000000000000000000000000000C0000000000000000000000000000000C2B
:209D20000000000000000000000000000000000C0000000000000000000000302D2D2D2D33
:209D40000000000000000000000000000000000C0000000000000000000000000000000CEB
:209D60000000000000000000000000000000001800000000000000000000302D2D2D2D2DBA
:209D80000000000000000000000000000000000C0000000000000000000000000000000CAB
:209DA00000000000000000000000000000000018000000000000000000302D2D2D2D2D2D4D
:209DC000000000000000000000000000000000180000000000000000000000000000000C5F
:209DE0000000000000000000000000000000000C0000000000000000302D2D2D2D2D2D2DEC
:209E00000000000000000000000000000000000C0000000000000000000000000000000C2A
:209E20000000000000000000000000000000001800000000000000302D2D2D2D2D2D2D2D72
:209E40000000000000000019000000000000001800000000000000000000000000000018B9
:209E6000000000000000000019000000000000180000000000000000190000000000001880
:209E80000000000000000000000000000000000C0000000000000000001900000000001885
:209EA0000000000000000000001900000000000C0000000000000000000000000000000C71
:209EC000000000000000000000001900000000180000000000000000000019000000001820
:209EE0000000000000000000000019000000000C0000000000000000000000000000000C31
:209F0000000000000000000000000000000000180000000000000000000000000000001811
:209F20000000000000000000000000190000001800000000000000000000001900000018BF
:209F4000000000000000000000000000000000180000000000000000000000032424242456
:209F60000000000000000000000000032F2F2F2F0000000000000000000000032222222297
:209F8000000000000000000000000000000000180000000000000000000000000000000C9D
:209FA0000000000000000000000000000000000C0000000000000000000000000324242426
:209FC000000000000000000000000000032F2F2F000000000000000000000000032F2F2F61
:209FE0000000000000000000000000000322222200000000000000000000000000000018E0
:20A000000000000000000000000000000019000C0000000000000000000000000000000C0F
:20A020000000000000000000000000000000191800000000000000000000000000000018D7
:20A040000000000000000000000000000000001600000000000000000000000000000000EA
:20A060000000000000000000000000000000000000000000000000000000000000000000E0
:20A080000000000000000000000000000000000000000000000000000000000000000000C0
:20A0A00000000000000000000000000000000000000000000000000000000000000000118F
:20A0C00000000000000000000000000000000011000000000000000000000000000000105F
:20A0E000000000000000000000000000000000180000000000000000000000000000000C3C
:20A100000000000000000000000000000000190C00000000000000000000000000001918E9
:20A120000000000000000000000000000000001800000000000000000000000000000010F7
:20A140000000000000000000000000000000001000000000000000000000000000000010DF
:20A160000000000000000000000000000000001800000000000000000000000000000018AF
:20A18000000000000000000000000000000019180000000000000000000000000000190C69
:20A1A000000000000000000000000000000000180000000000000000000000000000000C7B
:20A1C0000000000000000000000000000019000C0000000000000000000000000019001829
:20A1E000000000000000000000000000000000180000000000000000000000000000001037
:20A2000000000000000000000000000000000010000000000000000000000000000000101E
:20A220000000000000000000000000000000001100000000000000000000000000000011FC
:20A240000000000000000000000000000000000000000000000000000000000000000000FE
:20A260000000000000000000000000000000000000000000000000000000000000000000DE
:20A280000000000000000000000000000000000000000000000000000000000000000000BE
:20A2A00000000000000000000000101B0000001100000000000000000000101B0000001126
:20A2C00000000000000000000000000000000000000000000000000000000000000000007E
:20A2E00000000000000000000000000000000000000000000000000000000000000000005E
:20A3000000000000000000000000000000000000000000000000000000000000000000003D
:20A3200000000000000000000000101B0000001100000000000000000000101B00000011A5
:20A3400000000000000000000000101B0000001100000000000000000000000000000000C1
:20A360000000000000000000000000000000000000000000000000000000000000000000DD
:20A380000000000000000000000000000000000000000000000000000000000000000000BD
:20A3A00000000000000000000000101B000000110000000000000000000000000000000061
:20A3C00000000000000000000000000000000000000000000000000000000000000000007D
:20A3E00000000000000000000000000000000000000000000000000000000000000000005D
:20A400000000000000000000000000000000000000000000000000000000101B0000001100
:20A4200000000000000000000000000000000000000000000000000000000000000000001C
:20A440000000000000000000000000000000000000000000000000000000000000000000FC
:20A460000000000000000000000000000000000000000000000000000000000000000000DC
:20A480000000000000000000000000000000000000000000000000000000000000000000BC
:20A4A00000000000000000000000000000000011000000000000000000000000000000117A
:20A4C000000000000000000000000000000000100000000000000000000000000000001854
:20A4E0000000000000000000000000000000000C0000000000000000000000000000000C44
:20A500000000000000000000000000000000102D00000000000000000000000000000018E6
:20A520000000000000000000000000000000001800000000000000000000000000000018EB
:20A5400000000000000000000000000000102D2D0000000000000000000000000000000C85
:20A560000000000000000000000000000000000C00000000000000000000000000000018B7
:20A58000000000000000000000000000102D2D2D0000000000000000000000001900000CFF
:20A5A0000000000000000000000000000000000C0000000000000000000000000019000C6A
:20A5C0000000000000000000000000000000000C000000000000000000000000000019183E
:20A5E00000000000000000000000000000000018000000000000000000000000000000162D
:20A6000000000000000000000000000000000000000000000000000000000000000000003A
:20A6200000000000000000000000000000000000000000000000000000000000000000001A
:20A640000000000000000000000000000000000000000000000000000000000000000011E9
:20A660000000000000000000000000000000001100000000000000000000000000000000C9
:20A680000000000000000000000000000000000000000000000000000000000000000000BA
:20A6A00000000000000000000000000000000000000000000000000000000000000000009A
:20A6C0000000000000000000000000000000000000000000000000000000000000101B004F
:20A6E00000000000000000000000000000101B0000000000000000000000000000101B0004
:20A7000000000000000000000000000000101B00000000000000000000000000000000000E
:20A72000000000000000000000000000000000000000000000000000000000000000000019
:20A740000000000000000000000000000000000000000000000000000000000000000011E8
:20A760000000000000000000000000000000001000000000000000000000000000000000C9
:20A780000000000000000000000000000000000000000000000000000000000000000000B9
:20A7A000000000000000000000000000000000000000000000000000000000000000000099
:20A7C000000000000000000000000000000000000000000000000000000000000000000079
:20A7E000000000000000000000000000000000000000000000000000000000000000001643
:20A8000000000000000000000000000000000016000000000000000000000000000000160C
:20A820000000000000000000000000000000001600000000000000000000000000000018EA
:20A84000000000000000000000000000000000180000000000000000000000000000000CD4
:20A860000000000000000000000000000000190C000000000000000000000000000000189B
:20A88000000000000000000000000000000000180000000000000000000000000000001888
:20A8A00000000000000000000000000000190018000000000000000000000000000000184F
:20A8C0000000000000000000000000000000000C0000000000000000000000000000001854
:20A8E0000000000000000000000000001900000C0000000000000000000000000000000C27
:20A90000000000000000000000000000000000180000000000000000000000000000000C13
:20A920000000000000000000000000190000001800000000000000000000001900000018B5
:20A94000000000000000000000000019000000180000000000000000000000000000000CBA
:20A96000000000000000000000100000100000180000000000000000000000000000000C93
:20A980000000000000000000000010000010000C0000000000000000000000000000001873
:20A9A000000000000000000000000010000010180000000000000000000000000000001847
:20A9C000000000000000000000000012100000100000000000000000000000000000001035
:20A9E0000000000000000000000000000000000C0000000000000000000000000000000C3F
:20AA00000000000000000000000000000000191800000000000000000000000000001918D4
:20AA20000000000000000000000000000000001800000000000000000000000000111918BC
:20AA40000000000000000000000000000000000C00000000000000000000000000001918B9
:20AA60000000000000000000000000000000000C0000000000000000000000000000000CBE
:20AA800000000000000000000000000000000018000000000000000000000000001900186D
:20AAA0000000000000000000000000000019000C0000000000000000000000000019000C4C
:20AAC00000000000000000000000000000000018000000000000000000000000000019182D
:20AAE0000000000000000000000000000000000C0000000000000000000000000000001634
:20AB0000000000000000000000000000000000160000000000000000000000000000001609
:20AB20000000000000000000000000000000001100000000000000000000000000000011F3
:20AB40000000000000000000000000000000000000000000000000000000000000000000F5
:20AB60000000000000000000000000000000000000000000000000000000000000000000D5
:20AB80000000000000000000000000000000000000000000000000000000000000000000B5
:20ABA00000000000000000000000101B0000001100000000000000000000101B000000111D
:20ABC00000000000000000000000101B000000110000000000000000000000000000000039
:20ABE000000000000000000000000000000000000000000000000000000000000000000055
:20AC0000000000000000000000000000000000000000000000000000000000000000000034
:20AC2000000000000000000000000000000000000000000000000000000000000000000014
:20AC40000000000000000000000000000000000000000000000000000000000000000000F4
:20AC60000000000000000000000000000000001000000000000000000000000000000016AE
:20AC8000000000000000000000000000000000160000000000000000000000000000001886
:20ACA000000000000000000000000000000000180000000000000000000000000000001864
:20ACC000000000000000000000000000000000160000000000000000000000000000001648
:20ACE000000000000000000000000000000000180000000000000000000000000000001824
:20AD0000000000000000000000000000000000180000000000000000000000000000001605
:20AD20000000000000000000000000000000001600000000000000000000000000000010ED
:20AD40000000000000000000000000000000101000000000000000000000000000001918A2
:20AD60000000000000000000000000000000190C0000000000000000000000000000000CA2
:20AD8000000000000000000000000000000000180000000000000000000000000000001883
:20ADA00000000000000000000000000000190018000000000000000000000000000000184A
:20ADC00000000000000000000000000000001918000000000000000000000000000000182A
:20ADE000000000000000000000000000000000160000000000000000000000000000001627
:20AE0000000000000000000000000000000000160000000000000000000000000000001804
:20AE20000000000000000000000000000000001800000000000000000000000000000018E2
:20AE4000000000000000000000000000000019180000000000000000000000000000000CB5
:20AE60000000000000000000000000000011190C0000000000000000000000000000000C90
:20AE80000000000000000000000000000000190C0000000000000000000000000000190C68
:20AEA0000000000000000000000000000000190C0000000000000000000000000000190C48
:20AEC0000000000000000000000000000000000C0000000000000000000000000000000C5A
:20AEE0000000000000000000000000000011190C0000000000000000000000000000000C10
:20AF00000000000000000000000000000000191800000000000000000000000000000018E8
:20AF20000000000000000000000000000000001800000000000000000000000000000018E1
:20AF40000000000000000000000000000019000C000000000000000000000000001900189B
:20AF60000000000000000000000000001119000C0000000000000000000000000000000C8F
:20AF8000000000000000000000000000000019180000000000000000000000000000190C5B
:20AFA0000000000000000000000000000000190C0000000000000000000000000000001854
:20AFC000242424242428101010000000001010102F2F2F2F2F230000000000000000000027
:20AFE0002F2F2F2F2F23000000000000000000002F2F2F2F2F230000000000000000000035
:20B000002F2F2F2F2F23000000000000000000002F2F2F2F2F230000000000000000000014
:20B020002F2F2F2F2F23000000000000000000002F2F2F2F2F2300000000000000000000F4
:20B040002F2F2F2F2F23000000000000000000002F2F2F2F2F2300000000000000000000D4
:20B060002F2F2F2F2F23000000000000000000002F2F2F2F2F2300000000000000000000B4
:20B080002F2F2F2F2F23000000000000000000002F2F2F2F2F231000000000000000001074
:20B0A0002F2F2F2F2F232F10000000000000102F2F2F2F2F2F232F2F1000000000102F2F1A
:20B0C0002F2F2F2F2F232F2F1000000000102F2F2F2F2F2F2F232F2F1000000000102F2F9C
:20B0E0002F2F2F2F2F232F2F1000000000102F2F2F2F2F2F2F232F2F1000000000102F2F7C
:20B100002F2F2F2F2F232F2F1000000000102F2F2F2F2F2F2F232F10000000000000102FB9
:20B120002F2F2F2F2F23100000000000000000102F2F2F2F2F2317000000000000000018A4
:20B140002F2F2F2F2F23170000000000000000182F2F2F2F2F231700000000000000000C81
:20B160002F2F2F2F2F23170000000000000000182F2F2F2F2F231700000000000000000C61
:20B180002F2F2F2F2F231700000000000000000C2F2F2F2F2F230000000000000000001858
:20B1A0002F2F2F2F2F23000000000000000000182F2B222222272F00000000000000001043
:20B1C0002F232F2F2F2F2F10000000000000102F2F232F2F2F2F2F2F1000000000102F2FF9
:20B1E0002F232F2F2F2F2F2F1000000000102F2F2F232F2F2F2F2F2F1000000000102F2F7B
:20B200002F232F2F2F2F2F2F1000000000102F2F2F232F2F2F2F2F2F1000000000102F2F5A
:20B220002F232F2F2F2F2F2F1000000000102F2F2F232F2F2F2F2F10000000000000102F98
:20B240002F2300000025100000000000000000102F230000002E17000000000000000018A8
:20B260002F230000002E1700000000000000000C2F230000112E0D00000000000000001875
:20B280002F230000112E1700000000000000000C2F230000002E0D00000000000000000C61
:20B2A0002F230000002E0D00000000000000000C2F230000002E0D00000000000000001850
:20B2C0002F2C281B002E170000000000101010102F2B271B002E170000000000102F2F2FCD
:20B2E0002F231E00002E170000000000101010102F231E00002E170000000000000000188C
:20B300002F230000002E0D0000000000000000182F230000112E17000000000000000018C8
:20B320002F230000112E0D0000000000000000182F230000112E0D000000000000000018A1
:20B340002F230000112E170000000000000000182F230000112E170000000000000000186D
:20B360002F230000002E170000000000000000182F230000002E1700000000000000000C7B
:20B380002F231E00002E1700000000000000000C2F231E00002E170000000000000000181F
:20B3A0002F231E00002E170000000000000000182F230000122E10101010000000000018D6
:20B3C0002F23000012212F2F2F100000000000182F230000122E1010101000000000001849
:20B3E0002F230000122E170000000000000000182F230000122E1700000000000000000CD7
:20B400002F230000122E1700000000000000000C2F23000030230D000000000000000018AD
:20B420002F230000122E0D00000000000000000C2F230000002E17000000000000000018B2
:20B440002F230000002E170000000000000000182F2F3200002E1700000000000000001850
:20B460002F231E00002E1700000000000000000C2F231E00002E170000000000000000183E
:20B480002F230000002E1700000000000000000C2F230000122E1700000000000000000C54
:20B4A0002F23000025231700000000000000000C2F2300002123170000000000000000180A
:20B4C0002F231E002123101B00000000000011102F231E002123101B00000000000011106C
:20B4E0002F2300002123101B00000000000011102F2300002123101B000000000000111088
:20B500002F2300002123101B00000000000011102F2300252923101B00000000000011103A
:20B520002F2300212F23170000000000000000182F2300212F230D00000000000000000C39
:20B540002F2300212F230D00000000000000000C2F2300212F230D00000000000000001823
:20B560002F2300212F23170000000000000000182F2300212F2C10101B000000001110109D
:20B580002F2300212F2F2F101B0000000011102F2F2300212F2F2F101B0000000011102FB5
:20B5A0002F2300212F2F2F101B0000000011102F2F230026222A2F101B0000000011102FA2
:20B5C0002F230000112E10101B000000001110102F230000112E17000000000000000018AE
:20B5E0002F230000002E170000000000000000182F230000002E1700000000000000000CF9
:20B600002F231B00002E0D00000000000000000C2F2C2428002E0D0000000000000000187C
:20B620002F2B2227002E170000000000000000182F231B00002E101010000000001010100F
:20B640002F23000000212F2F1000000000102F2F2F23000000212F2F1000000000102F2F4C
:20B660002F23000011212F2F1000000000102F2F2F23002524292F2F1000000000102F2FCA
:20B680002F230026222A2F2F1000000000102F2F2F23000000212F2F1000000000102F2FBB
:20B6A0002F23000000212F2F1000000000102F2F2F23000000212F2F1000000000102F2FEC
:20B6C0002F23000000212F2F1000000000102F2F2F23000000212F2F1000000000102F2FCC
:20B6E000222700000010101010000000001010100000000000000000000000000000000091
:20B70000000000000000000000000000000000000000000000000000000000000000000029
:20B72000000000000000000000000000000000000000000000000000000000000000000009
:20B740000000000000000000000000000000000000000000000000000000000000000000E9
:20B760000000000000000000000000000000000000000000000000000000000000000000C9
:20B78000242424242424242424242424242424242F2F2F2F2F2F2F2F2F2F2F2F2F2F2F2F79
:20B7A0002F2F2F2F2F2F2F2F2F2F2F2F2F2F2F2F2F2F2F2F2F2F2F2F2F2F2F2F2F2F2F2FA9
:20B7C0002F2F2F2F2F2F2F2F2F2F2F2F2F2F2F2F2F2F2F2F2F2F2F2F2F2F2F2F2F2F2F2F89
:020000040009F1
:204000000000000000000000000000000000000000000000000000000000000000000000A0
:20402000000000000000000000000000000000000000000000000000000000000000000080
:20404000000000000000000000000000000000000000000000000000000000000000000060
:20406000000000000000000000000000000000000000000000000000000000000000000040
:20408000000000000000000000000000000000000000000000000000000000000000000020
:2040A000000000000000000000000000000000000000000000000000000000000000000000
:2040C0000000000000000000000000000000000000000000000000000000000000000000E0
:2040E0000000000000000000000000000000000000000000000000000000000000000000C0
:2041000000000000000000000000000000000000000000000000000000000000000000009F
:2041200000000000000000000000000000000000000000000000000000000000000000007F
:20414000000000000000000000000000000000110000000000000000000000000000301509
:2041600000000000000000000000000000000011000000000000000000000000000000002E
:204180000000000000000000000000001C1C000000000000000000000000000010100000C7
:2041A0000000000000000000000000000000000000000000000000000000000000000011EE
:2041C0000000000000000000000000000000001100000000000000000000000000000011BD
:2041E00000000000000000000000000000000010000000000000000000000000000011108E
:2042000000000000000000000000000000001110000000000000000000000000000000007D
:2042200000000000000000000000000000000000000000000000000000000000000000007E
:20424000000000000000000000000000000000F4000000000000000000000000000000F674
:20426000000000000000000000000000000000F50000000000000000000000000000000049
:204280000000000000000000000000000011100000000000000000000000000000000000FD
:2042A0000000000000000000000000000000000000000000000000000000000000000011ED
:2042C000000000000000000000002528000000250000000000000000000021230000002107
:2042E0000000000000000000000021230000002100000000000000000000212300000021F4
:204300000000000000000000000021230000002100000000000000000000212300001121C2
:20432000000000000000000000002123000011210000000000000000000021230000112191
:20434000000000000000000000002123000000210000000000000000000021231B00002178
:204360000000000000000000000021231B0000210000000000000000000021231B0000213D
:20438000000000000000000000002123000000210000000000000000000021230000112142
:2043A000000000000000000000002123000011210000000000000000000021230000112111
:2043C000000000000000000000002123000000210000000000000000000021231B000021F8
:2043E0000000000000000000000021231B0000210000000000000000000021231B000021BD
:204400000000000000000000000021230000002100000000000000000000212300001121C1
:20442000000000000000000000002123000011210000000000000000000021230000112190
:20444000000000000000000000002123000000210000000000000000000021230000002192
:20446000000000000000000000002123000000210000000000000000000021230000002172
:20448000000000000000000000002627033200210000000000000000000000000000002158
:2044A0000000000000000000000000030000002100000000000000000000000300000021B4
:2044C000000000000000000000000003000000210000000000000000000000000000002692
:2044E0000000000000000000000000101B0000110000000000000000000000000000000080
:2045000000000000000000000000000000000000000000000000000000000000000000009B
:2045200000000000000000000000000000000000000000000000000000000000000000007B
:20454000000000000000000000000000000000110000000000000000000000000000001139
:2045600000000000000000000000000000000011000000000000000000000000000000101A
:2045800000000000000000000000101B0000111000000000000000000000101B0000000C98
:2045A00000000000000000000000101B000000180000000000000000000000000000190C93
:2045C000000000000000000000000000000000180000000000000000000000101B00001682
:2045E0000000000000000000000000101B0000160000000000000000000000101B00001639
:2046000000000000000000000000000000000016000000000000000000000000000011165D
:204620000000000000000000000000000000000C0000000000000000000000000000001856
:20464000000000000000000000000000000034180000000000000000000000000000000C02
:204660000000000000000000000000000000000C000000000000000000000000000000121C
:20468000000000000000000000000C100000001200000000000000000000182E0000001294
:2046A000000000000000000000000C2E00000012000000000000000000000C2E0000001262
:2046C000000000000000000000000C2E00001225000000000000000000000C2E00122529CF
:2046E00000000000000000000000182E0012262A00000000000000000000182E0000122694
:20470000000000000000000000000C2E00000012000000000000000000000C2E1B000012E6
:20472000000000000000000000000C10000000250000000000000000000000000000002117
:20474000000000000000000000000000000000210000000000000000000000000000112601
:20476000000000000000000000000000000000110000000000000000000000000000000028
:20478000000000000000000000000000000000000000000000000000000000000000000019
:2047A0000000000000000000000000000000000000000000000000000000000000000000F9
:2047C000000000000000000000000000000000110000000000000000000000101B00301558
:2047E0000000000000000000000000000000001100000000000000000000000000000000A8
:20480000000000000000000000000000000000000000000000000000000000000000000098
:20482000000000000000000000000000000000110000000000000000000000101B003015F7
:20484000000000000000000000000000000000110000000000000000000000000000000047
:20486000000000000000000000000000000000000000000000000000000000000000000038
:20488000000000000000000000000000000000000000000000000000000000000000000018
:2048A0000000000000000000000000000000000000000000000000000000000000000011E7
:2048C0000000000000000000000000000000102D0000000000000000000000000000000C8F
:2048E0000000000000000000000000000000000C0000000000000000000000000000001894
:2049000000000000000000000000000000102D2D0000000000000000000000000000000C21
:204920000000000000000000000000000000000C0000000000000000000000000000001853
:20494000000000000000000000000000102D2D2D0000000000000000000000000000000CB4
:204960000000000000000000000000000000000C000000000000000000000000252D2D2D7F
:204980000000000000000000000000002E2F2F2F0000000000000000000000002E2F2F2FA1
:2049A000000000000000000000000000212D2D2D0000000000000000000000002E2F2F2F94
:2049C0000000000000000000000000002E2F2F2F000000000000000000000000212D2D2D74
:2049E0000000000000000000000000112E2F2F2F0000000000000000000000112E2F2F2F1F
:204A0000000000000000000000000011212D2D2D0000000000000000000000002E2F2F2F22
:204A20000000000000000000000000002E2F2F2F000000000000000000000000212D2D2D13
:204A40000000000000000000000000002E2F2F2F0000000000000000000000002E2F2F2FE0
:204A6000000000000000000000000011212D2D2D0000000000000000000000112E2F2F2FB1
:204A80000000000000000000000000112E2F2F2F000000000000000000000000212D2D2DA2
:204AA0000000000000000000000000002E2F2F2F0000000000000000000000002E2F2F2F80
:204AC000000000000000000000000011212D2D2D00000000000000000000252D272F2F2F17
:204AE000000000000000000000002E2F2F2F2F2F00000000000000000011262D2D2D2D2D85
:204B0000000000000000000000001D1D1D1D1D0C0000000000000000000000000000000CEC
:204B2000000000000000000000000000331F1F0C000000000000000000000000212D2D2D50
:204B40000000000000000000000000002E2F2F2F0000000000000000000000002E2F2F2FDF
:204B6000000000000000000000000000212D2D2D0000000000000000000000112E2F2F2FC1
:204B80000000000000000000000000112E2F2F2F000000000000000000000000212D2D2DA1
:204BA0000000000000000000000000002E2F2F2F000000000000000000101B002E2F2F2F54
:204BC000000000000000000000101B00262D2D28000000000000000000101B001D1DC42EAB
:204BE0000000000000000000000000000000122E0000000000000000000000003400132E00
:204C00000000000000000000000000000000132E0000000000000000000000000011102E04
:204C20000000000000000000000000000000132E00000000000000000000000000E8122E0B
:204C400000000000000000000000000000E9132E0000000000000000000000000000132EE9
:204C60000000000000000000000000000011102E000000000000000000000000E800132EBC
:204C8000000000000000000000000000E900122E0000000000000000000000000000132EAA
:204CA0000000000000000000000000000011102E0000000000000000000000000000122E65
:204CC0000000000000000000000000000034132E0000000000000000000000000000122E1F
:204CE0000000000000000000000000001F1FC32E0000000000000000101B0000252D2D27B4
:204D00000000000000000000101B00002E2F2F2F0000000000000000101B00002E2F2F2FC7
:204D2000000000000000000000000000212D2D2D0000000000000000000000112E2F2F2FFF
:204D40000000000000000000000000112E2F2F2F00000000000000101B00302D2F2D2D2D49
:204D600000000000000000101B0000112E2F2F2F00000000000000101B00003022282F2F39
:204D800000000000000000000000000011212D2D0000000000000000101B000025272F2FB2
:204DA0000000000000000000000000002E2F2F2F000000000000000000000011262D2D2D7A
:204DC000000000000000000000000000001D1D0C0000000000000000000000000000000C81
:204DE000000000000000000000000000001F1F0C00000000000000000000000000252D2DEA
:204E0000000000000000000000000000F42E2F2F000000000000000000000000F62E2F2F90
:204E2000000000000000000000000000F5212D2D000000000000000000000000002E2F2F76
:204E4000000000000000000000000000002E2F2F00000000000000000000000011212D2D3A
:204E6000000000000000000000000000112E2F2F00000000000000000000000030232F2FE4
:204E8000000000000000000000101B0000212D2D000000000000000000101B00002E2F2FB5
:204EA000000000000000000000101B00002E2F2F00000000000000000000000000212D2DC0
:204EC000000000000000000000000000112E2F2F0000000000000000101B00252D232F2F37
:204EE0000000000000000000101B002E0C212D2D0000000000000000101B002E0C2E2F2FE1
:204F00000000000000000000101B00262D232F2F00000000000000000000000011212D2D06
:204F2000000000000000000000000000122E2F2F000000000000000000000000002E2F2F47
:204F40000000000000000000000000003526242D00000000000000000000000000112E2F37
:204F600000000000000000000000000011102E2F0000000000000000000000111010212D34
:204F800000000000000000000000000011102E2F00000000000000000000000000112E2F25
:204FA0000000000000000000000000000025222D00000000000000000000101B002E2F2FC6
:204FC000000000000000000000000000002E2F2F00000000000000000000000011262D28B9
:204FE0000000000000000000000000000000132E0000000000000000000000000000122E30
:205000000000000000000000000000000000132E0000000000000000000000000034132EDA
:205020000000000000000000000000000000122E0000000000000000000000000000132EEF
:205040000000000000000000000000000000132E00000000000000000000000000252D2796
:20506000000000000000000000000000002E2F2F000000000000000000000000112E2F2F07
:2050800000000000000000000000000011212D2D00000000000000000000000030232F2FD3
:2050A000000000000000000000000000132E2F2F00000000000000000000000012212D2DC4
:2050C000000000000000000000000000132E2F2F000000000000000000003530152E2F2F2B
:2050E00000000000000000000000000013212D2D000000000000000000000000122E2F2F84
:20510000000000000000000000000000132E2F2F00000000000000000000000013212D2D62
:20512000000000000000000000000000122E2F2F00000000000000000000000025232F2F2B
:205140000000000000000000000000002622242D00000000000000000000000000132E2F46
:2051600000000000000000000000000000132E2F00000000000000000000000000302F2D33
:2051800000000000000000000000000000132E2F00000000000000000000000000122E2F30
:2051A0000000000000000000000000000013212D00000000000000000000000034132E2FEA
:2051C00000000000000000000000000000132E2F0000000000000000000000000012212DFF
:2051E00000000000000000000000000000132E2F00000000000000000000000030152E2F9D
:205200000000000000000000000000000013212D00000000000000000000000000132E2FBD
:2052200000000000000000000000000000122E2F000000000000000000000000252D222D5E
:205240000000000000000000000000002E2F2F2F0000000000000000000000002E2F2F2FD8
:205260000000000000000000101B0000212D2D2D0000000000000000000000002E2F2F2FA0
:205280000000000000000000000000002E2F2F2F0000000000000000101B0000212D2D2D80
:2052A0000000000000000000000000002E2F2F2F0000000000000000000000002E2F2F2F78
:2052C0000000000000000000101B0000212D2D2D0000000000000000000000002E2F2F2F40
:2052E0000000000000000000000000002E2F2F2F0000000000000000101B000026242D2D24
:20530000000000000000000000000000002E2F2F000000000000000000000000002E2F2F75
:20532000000000000000000000101B000026242D00000000000000000000000000002E2F6E
:2053400000000000000000000000000000002E2F0000000000000000000000000000262D9D
:205360000000000000000000000000000000000C0000000000000000000000000000000C15
:205380000000000000000000000000000000000C0000000000000000000000000030190CAC
:2053A0000000000000000000000000000000000C0000000000000000000000000000000CD5
:2053C0000000000000000000033200301900000C0000000000000000000000000000000C37
:2053E0000000000000000000000000000000000C0000000000000000000000003019000C4C
:205400000000000000000000000000000000000C0000000000000000000000000000000C74
:205420000000000000000000000000000000000C0000000000000000000000301900000C0B
:205440000000000000000000000000000000000C0000000000000000000011100000000C13
:205460000000000000000000000000000000000C0000000000000000000000000000000C14
:205480000000000000000000000000003019000C0000000000000000000000000000000CAB
:2054A0000000000000000000000000000000000C0000000000000000000000000030190C8B
:2054C0000000000000000000000000000000000C00000000000000101B0000001110000C68
:2054E0000000000000000000000000000000000C0000000000000000000000003400000C60
:205500000000000000000000000000000000000C000000000000101B000000111000000C27
:205520000000000000000000000000000000000C0000000000000000000000340000000C1F
:205540000000000000000000000000000000000C0000000000101B00000011100000000CE7
:205560000000000000000000000000000000000C0000000000000000000034000000000CDF
:205580000000000000000000000000000000000C00000000101B0000001110000000000CA7
:2055A0000000000000000000000000000000000C0000000000000000000000000000000CD3
:2055C0000000000000000000000000000019000C0000000000000000000000003530190C1C
:2055E0000000000000000000000000000000000C0000000000000000000000000000001887
:2056000000000000000000000000000000000018000000000000000000000000000000185A
:2056200006060606060532000000000000302D2D0606060606050D00000000000000000C4F
:20564000020202020201170000000000000000180606060606050D00000000000000000CD4
:205660000606060606050D00000000000000000C0606060606050D00000000000000000CB2
:205680000202020202010D00000000000000000C0606060606051700000000000000001894
:2056A0000606060606050D00000000000000000C0606060606050D00000000000000000C72
:2056C0000202020202010D00000000000000000C0606060606051700000000000000001854
:2056E0000606060606050D0000001C001C00000C0606060606050D000012252F281E000C4E
:205700000202020202010D000012212F231E000C0606060606050D000012262F271E000CDA
:205720000606060606050D0000001A001A00000C0606060606050D00000000000000000CBD
:205740000202020202010D0000000000000000180606060606051700000000000000000CD3
:205760000606060606050D00000000000000000C0606060606050D00000000000000000CB1
:205780000202020202010D00000000000000000C0606060606050D00000000000000000CA9
:2057A0000606060606051C1C0000000000001C1C06060606060524281B0000000011252472
:2057C0000202020202012F231B0000000011212F06060606060522271B0000000011262210
:2057E0000606060606051A1A0000000000001A1A06060606060517000000000000000018CC
:205800000202020202010D00000000000000000C0606060606050D00000000000000000C28
:205820000606060606051C1C1C000000000000180606060606052D2D281B00000000000C0D
:205840000202020202012F2F2E1B00000000000C0606060606052F2F2E1B000000001C1C88
:20586000060606060605242D271B00000011252D060606060605231B0000000000112E2F40
:20588000020202020201231B0000000000112E2F060606060605231B0000000000112E2F82
:2058A000060606060605231B00000011252D272F060606060605231B000000112E2F2F2FA1
:2058C000020202020201231B0000001126282F2F060606060605231B00000000112E2F2FC4
:2058E000060606060605231B00000000112E2F2F06060606060522281B000000112E2F2F85
:205900000202020202012F2E1B000000112E2F2F0606060606052F2E1B000000112E2F2F2F
:205920000606060606052D271B00000011262D2D0606060606050D000000000000000018FC
:205940000202020202011700000000000000000C0606060606050D00000000000000000CDD
:205960000606060606050D00000000000000000C0606060606051700000000000000001899
:205980000202020202010D00000000000000000C0606060606051700000000000000000C9D
:2059A0000606060606050D0000000000000000180606060606050D252D281B0000001125A4
:2059C0000202020202010D2E002E1B00000011210606060606050D2124231B000000112121
:2059E0000606060606050D212F231B000000112106060606060524292F231B0000001121A8
:205A00000202020202012F2F2F231B00000011210606060606052F2F2F231B00000011215E
:205A20000606060606052F2F2B271B00000011210606060606052F2B270000000000112170
:205A40000202020202012F231B000000000011210606060606052F231B00000000002529BE
:205A60000606060606052F231B0000001125292F0606060606052F231B00000011212F2FE8
:205A80000202020202012F231B00000011212F2F0606060606052F231B00000011212F2FDE
:205AA00006060606060522271B000000112622220606060606050D00000000000000000CA8
:205AC000020202020201170000000000000000180606060606050D00000000000000000C50
:205AE0000606060606050D00000000000000000C0606060606051700330000000033000CBE
:205B00000202020202010D002E000000002E000C0606060606050D002E000000002E001861
:205B20000606060606050D002E000000002E00180606060606052D2D2300000000262D2DA1
:205B4000000000000000000026321B000000000C00000000000000000000000000000018AE
:205B60000000000000000000000000000000340C0000000000000000000000000000000CD9
:205B8000000000000000000000000000001110180000000000000000000000000000000CC0
:205BA0000000000000000000000000000034000C0000000000000000000000000000000C99
:205BC0000000000000000000000000001110000C0000000000000000000000000000000C8C
:205BE0000000000000000000000000003400000C0000000000000000000000000000000C59
:205C00000000000000000000000000111000000C0000000000000000000000000000000C4B
:205C200000000000000000101B0000301900000C00000000000000101B0000000000000CAD
:205C400000000000000000101B0000000000000C0000000000000000000000003019000CB8
:205C60000000000000000000000000000000000C0000000000000000000000000000000C0C
:205C80000000000000000003320030190000000C0000000000000000000000000000000C6E
:205CA0000000000000000000000000000000000C0000000000000000000000301900000C83
:205CC0000000000000000000000000000000000C0000000000000000000000000000000CAC
:205CE0000000000000000000353019000000000C0000000000000000000000000000000C0E
:205D00000000000000000000000000000000000C0000000000000000000000000000000C6B
:205D20000000000000000000000000000000000C0000000000000000000000000000000C4B
:205D40000000000000000000000000330000000C0000000000000000000000212D2D2D2D2F
:205D60000000000000000000101B002E2F2F2F2F00000000000000000000002E2F2F2F2F24
:205D80000000000000000000000011212D2D2D2D000000000000101B0000112E2F2F2F2FF7
:205DA000000000000000101B0000112E2F2F2F2F000000000000101B000000212D2D2D2DBD
:205DC000000000000000101B0000002E2F2F2F2F000000000000101B0000352E2F2F2F2F64
:205DE000000000000000101B000000212D2D2D2D000000000000101B0000002E2F2F2F2F8E
:205E000000000000000000000000352E2F2F2F2F0000000000000000000035212D2D2D2D59
:205E200000000000000000000000122E2F2F2F2F000000000000000011302D232F2F2F2F19
:205E40000000000000000000000011212D2D2D2D00000000000000000000002E2F2F2F2F72
:205E600000000000000000000000002E2F2F2F2F0000000000000000000000262D2D2D2D5E
:205E80000000000000000000000000000000001800000000000000000000000000000018D2
:205EA0000000000000000332003019000000000C0000000000000000000000000000000C4C
:205EC0000000000000000000000030190000000C0000000000000000000000000000001855
:205EE0000000000000000000000000000000000C0000000000033200301900000000000C0C
:205F00000000000000000000000000000000000C0000000000000000353019000000000CEB
:205F2000000000000000000000000000000000180000000000000000000000000000000C3D
:205F40000000000000000000000000000000000C0000000000000000000000000000000C29
:205F60000000000000000000000000000000000C0000000000000030190000000000000CC0
:205F80000000000000000000000000000000000C00000000000000000000000000000018DD
:205FA0000000000000000000000000000000000C0000000000003412190000000000000C6A
:205FC0000000000000000012190000000000000C0000000000001110190000000000000C44
:205FE0000000000000000012190000000000000C000000000000E812190000000000000C4B
:20600000000000000000E912190000000000000C0000000000000012190000000000000C29
:20602000000000000000111019000000000000180000000000000012190000000000000CD7
:206040000000000000003412190000000000000C0000000000000000000000000000000CC9
:206060000000000000000000000000000000000C0000000000000000000000000000000C08
:206080000000000000000000000000000000000C0000000000000000000000000000000CE8
:2060A0000000000000000000000000000000000C0000000000000000000035331900000C47
:2060C0000000000000000000000035311900000C0000000000000000000000000000000C29
:2060E0000000101B00000000111010000000000C0000000000000000000000000000000C2C
:20610000000000000000000000000000000000180000000000000000000000353019000CDD
:206120000000000000000000000000000000000C0000000000000000000000000000000C47
:20614000000000101B000000001110100000000C00000000000000000000000000000018BF
:206160000000000000000000000000000000000C0000000000000000000034000000000CD3
:206180000000000000000000000000000000000C0000000000000000000000000000000CE7
:2061A0000000000000000000000000111000000C000000000000000000000000000000189A
:2061C000000000000000000000000000252D2D2D0000000000000000000000002E2F2F2F58
:2061E0000000000000000000000000002E2F2F2F000000000000000000000011212D2D2D2B
:206200000000000000000000000000112E2F2F2F0000000000000000000000002E2F2F2FF7
:20622000000000000000000000000000212D2D2D000000000000000000101B002E00000C51
:20624000000000000000000000101B002E000018000000000000000000101B002E00000C68
:206260000000000000000000000000002E00000C0000000000000000000000352E00000C75
:206280000000000000000000000000122E00001800000000000000000000111010101B0C3E
:2062A00000000000000000000000001A1A1A000C0000000000000000000000000000000C78
:2062C0000000000000000000000000000000000C000000000000000000000000000000189A
:2062E000000000000000000000000000000030160000000000000000000000000000000C4C
:206300000000000000000000000000000000000C0000000000000000000000000000000C65
:206320000000000000000000000000000030190C00000000000000000000000000000018F0
:206340000000000000000000000000000000000C0000000000000000000000000000001819
:206360000000000000000000000000003019000C0000000000000000000000000000000CBC
:206380000000000000000000000000000000000C000000000000000000000000252D2D2D45
:2063A0000000000000000000000000002E2F2F2F0000000000000000000000002E2F2F2F67
:2063C000000000000000000000000000212D2D2D0000000000000000000000002E2F2F2F5A
:2063E0000000000000000000000000002E2F2F2F000000000000000000000000212D2D2D3A
:206400000000000000000000000000002E2F2F2F0000000000000000000000002E2F2F2F06
:20642000000000000000000000000000212D2D2D0000000000000000000000112E2F2F2FE8
:206440000000000000000000000000112E2F2F2F0000000000000000000000302F2D2D2D8A
:206460000000000000000000000000112E2F2F2F0000000000000000000000112E2F2F2F84
:20648000000000000000000000000011212D2D2D000000000000000000002524232F2F2F4A
:2064A000000000000000000000002622232F2F2F000000000000000000000011212D2D2D2B
:2064C0000000000000001C1C1C0000002E2F2F2F0000000000001010100000002E2F2F2FC2
:2064E000000000000000000000000000212D2D2D0000000000000000000000002E2F2F2F39
:206500000000000000000000000000002E2F2F2F000000000000000000000000212D2D2D18
:206520000000000000000000000000002E0000180000000000000000000000113100000CC7
:206540000000000000000000000000000000000C0000000000000000000000000000000C23
:206560000000000000000000000000000033190C0000000000000000000000000031190C6D
:206580000000000000000000000000000000000C0000000000000000000000000000000CE3
:2065A000000000000000000000000000000000180000000000000000000000003019000C6E
:2065C0000000000000000000000000000000000C0000000000000000000000000000001897
:2065E0000000000000000000001C1C1C0000000C00000000000000000010101000000030DB
:206600000000000000000000000000000000000C0000000000000000000000000000000C62
:20662000000000000000000000000000000000180000000000000000000000000000000C36
:20664000000000000000000000000000000000300000000000000000000000000000000CFE
:206660000000000000000000000000000000000C00000000000000000000000000000018F6
:2066800000000000000000000000000000003016000000000000000000000000000000189C
:2066A0000000000000000000000000000000000C0000000000000000000000000000000CC2
:2066C0000000000000000000000000000033190C0000000000000000000000000031190C0C
:2066E0000000000000000000000000000000000C0000000000000000000000000000001876
:20670000000000000000000000000000003530160000000000000000000000000000000CF2
:206720000000000000000000000000000000000C0000000000000000000000000000001835
:206740000000000000000000000000000000000C00000000000000000000003019000018CC
:206760000000000000000000000000000000000C0000000000000000000000000000000C01
:20678000000000000000001C1C1C00000000000C0000000000000010101000000000301623
:2067A0000000000000000000000000000000000C0000000000000000000000000000000CC1
:2067C000000000000000000000000000000000180000000000000000000000000000000C95
:2067E0000000000000000000000000000000000C0000000000000000000000000000000C81
:206800000000252D2D2D2D28000000000000001800002E2F2F2F2F2E000000000000000C3B
:2068200000002E2F2F2F2F2E000000000000000C0000212D2D2D2D23000000000000000C30
:2068400000002E2F2F2F2F2E000000000000001800002E2F2F2F2F2E000000000000000CE4
:206860000000212D2D2D2D23000000000000001800002E2F2F2F2F2E000000000000000CE4
:2068800000002E2F2F2F2F2E1B0000000000000C0000212D2D2D2D271B0000000000000C96
:2068A00000002E0D00000000000000000000001800002E0D000003320000000000000018FD
:2068C00000002E1700000000000000000000001800002E0D000000101B00000000000018DD
:2068E00000002E0D00000000000000000000001800002E0D000000033200000000000018BD
:2069000000002E0D00000000000000000000000C00002E17000000101B00000000000018A8
:2069200000002E0D00000000000000000000000C00002E0D00000000000000000000000CC9
:2069400000002E0D00000332000000000000000C00002E1700000000001110000000000C49
:2069600000002E0D00000000000000000000001800002E1700033236000000000000000C08
:2069800000002E0D00000000000000000000000C00002E0D0000101B000000000000000C3E
:2069A00000002E0D00000000000000000000001800002E1700000000000000000000000C33
:2069C00000002E0D00000003320000000000000C00002E17000000000000000000000018DE
:2069E00000002E0D00000000101B00000000000C00002E0D000000000000000000000018D2
:206A000000002E0D00000000000000000000111000002E0D00000003323600000011101043
:206A200000002E1700000000000000000000111000002E0D000000000000000000000011A4
:206A400000002E0D0000000000000000000000112D2D270000000000000003320000001222
:206A60000000000000000000000000000000001200000000000000000000000000000012F2
:206A80000000000000000000000000000000001200000000000000000000000000000012D2
:206AA0000000000000000000000000000000001200000000000000000000000000000000C4
:206AC0000000000000000000000000000000000000000000000000000000000000000000B6
:206AE000000000000000000000000000000000000000000000000000000000000000000096
:206B0000000000000000000000000000000000000000000000340000000000000000000041
:206B2000000000000000000000000000000000000000000000000000000000000000000055
:206B40000000000000000000000000000000001100000000000000340000000000000011DF
:206B60000000000000000000000000000000001000000000000000000000000000000011F4
:206B80000000000000000000000000000000001100000000000000000000000000000011D3
:206BA0000000000000000000000000000000000000000000000000000000000000000000D5
:206BC00000000000000000000000000000101B0000000000000000000000000000101B005F
:206BE000000000000000000000000000000000000000000000000000000000000000000095
:206C0000000000000000000000000000000000110000000000000000000000000000001152
:206C200000000000000000000000000000000000000000000000000000000000000000351F
:206C4000000000000000000000000000000000110000000000000000000000000000001112
:206C60000000000000000000000000000000001100000000000000000000000000000011F2
:206C8000000000000000000000000000000025240000000000000000000000000000212F5B
:206CA0000000000000000000000000000000212F0000000000000000000000000000212F34
:206CC0000000000000000000000000000000212F0000000000000000000000000000212F14
:206CE0000000000000000000000000000011212F0000000000000000000000000011212FD2
:206D00000000000000000000000000000010212F0000000000000000000000000011212FB2
:206D20000000000000000000000000000011212F0000000000000000000000000011212F91
:206D4000000000000000000000000000102D222200000000000000000000000000000011A1
:206D6000000000000000000000000000000000110000000000000000000000000000000002
:206D80000000000000000000000000000000000000000000000000000000000011100000D2
:206DA0000000000000000000000000000000000000000000000000000000000000000000D3
:206DC0000000000000000000000000000000000000000000000000000000000000000000B3
:206DE000000000000000000000000000000000000000000000000000000000000000001182
:206E0000000000000000000000000000000000110000000000000000000000000000001150
:206E200000000000000000000000000000000000000000000000000000000000101B000027
:206E4000000000000000000000000000101B0000000000000000000000000000101B0000DC
:206E6000000000000000000000000000000000000000000000000000000000000000001101
:206E80000000000000000000000000000000001100000000000000000000000000000011D0
:206EA0000000000000000000000000000000000000000000000000000000000000000000D2
:206EC0000000000000000000000000000000000000000000000000000000000000000000B2
:206EE000000000000000000000000000000000000000000000000000000000000000000092
:206F0000000000000000000000000000000000000000000000000000000000000000001160
:206F200000000000000000000000000000000011000000000000000000000000000000112F
:206F4000000000000000000000000000000000100000000000000000000000000000000C15
:206F60000000000000000000000000000000000C00000000000000000000000000000018ED
:206F80000000000000000000000000000000102D0000000000000000000000000000000CA8
:206FA0000000000000000000000000000000000C00000000000000000000000000000018AD
:206FC00000000000000000000000000000102D2D0000000000000000000000000000001136
:206FE000000000000000000000000000000000110000000000000000001C1C1C000000002C
:207000000000000000000000001010100000003500000000000000000000000000000011FA
:207020000000000000000000000000000000001100000000000000000000000011302D2DA4
:2070400000000000000000000000000000000011000000000000000000000000000000001F
:207060000000000000000000000000000000000000000000000000000000000000000011FF
:207080000000000000000000000000000000001100000000000000000000000000000011CE
:2070A000000000000000000000000000000000EA000000000000000000000000000000EBFB
:2070C00000000000000000000000000000000011000000000000000000000000000000118E
:2070E000000000000000000000000000000000110000000000000000000000000000252436
:207100000000000000000000000000000000212F0000000000000000000000000000212FCF
:207120000000000000000000000000000000212F0000000000000000000000000000212FAF
:207140000000000000000000000000000011212F0000000000000000000000000011212F6D
:207160000000000000000000000000000025292F00000000000000000000000000262A2F13
:207180000000000000000000000000000000212F00000000000000000000101B0000212F24
:2071A0000000000000000000000000000000212F0000000000000000000000000000262A2F
:2071C0000000000000000000000000101B0000210000000000000000000000000000002142
:2071E00000000000000000000000000000000021000000000000000000000000101B002122
:20720000000000000000000000000000101B0021000000000000000000000000101B0021D6
:20722000000000000000000000000000101B002100000000000000000000000000000021E1
:207240000000000000000000000000000000112100000000000000000000000000001126C5
:207260000000000000000000000000000000000C00000000000000000000000000000016EC
:207280000000000000000000000000000000000C0000000000000000000000000000000CD6
:2072A000000000000000000000000000000011100000000000000000000000000000000CA1
:2072C000000000000000000000000000000000160000000000000000000000000000001880
:2072E000000000000000000000000000000011100000000000000000000000000000000C61
:207300000000000000000000000000000000000C000000000000000000000000000000164B
:207320000000000000000000000000000000000C0000000000000000000000000000000C35
:207340000000000000000000000000000000302D00000000000000000000000000000011BF
:20736000000000000000000000001C1C1C0000000000000000000000000010101000000089
:2073800000000000000000000000000010101B0000000000000000000000000000101B0087
:2073A00000000000000000000000000000101B0000000000000000000000000000101B0077
:2073C0000000000000000000000000000000000000000000000000000000000000000000AD
:2073E00000000000000000000000000000000011000000000000000000000000000000116B
:20740000000000000000000000000000000000110000000000000000000000000000001645
:207420000000000000000000000000000000000C000000000000000000000000000011101F
:207440000000000000000000000000000000000C00000000000000000000000000001918EF
:207460000000000000000000000000101B00190C0000000000000000000000101B00190C6C
:207480000000000000000000000000101B00190C0000000000000000000000101B00191840
:2074A0000000000000000000000000000000190C0000000000000000000000000000000C9B
:2074C000000000000000000000000000001110100000000000000000000000000000000C6F
:2074E000000000000000000000000000351900180000000000000000000000000000000C1A
:207500000000000000000000000000000000000C0000000000330000000000000000000C20
:2075200000000000002E0000000000000000000C00000000002E0000000000000000000CD7
:2075400000000000002E0000000000000000001800000000002E000000000000000000189F
:2075600000000000002E0000000000000000000C00000000002E0000000000000000000C97
:2075800000000000002E0000000000000000000C00000000002E1B00000000000000001850
:2075A00000000000002E1B00000000000000000C00000000002E0000000000000000000C3C
:2075C00000000000002E0000000000000000000C00000000002E0000000000000000000C37
:2075E00000000000002E1B0000000000000000180000000000212D32000000000000001892
:2076000000000000002E1B00001C1C000000000C00000000002E1B00001010000000000C68
:207620000000000000213200000000000000000C00000000002E1B00000000000000000C96
:2076400000000000002E1B00000000000000001800000000002E1B00000000000000001868
:207660000000000000212D32000000000000000C00000000002E1B00001C1C000000000CF1
:2076800000000000002E1B00001010000000000C000000000021320000000000000000180A
:2076A00000000000002E1B00000000000000000C00000000002E1B00000011100000000CFF
:2076C0000000000000212D2D320011100000000C00000000002E1B00000011100000000C5A
:2076E00000000000002E0000000000000000001800000000002E0000000000000000000C0A
:207700000000252D2D27360000000000000000180000210D00000000000000000000000C3B
:207720000000210D00000000000000000000000C0000210D00000000000000000000000CD5
:207740000000210D00000000000000000000000C0000210D00000003323600000000000C4A
:207760000000210D00000000000000000000000C0000210D00000000000000000000000C95
:207780000000210D00000000000000000000000C0000210D00000000000000000000000C75
:2077A0000000210D00000000033300000000000C0000210D00000000033100000000000CEB
:2077C0000000210D00000000000000000000000C0000210D00000000000000000000000C35
:2077E0000000210D00000003330000000000000C0000210D000000032E1B00000000000C93
:207800000000210D000000032E1B00000000000C0000210D000000032E1B00000000000C5C
:207820000000210D00000003310000000000000C0000210D00000000000000000000000CA0
:207840000000210D00000000000000000000000C0000210D00000333000000000000000C7E
:207860000000210D0000032E1B0000000000000C0000210D0000032E1B0000000000000CFC
:207880000000210D0000032E1B0000000000000C0000210D00000331000000000000000CF4
:2078A0000000210D00000000000000000000000C0000210D00000000000000000000000C54
:2078C0000000210D00033200000000000000000C0000210D00000000000000000000000CFF
:2078E0000000210D00000000000000000000000C0000210D00000003320011100000000CBE
:207900000000210D00000000000000000000000C0000210D00000000000000000000000CF3
:207920000000210D00000333001110000000000C0000210D0000032E000000000000000C4B
:207940000000210D000003311B0000000000000C0000210D00000000000000000000000C64
:207960000000210D00000000000000000000000C0000210D00000000000000000000000C93
:207980000000210D00000000000000000000000C0000210D00000000000000000000000C73
:2079A0000000210D00000000000000000000000C0000210D00000000000000000000000C53
:2079C0000000210D00000000000000000000000C0000210D00000000000000000000000C33
:2079E000060606060605280000000000000000250606060606052F28000000000000252F49
:207A00000202020202012F2F3200000000302F2F0606060606052F27000000000000262F6F
:207A2000060606060605230000000000000000260606060606052300000000000000000C88
:207A40000202020202012F2800000000000000180606060606052F2F280000000000000CF7
:207A60000606060606052F2F2F2800000000000C0606060606052F2F2F2F28000000000C0F
:207A80000202020202012F2F2F2F2F32000000300606060606052F2F2F2F27000000001870
:207AA0000606060606052F2F2F2700000000000C0606060606052F2F270000000000000C2F
:207AC0000202020202012F27000000000000000C0606060606052300000000000000000CE7
:207AE000060606060605230000000000000000180606060606052F28000000000000002589
:207B00000202020202012F2F280000000000252F0606060606052F2F2F32000000302F2F10
:207B20000606060606052F2F270000000000262F0606060606052F270000000000000026A9
:207B4000020202020201230000000000000000180606060606052F28000000000000002540
:207B60000606060606052F2F280000000000252F0606060606052F2F2F32000000302F2F98
:207B80000202020202012F2F270000000000262F0606060606052F27000000000000002661
:207BA0000606060606052300000000000000000C0606060606052F280000000000000018E1
:207BC0000202020202012F2F280000000000000C0606060606052F2F2F2800000000000C24
:207BE0000606060606052F2F2F2F28000000000C0606060606052F2F2F2F2F320000003002
:207C00000202020202012F2F2F2F27000000000C0606060606052F2F2F2700000000000C87
:207C20000606060606052F2F27000000000000180606060606052F270000000000000025E6
:207C40000202020202012700000000000000252F0606060606050D000000000000252F2FEB
:207C60000606060606050D0000000000252F2F2F0606060606051700000000252F2F2F2F07
:207C800002020202020132000000302F2F2F2F2F0606060606050D00000000262F2F2F2F7A
:207CA0000606060606050D0000000000262F2F2F06060606060517000000000000262F2F23
:207CC0000202020202010D00000000000000262F06060606060517000000000000000026D7
:207CE0000606060606050D00000000000000000C0606060606050D00000000000000000C0C
:207D0000020202020201280000000000000000250606060606052F28000000000000252F3D
:207D20000606060606052F2F2800000000252F2F0606060606052F2F2300000000212F2FF4
:207D40000202020202012F2F2300000000212F2F0606060606052F2F2300000000212F2FF5
:207D60000606060606052F2F2300000000212F2F06060606060522222700000000262222E8
:207D80000202020202010000000000000000000006060606060500000000000000000000B5
:207DA00006060606060500000000000000000000060606060605000000000000000000007D
:207DC000020202020201000000000000000000000606060606050000000000000000000075
:207DE0000606060606050000000000000000000006060606060524242424242424242424D5
:207E00000202020202012F2F2F2F2F2F2F2F2F2F0606060606052F2F2F2F2F2F2F2F2F2F88
:207E20000606060606052F2F2F2F2F2F2F2F2F2F0606060606052F2F2F2F2F2F2F2F2F2F50
:107E40000202020202012F2F2F2F2F2F2F2F2F2F51
:02000004000AF0
:200000000000000000000000000000000000000000000000000000000000000000000000E0
:200020000000000000000000000000000000000000000000000000000000000000000000C0
:200040000000000000000000000000000000000000000000000000000000000000000000A0
:20006000000000000000000000000000000000000000000000000000000000000000000080
:20008000000000000000000000000000000000000000000000000000000000000000000060
:2000A000000000000000000000000000000000000000000000000000000000000000000040
:2000C000000000000000000000000000000000000000000000000000000000000000000020
:2000E000000000000000000000000000000000000000000000000000000000000000000000
:200100000000000000000000000000000000000000000000000000000000000000000000DF
:200120000000000000000000000000000000000000000000000000000000000000000000BF
:2001400000000000000000000000000000000000000000000000000000000000000000009F
:2001600000000000000000000000000000000011000000000000000000000000000000006E
:2001800000000000000000000000000000000000000000000000000000000000000000005F
:2001A00000000000000000000000000000000000000000000000000000000000000000003F
:2001C00000000000000000000000000000000000000000000000000000000000000000001F
:2001E0000000000000000000000000000000000000000000000000000000000000000011EE
:200200000000000000000000000000000000001200000000000000000000000000000000CC
:200220000000000000000000000000000000000000000000000000000000000000000000BE
:2002400000000000000000000000000000000000000000000000000000000000000000009E
:2002600000000000000000000000000000000000000000000000000000000000000000007E
:2002800000000000000000000000000000000010000000000000000000000000000000113D
:2002A00000000000000000000000000000000011000000000000000000000000000000111C
:2002C00000000000000000000000000000000000000000000000000000000000000000001E
:2002E0000000000000000000000000000000000000000000000000000000000000000000FE
:200300000000000000000000000000000000000000000000000000000000000000000000DD
:20032000000000000000000000000000000000120000000000000000000000000000002586
:2003400000000000000000000000000000000021000000000000000000000000000000215B
:200360000000000000000000000000000000002124242424242424242428000000002529A2
:200380002F2F2F2F2F2F2F2F2F2300000000212F2F2F2F2F2F2F2F2F2F2300000000212F29
:2003A0002F2F2F2F2F2F2F2F2F2300000000212F2F2F2F2F2F2F2F2F2F2300000000212F09
:2003C0002F2F2F2F2F2F2F2F2F2300000000212F2222222222222222222700000000262262
:2003E0000000000000000000000000000000001100000000000000000000000000000011DB
:20040000000000000000000000000000000000112424242424242424242800000000252416
:200420002F2F2F2F2F2F2F2F2F2300000000212F2F2F2F2F2F2F2F2F2F2300000000212F88
:200440002F2F2F2F2F2F2F2F2F2300000000212F2F2F2F2F2F2F2F2F2F2300000000212F68
:20046000222222222222222222270000000026220000000000000000000000000000000CCF
:200480000000000000000000000000000000000C0000000000000000000000000000000C44
:2004A0000000000000000000000000000019000C0000000000000000000000000000000C0B
:2004C0000000000000000000000000000000000C0000000000000000000000000000190CEB
:2004E0000000000000000000000000000000000C0000000000000000000000000000000CE4
:200500000000000000000000000000001900000C0000000000000000000000000000000CAA
:200520000000000000000000000000000000000C0000000000000000000000000019000C8A
:200540000000000000000000000000000000000C0000000000000000000000000000000C83
:200560000000000000000000000000000000000C0000000000000000000000000000000C63
:200580000000000000000000000000000000190C0000000000000000000000000000000C2A
:2005A0000000000000000000000000000000000C0000000000000000000000000000000C23
:2005C0000000000000000000000000000019000C0000000000000000000000000000000CEA
:2005E0000000000000000000000000000000000C0000000000000000000000000000000CE3
:200600000000000000000000000000001900000C0000000000000000000000000000000CA9
:200620000000000000000000000000000000000C0000000000000000000000000000000CA2
:20064000000000000000000000000025242424240000000000000000000000212F2F2F2F08
:200660000000000000000000000000212F2F2F2F0000000000000000000011212F2F2F2FAF
:200680000000000000000000000011212F2F2F2F0000000000000000000000212F2F2F2F8F
:2006A0000000000000000000000035212F2F2F2F0000000000000000000000212F2F2F2F4B
:2006C0000000000000000000000011212F2F2F2F0000000000000000000011212F2F2F2F3E
:2006E0000000000000000000190011212F2F2F2F0000000000000000190011212F2F2F2FEC
:200700000000000000000000000000212F2F2F2F0000000000000000000000212F2F2F2F1F
:200720000000000000000000000000212F2F2F2F0000000000000000000000212F2F2F2FFF
:20074000000000000000000000000026222A2F2F00000000000000000000000011212F2F39
:2007600000000000000000000000000011212F2F00000000000000000000000011212F2F59
:2007800000000000000000000000000000262A2F0000000000000000000000000000212F8A
:2007A0000000000000000000000000000000212F0000000000000000000000000000212F99
:2007C0000000000000000000000000000000212F0000000000000000000000000000212F79
:2007E0000000000000000000000000000000212F0000000000000000000000000000212F59
:200800000000000000000000000000000000212F0000000000000000000000000000262240
:20082000000000000000000000000000000000110000000000000000000000000000001196
:2008400000000000000000000000000000000011000000000000000000000000002524241A
:2008600000000000000000000000000000212F2F000000000000000000000000002622228F
:20088000000000000000000000000000000000110000000000000000000000000000001136
:2008A0000000000000000000000000000000001100000000000000000000000000252424BA
:2008C00000000000000000000000000000212F2F000000000000000000000000002622222F
:2008E0000000000000000000000000000000001100000000000000000000000000000011D6
:20090000000000000000000000000000000000110000000000000000000000000025242459
:2009200000000000000000000000000000212F2F00000000000000000000000000212F2FB9
:20094000000000000000000000000000002622220000000000000000000000000000000C21
:200960000000000000000000000000000000000C0000000000000000000000000000000C5F
:200980000000000000000000000000000019000C0000000000000000000000000019000C0D
:2009A0000000000000000000000000000019000C0000000000000000000000000000000C06
:2009C0000000000000000000000000000000000C0000000000000000000000000000190CE6
:2009E0000000000000000000000000000000190C0000000000000000000000000000190CAD
:200A00000000000000000000000000000000000C0000000000000000000000000000000CBE
:200A20000000000000000000000000000000000C0000000000000000000000000019000C85
:200A40000000000000000000000000000019000C0000000000000000000000000019000C4C
:200A60000000000000000000000000000000000C0000000000000000000000000000000C5E
:200A80000000000000000000000000000000000C0000000000000000000000001900000C25
:200AA0000000000000000000000000001900000C0000000000000000000000001900000CEC
:200AC0000000000000000000000000000000000C0000000000000000000000000000000CFE
:200AE0000000000000000000000000000019000C0000000000000000000000000019000CAC
:200B00000000000000000000000000000019000C0000000000000000000000000000000CA4
:200B20000000000000000000000000000000000C0000000000000000000000190000000C84
:200B40000000000000000000000000190000000C0000000000000000000000190000000C4B
:200B60000000000000000000000000000000000C0000000000000000000000000000000C5D
:200B80000000000000000000000000111900000C000000000000000000EEEF111900000C0C
:200BA0000000000000000000000000111900000C0000000000000000000000000000000CF3
:200BC0000000000000000000000000000000000C0000000000000000000000190000000CE4
:200BE0000000000000000000000000190000000C0000000000000000000000190000000CAB
:200C00000000000000000000000000000000000C0000000000000000000000000000000CBC
:200C20000000000000000000000000000019000C0000000000000000000000000019000C6A
:200C40000000000000000000000000000019000C0000000000000000000000000000000C63
:200C60000000000000000000000000000000000C00000000000000000000000025242424D7
:200C8000000000000000000000000000212F2F2F000000000000000000000000212F2F2FF8
:200CA000000000000000000000000035212F2F2F000000000000000000000011212F2F2F92
:200CC000000000000000000000000011262222220000000000000000000000000000000C6B
:200CE0000000000000000000000000000000000C0000000000000000000000000000000CDC
:200D00000000000000000000000000000000001600000000000000000000000000000016A7
:200D20000000000000000000000000000000000C0000000000000000000000000000000C9B
:200D40000000000000000000000000000000000C0000000000000000000000000000001671
:200D6000000000000000000000000000000000160000000000000000000000000000000C51
:200D80000000000000000000000000000000000C0000000000000000000000000000000C3B
:200DA0000000000000000000000000000000190C0000000000000000000000000000190CE9
:200DC0000000000000000000000000000000000C0000000000000000000000000000000CFB
:200DE0000000000000000000000010001000000C0000000000000000000000000000000CBB
:200E00000000000000000000000000000000000C0000000000000000000000000019000CA1
:200E20000000000000000000000000000019000C0000000000000000000000000000000C81
:200E40000000000000000000000000000000000C0000000000000000000000000000190C61
:200E60000000000000000000000000000000190C0000000000000000000000000000000C41
:200E80000000000000000000000000000000000C0000000000000000000010001000000C1A
:200EA0000000000000000000000000000000000C0000000000000000000000000000000C1A
:200EC0000000000000000000000000000019000C0000000000000000000000000019000CC8
:200EE0000000000000000000000000000000000C0000000000000000000000000000000CDA
:200F00000000000000000000000000000000000C000000000000000000000000302D2D2D0E
:200F20000000000000000000000000000000000C0000000000000000000000000000000C99
:200F400000000000000000000000000000302D2D0000000000000000000000000000000CFB
:200F60000000000000000000000000000000000C0000000000000000000000000000000C59
:200F8000000000000000000000000000302D2D2D0000000000000000000000000000000C8E
:200FA0000000000000000000000000000000000C00000000000000000000340011302D2D56
:200FC0000000000000000000000000000000000C0000000000000000000000000000000CF9
:200FE0000000000000000000000000000000000C000000000000000000000000252D2D2D39
:201000000000000000000000000000002E00000C000000000000000000000000262D2D2DE9
:201020000000000000000000000000000000000C0000000000000000000000000000000C98
:201040000000000000000000000000000000000C0000000000000000000000302D2D2D2DA0
:201060000000000000000000000000000000000C0000000000000000000000000000000C58
:20108000000000000000000000000000302D2D2D0000000000000000000000000000000C8D
:2010A0000000000000000000000000000000000C0000000000000000000000000000000C18
:2010C0000000000000000000000000302D2D2D2D0000000000000000000000000000000C20
:2010E0000000000000000000000000000000000C000000000000000000000000302D2D2D2D
:201100000000000000000000000000000000000C0000000000000000000000000000000CB7
:201120000000000000000000000000000000000C0000000000000000000000000000000C97
:2011400000000000000000000000000000302D2D0000000000000000000000000000000CF9
:201160000000000000000000000000000000000C00000000000000000000000000252424F6
:2011800000000000000000000000000000212F2F00000000000000000000000000262A2F51
:2011A0000000000000000000000000000000212F0000000000000000000000000000212F8F
:2011C0000000000000000000000000000000212F0000000000000000000000111900212F45
:2011E0000000000000000000000000111900212F0000000000000000000000111900212FFB
:201200000000000000000000000000000000212F0000000000000000000000000000212F2E
:201220000000000000000000000000000000212F0000000000000000000000000000212F0E
:201240000000000000000000000000000025292F00000000000000000000000000212F2F92
:20126000000000000000000000000000002622220000000000000000000000000000000CF8
:201280000000000000000000000000000000000C0000000000000000000000000000000C36
:2012A0000000000000000000000000000019000C0000000000000000000000000000000CFD
:2012C0000000000000000000000000000000000C0000000000000000001000100000000CD6
:2012E0000000000000000000000000000000000C0000000000000000000000000000000CD6
:201300000000000000000000000000000000000C0000000000000000000000000019000C9C
:201320000000000000000000000000000000000C0000000000000000000000000000000C95
:201340000000000000000000001000100000000C0000000000000000000000000000000C55
:201360000000000000000000000000000000000C0000000000000000000000001900000C3C
:201380000000000000000000000000000000000C0000000000000000000000000000000C35
:2013A0000000000000000000000000000019000C00000000000000000000000000000011F7
:2013C0000000000000000000000000000000001100000000000000000000000000000011EB
:2013E0000000000000000000000000000000000000000000000000000000000000000000ED
:20140000000000000000000000000000000000350000000000000000000000000000001186
:2014200000000000000000000000000000000011000000000000000000000000000000118A
:2014400000000000000000000000000000000011000000000000000000000000000000007B
:2014600000000000000000000000000000000000000000000000000000000000000000006C
:20148000000000000000000000000000000000120000000000000000000000000000001129
:2014A00000000000000000000000000000000010000000000000000000000000000000110B
:2014C0000000000000000000000000000000001100000000000000000000000000000012E9
:2014E0000000000000000000000000000000000000000000000000000000000000000000EC
:201500000000000000000000000000000000000000000000000000000000000000000000CB
:201520000000000000000000000000000000000000000000000000000000000000000000AB
:20154000000000000000000000000000000000120000000000000000000000000034001134
:20156000000000000000000000000000000000110000000000000000000000000000001149
:201580000000000000000000000000000000001100000000000000000000000000340011F5
:2015A000000000000000000000000000000000110000000000000000000000000000001109
:2015C0000000000000000000000000000000001200000000000000000000000000000000F9
:2015E0000000000000000000000000000000000000000000000000000000000000000000EB
:201600000000000000000000000000000000000000000000000000000000000000000000CA
:201620000000000000000000000000000000000000000000000000000000000000000000AA
:2016400000000000000000000000000000000000000000000000000000000000000000008A
:2016600000000000000000000000000000000000000000000000000000000000000000006A
:2016800000000000000000000000000000000000000000000000000000000000000000004A
:2016A00000000000000000000000000000000000000000000000000000000000000000002A
:2016C00000000000000000000000000000000000000000000000000000000000000000000A
:2016E0000000000000000000000000000000000000000000000000000000000000000000EA
:201700000000000000000000000000000000000000000000000000000000000000000000C9
:201720000000000000000000000000000000000000000000000000000000000000000000A9
:20174000000000000000000000000000000000000000000000000000000000000000000089
:20176000000000000000000000000000000000000000000000000000000000000000000069
:20178000000000000000000000000000000000000000000000000000000000000000001930
:2017A0000000000000000000000000000000000C0000000000000000000000000000000C11
:2017C0000000000000000000000000000019000C0000000000000000000000000000000CD8
:2017E0000000000000000000000000000000000C0000000000000000000000190000000CB8
:201800000000000000000000000000000000000C0000000000000000000000000000000CB0
:201820000000000000000000001900000000000C0000000000000000000000000000000C77
:201840000000000000000000111900000000000C0000000000000000000000000000000C46
:201860000000000000000000001900000000000C0000000000000000000000000000000C37
:201880000000000000000000000000000000000C0000000000000000000019000000000C17
:2018A0000000000000000000000000000000000C0000000000000000000000000000000C10
:2018C0000000000000000000000000000000000C0000000000000000001900000000000CD7
:2018E0000000000000000000000000000000000C0000000000000000000000000000000CD0
:201900000000000000000000000000000000000C0000000000000000000000000000000CAF
:201920000000000000000000000019000000000C0000000000000000000019000000000C5D
:201940000000000000000000000000000000000C0000000000001000100000000000000C4F
:201960000000000000000000000000000000000C0000000000000000000000000000000C4F
:201980000000000000000000000019000000000C0000000000000000000000000000000C16
:2019A0000000000000000000000000000000000C0000000000001000100000000000000CEF
:2019C0000000000000000000000000000000000C0000000000000000000000000000000CEF
:2019E0000000000000000000000019000000000C0000000000000000000000000000000CB6
:201A00000000000000000000000000000000000C0000000000000000000000190000000C95
:201A20000000000000000000000000000000000C0000000000000000000000000000000C8E
:201A40000000000000000000000000000000000C0000000000000000000019000000000C55
:201A60000000000000000000000000000000000C0000000000000000000000000000000C4E
:201A80000000000000000000000000190000000C0000000000000000000000000000000C15
:201AA0000000000000000000000000000000000C0000000000000000000000000000000C0E
:201AC0000000000000000000000019000000000C0000000000000000000000000000000CD5
:201AE0000000000000000000000000000000000C0000000000000000000000000000000CCE
:201B00000000000000000000001900000000000C0000000000000000000000000000000C94
:201B20000000000000000000000000000000000C0000000000000019000000000000000C74
:201B40000000000000000000000000000000000C0000000000000000000000000000000C6D
:201B60000000000000190000000000000000000C0000000000000000000000000000000C34
:201B80000000000000000000000000000000000C0000000000001900000000000000000C14
:201BA0000000000000000000000000000000000C0000000000000000000000000000000C0D
:201BC0000000100010000000000000000000000C0000000000000000000000000000000CCD
:201BE0000000000000000000000000000000000C0000000000000019000000000000000CB4
:201C00000000000000000000000000000000000C0000000000000000000000000000000CAC
:201C20000000000000000000190000000000000C0000000000000000000000000000000C73
:201C40000000000000000000000000000000000C0000000000000000001900000000000C53
:201C60000000000000000000000000000000000C0000000000000000000000000000000C4C
:201C80000000000000100019000000000000000C0000000000000019000000000000000CEA
:201CA0000000000000000019000000000000000C0000000000001119000000000000000CC9
:201CC0000000000000000000000000000000000C0000001000190000000000000000000CC3
:201CE0000000000000190000000000000000000C0000000000190000000000000000000C9A
:201D00000000000011190000000000000000000C0000000000000000000000000000000C81
:201D20000000000000000000000000000000000C0000000000001900000000000000000C72
:201D40000000000000000000000000000000000C0000000000000000000000000000000C6B
:201D60000000000000000019000000000000000C0000000000000000000000000000000C32
:201D80000000000000000000000000000000000C0000000000000000000000000000000C2B
:201DA0000000000000001900000000000000000C0000000000000000000000000000000CF2
:201DC0000000000000000000000000000000000C0000000000000019000000000000000CD2
:201DE0000000000000000000000000000000000C0000000000000000000000000000000CCB
:201E00000000000000000000000000000000000C0000000000001900000000000000000C91
:201E20000000000000000000000000000000000C0000000000000000000000000000000C8A
:201E40000000000000000019000000000000000C0000000000000000000000000000000C51
:201E60000000000000000000000000000000000C0000000000000000190000000000000C31
:201E80000000000000000000000000000000000C0000000000000000000000000000000C2A
:201EA0000000000000000000001900000000000C0000000000000000000000000000000CF1
:201EC0000000000000000000000000000000000C0000000000000000000000000000000CEA
:201EE00000000000101B0000001900000000000C00000000101B0000001900000000000C42
:201F000000000000101B0000351900000000000C00000000101B0000000000000000000C05
:201F200000000000101B0000000000000000000C00000000101B0000001900000000000C1A
:201F400000000000101B0000001900000000000C00000000101B0000351900000000000CAC
:201F600000000000101B0000000000000000000C00000000101B0000000000000000000CF3
:201F800000000000101B0000001900000000000C00000000101B0000001900000000000CA1
:201FA00000000000101B0000351900000000000C0000000000000000000000000000000C90
:201FC0000000000000000000000000000000000C0000000000000000000019000000000CD0
:201FE0000000000000000000000019000000000C0000000000000000000019000000000C97
:202000000000000000000000000000000000000C0000000000000000000000000000000CA8
:202020000000000000000000000000000000000C0000000000000000000000190000000C6F
:202040000000000000000000000000190000000C0000000000000000000000190000000C36
:202060000000000000000000000000000000000C0000000000000000000000000000000C48
:202080000000000000000000000000000000000C0000000000000000000000001900000C0F
:2020A0000000000000000000000000001900000C0000000000000000001010001900000CB6
:2020C0000000000000000000000000000000000C0000000000000000000000000000000CE8
:2020E0000000000000000000000000000019000C00000000000000000000000000000011AA
:2021000000000000000000000000000000000011000000000000000000000000000000119D
:2021200000000000000000000000000000000011000000000000000000000000000000008E
:2021400000000000000000000000000000000000000000000000000000000000000000007F
:2021600000000000000000000000000000000000000000000000000000000000000000005F
:2021800000000000000000000000000000000000000000000000000000000000000000003F
:2021A00000000000000000000000000000000000000000000000000000000000000000001F
:2021C0000000000000000000000000000000000000000000000000000000000000000000FF
:2021E0000000000000000000000000000000000000000000000000000000001C1C1C1C1C53
:2022000000000000000000000000001010101010000000000000000000000000000000006E
:2022200000000000000000000000000000000000000000000000000000000000000000009E
:2022400000000000000000000000000000000000000000000000000000000000000000007E
:20226000000000000000000000000000000000001C1C1C1C1C1C1C1C1C1C00000000000046
:2022800010101010101010101010000000000000000000000000000000000000000000009E
:2022A00000000000000000000000000000000000000000000000000000000000000000001E
:2022C0000000000000000000000000000000000000000000000000000000000000000000FE
:2022E000000000000000000000000000000000001C1C1C1C1C1C1C1C1C1C1C1C1C00000072
:202300001010101010101010101010101000000000000000000000000000000000000000ED
:2023200000000000000000000000000000000000000000000000000000000000000000009D
:2023400000000000000000000000000000000000000000000000000000000000000000007D
:2023600000000000000000000000000000000000000000000000000000000000000000005D
:2023800000000000000000000000000000000000000000000000000000000000000000003D
:2023A0000000000000000000000000001C1C1C1C000000000000000000000000101010106D
:2023C0000000000000000000000000000000000000000000000000000000000000000000FD
:2023E000000000000000000000001C1C1C1C1C1C00000000000000000000101010101010D5
:202400000000000000000000000000000000000000000000000000000000000000000000BC
:2024200000000000000000000000000000000000000000000000000000000000000000009C
:2024400000000000000000000000000000000000000000000000000000000000000000007C
:2024600000000000000000000000000000000000000000000000000000000000000000005C
:2024800000000000000000000000000000000000000000000000000000000000000000003C
:2024A0001C1C1C1C1C1C1C1C1C1C1C1C00000000101010101010101010101010000000000C
:2024C0000000000000000000000000000000000000000000000000000000000000000000FC
:2024E0000000000000000000000000000000000000000000000000000000000000000000DC
:202500000000000000000000000000000000000000000000000000000000000000000000BB
:2025200000000000000000000000000000000000000000000000000000000000000000009B
:20254000000000000000000000000000000000001C1C1C1C1C1C1C1C1C1C0000001C1C1C0F
:2025600010101010101010101010000000101010000000000000000000000000000000008B
:2025800000000000000000000000000000000000000000000000000000000000000000003B
:2025A00000000000000000000000000000000000000000000000000000000000000000001B
:2025C0000000000000000000000000000000000000000000000000000000000000000000FB
:2025E0000000000000000000000000000000000000000000000000000000000000000000DB
:20260000000000000000000000000000000000190000000000000000000000000000001889
:2026200000000000000000000000000000000018000000000000000000000000000000186A
:20264000000000000000000000000000000019180000000000000000000000000000001831
:2026600000000000000000000000000000000018000000000000000000000000000000182A
:202680000000000000000000000000000019001800000000000000000000000000000018F1
:2026A0000000000000000000000000000000001800000000000000000000000000001918D1
:2026C0000000000000000000000000000000001800000000000000000000000000000018CA
:2026E00000000000000000001000000000000018000000000000000010000000000000188A
:20270000000000000000000010000000000000180000000000000000100000000000001869
:20272000000000000000000010000000000000180000000000000000101B0000000000182E
:20274000000000000000000010000000000000180000000000000000100000000000001829
:20276000000000000000000010000000000000180000000000000000100000000000001809
:20278000000000000000000010000000000000180000000000000000101B000000000018CE
:2027A0000000000000000000101B00000000001800000000000000001000000000000018AE
:2027C0000000000000000000100000000000001100000000000000001000000000000000C8
:2027E0000000000000000000100000000000000000000000000000001000000000000000B9
:202800000000000000000000101C1C1C1C00000000000000000000001010101010000000E8
:20282000000000000000000000000000000000110000000000000000252D2D2D3200302D4C
:2028400000000000000000002E0000000000001100000000000000002E000000000000000B
:2028600000000000000000002E0000000000000000000000000000002E00000000000000FC
:2028800000000000000000002E0000000000000000000000000000002E00000000000000DC
:2028A00000000000000000002E000000000000110000000000000000262D2D2D3200302D9D
:2028C0000000000000000000000010000000001100000000000000000000100000000000C7
:2028E0000000000000000000000010000000000000000000000000000000100000000000B8
:20290000000000000000000000001000000000180000000000000000000010000000001867
:20292000000000000000000000001000000000180000000000000000000010000000001847
:20294000000000000000000000001000000000180000000000000000000010170000001810
:202960000000000000000000000010100000001800000000000000000000101000000018E7
:202980000000000000000000000010100000001800000000000000000000101000000018C7
:2029A0000000000000000000000010100000001800000000000000000000101000000018A7
:2029C0000000000000000000000000000000000024242424242424242424242424242424B7
:2029E0002F2F2F2F2F2F2F2F2F2F2F2F2F2F2F2F2F2F2F2F2F2F2F2F2F2F2F2F2F2F2F2FF7
:202A00002F2F2F2F2F2F2F2F2F2F2F2F2F2F2F2F2F2F2F2F2F2F2F2F2F2F2F2F2F2F2F2FD6
:102A20002F2F2F2F2F2F2F2F2F2F2F2F2F2F2F2FB6
:020000040009F1
:20C00000000000000000000000000000000000000000000000000000000000000000000020
:20C02000000000000000000000000000000000000000000000000000000000000000000000
:20C040000000000000000000000000000000000000000000000000000000000000000000E0
:20C060000000000000000000000000000000000000000000000000000000000000000000C0
:20C080000000000000000000000000000000000000000000000000000000000000000000A0
:20C0A000000000000000000000000000000000000000000000000000000000000000000080
:20C0C000000000000000000000000000000000000000000000000000000000000000000060
:20C0E000000000000000000000000000000000000000000000000000000000000000000040
:20C1000000000000000000000000000000000000000000000000000000000000000000110E
:20C12000000000000000000000000000000000110000000000000000000000000000003CB2
:20C140000000000000000000000000000000003D0000000000000000000000000000353D30
:20C160000000000000000000000000000000113E000000000000000000000000000000125E
:20C180000000000000000000001C1C1C00000000000000000000000000101010000000001B
:20C1A000000000000000000000000000000000350000000000000000000000000000001139
:20C1C000000000000000000000000000000000110000000000000000000000000000800CC2
:20C1E00000000000000000000000000000190084000000000000000000000000000000861C
:20C200000000000000000000000000001110800C00000000000000000000000000000084ED
:20C220000000000000000000000000000000800C00000000000000000300000000000086E9
:20C240000000000000000000030000780000800C0000000000000000030000000000008450
:20C260000000000000000000000000000000800C0000000000000000101B00000000008483
:20C28000000000000000000000000000000000860000000000000000000300007800800C11
:20C2A00000000000000000000000000000000084000000000000000000101B000000005C73
:20C2C000000000000000000000000000000000860000000000000000000003000078800CD1
:20C2E0000000000000000000000000000000008400000000000000000000101B000000117E
:20C3000000000000000000000000000000000000000000000000000000000000000000001D
:20C320000000000000000000000000000000000000000000000000000000000000000000FD
:20C3400000000000000000000000101B0000001100000000000000000000101B0000001165
:20C360000000000000000000000000000000000000000000000000000000000000000000BD
:20C380000000000000000000000000000000000000000000000000000000101B0000001161
:20C3A00000000000000000000000101B000000110000000000000000000000000000000041
:20C3C0000000000000000000000000000000000000000000000000000000000000101B0032
:20C3E00000000000000000000000000000101B000000000000000000000000000000000012
:20C400000000000000000000000000000000000000000000000000000000101B00000011E0
:20C4200000000000000000000000101B0000001100000000000000000000000000000000C0
:20C440000000000000000000000000000000000000000000000000000000000000000000DC
:20C4600000000000000000000000101B000012100000000000000000000000000000005C13
:20C480000000000000000000000000000000340C00000000000000000000000000000084D8
:20C4A0000000000000000000000000000000800C00000000000000000000000000000012DE
:20C4C000000000000000000000101B00000000000000000000000000000000000000000031
:20C4E00006060606060606052424321E0078000006060606060606052F271E00000000005A
:20C500000202020202020201231E0078000000000606060606060605231E000000000000E3
:20C520000606060606060605231E00000000001F0606060606060605231E000000001225C5
:20C540000202020202020201231E0000000012260606060606060605231E00000000001DC6
:20C560000606060606060605231E0000005400860606060606060605231E00000056800C1F
:20C5800002020202020202012F281E000000008406060606060606052222321E0000545C20
:20C5A00006060606060606051D1D1D00000055860606060606060605870000000000560C02
:20C5C00002020202020202010D810000001F1F1F06060606060606058500000012302D2D11
:20C5E000060606060606060587000000001D1D1D06060606060606050D8100000000800CE5
:20C600000202020202020201850000000034008406060606060606055D00000000000086BC
:20C620000606060606060605870000000000800C06060606060606050D8100340000008443
:20C640000202020202020201850000000000008606060606060606055D0000001F1F1F1FB8
:20C6600006060606060606050D340012302D2D2D0606060606060605850000001D1D1D1D59
:20C680000202020202020201870000000000800C06060606060606050D81000000355484AE
:20C6A0000606060606060605850000000035565C0606060606060605870000000000800C9D
:20C6C00002020202020202010D810000001F1F1F06060606060606058500003412302D2DDC
:20C6E00006060606060606055D000000001D1D1D060606060606060587000000000000861B
:20C7000002020202020202010D8100000000800C0606060606060605850000540000008464
:20C7200006060606060606050D810055000000860606060606060605850000560000800CCB
:20C740000202020202020201870000000000008406060606060606050D8100000000800C76
:20C760000606060606060605850000EEEF0000840606060606060605870000001F1F1F1F72
:20C7800002020202020202010D810012302D2D2D0606060606060605850000001D1D1D1D0B
:20C7A0000606060606060605870000000000800C06060606060606051F1F1F000000008427
:20C7C00002020202020202012D2D321E0000800C06060606060606051D1D1D00000000840A
:20C7E0000606060606060605870000000000800C06060606060606050D81000000001F1FFC
:20C800000202020202020201850000000012302D06060606060606055D00000000001D1D4F
:20C8200006060606060606050D8100000000800C0606060606060605850000000000548423
:20C8400002020202020202010D815E0000005584060606060606060585184F170000555C21
:20C8600006060606060606050D815F00000056860606060606060605855800000000800C28
:20C88000020202020202020187590000005E008406060606060606050D590000184F17862E
:20C8A0000606060606060605855A0000005F800C06060606060606050D81000000005484EA
:20C8C000020202020202020185005E000000555C060606060606060587184F170000560C1F
:20C8E00006060606060606050D815F0000000084060606060606060585581E000000003C32
:20C90000020202020202020187591E000000003D06060606060606050D5A1E000000003EDB
:20C9200006060606060606058500000000005E5C06060606060606050D81000000184F82E3
:20C9400002020202020202018500000000005F84060606060606060587000000302D242405
:20C9600006060606060606050D8100000078262A06060606060606058500000000007826E0
:20C9800002020202020202011F1F0000000000860606060606052424242878000000800C09
:20C9A0000606060606052F2F2F2C2800000000840606060606052F2F2F2F23000000800C61
:20C9C0000202020202012F2F2F2B2700000000840606060606052F2F2B2778000000800C12
:20C9E0000606060606052F2B27780000000000840606060606052B2778000000000078250D
:20CA0000020202020201277800000000007825290606060606058700000000007825292F07
:20CA20000606060606050D810000000011212F2F06060606060585005E00000078212F2FB8
:20CA40000202020202015D184F17000011212F2F06060606060587005F00000078212F2F60
:20CA60000606060606050D810000000011212F2F06060606060585000000000078262A2FD6
:20CA80000202020202012878000000000078262A0606060606052C28780000000000782696
:20CAA0000606060606052F2C28780000000000780606060606052F2F2C287800000000860D
:20CAC0000202020202012F2F2F231B000000800C0606060606052F2F2F2378005E000084C7
:20CAE0000606060606052F2F2F231B184F17800C0606060606052F2F2F2378005F00008410
:20CB00000202020202012F2F2F231B000000800C0606060606052F2F2F23780000000084E4
:20CB20000606060606052F2F2F231B00000000860606060606052F2F2F23780000005E0CCC
:20CB40000202020202012F2F2F231B0000184F820606060606052F2F2F23780000005F0C60
:20CB60000606060606052F2F2F231B000000800C0606060606052F2F2B277800000000846C
:20CB80000202020202012F2B27780000000078250606060606052B27780000000078252941
:20CBA000060606060605231B000000007825292F06060606060523780000007825292F2F3D
:20CBC000020202020201231B00000011212F2F2F060606060605237800000078212F2F2F69
:20CBE000060606060605231B00000011212F2F2F060606060605237800000078212F2F2F31
:20CC0000020202020201231B00000011212F2F2F060606060605237800000078262A2F2F28
:20CC2000060606060605231B0000000078262A2F0606060606052C28780000000078262AE5
:20CC40000202020202012F2C28780000000078260606060606052F2F2C287800000000865D
:20CC60000606060606052F2F2F231B000000800C0606060606052F2F2F23785E000000840D
:20CC80000202020202012F2F2F231B4F1700005C0606060606052F2F2F23785F0000800CC6
:20CCA0000606060606052F2F2F231B00000000840606060606052F2F2F2378000000005E59
:20CCC0000202020202012F2F2F231B000000184F0606060606052F2F2F2378000000005F6D
:20CCE0000606060606052F2F2F231B00000000860606060606052F2F2F2378000000800CE9
:20CD00000202020202012F2F2F231B5E000000840606060606052F2F2F23784F1700005C4E
:20CD20000606060606052F2F2F231B5F0000800C0606060606052F2F2B277800000000844B
:20CD40000202020202012F2F23780000000000250606060606052F2F231E0000000025299A
:20CD60000606060606052F2F237800007825292F0606060606052F2F231E000012212F2F4F
:20CD80000202020202012F2F2378000078212F2F0606060606052F2F231E000012212F2F45
:20CDA0000606060606052F2F2378000078212F2F0606060606052F2F231E000012212F2F0D
:20CDC0000202020202012F2F2378000078212F2F0606060606052F2F231E000012212F2F05
:20CDE0000606060606052F2F2378000078212F2F0606060606052F2F231E000012212F2FCD
:20CE00000202020202012F2F2378000078212F2F0606060606052F2F231E000012212F2FC4
:20CE20000606060606052F2F2378000078212F2F0606060606052F2F231E000012212F2F8C
:20CE4000020202020201222227000000002622220000000000000000000000000000005C96
:20CE6000000000000000000000000000000010240000000000000000000000000000102F3F
:20CE80000000000000000000000000000000102F0000000000000000101B000000111022E5
:20CEA0000000000000000000000000000000800C0000000000000000000000000000008462
:20CEC000000000000000000000000000000035100000000000000000000000000000008687
:20CEE0002424242424242424100000000000800C22222222222222221000000000000084D2
:20CF00000000000000000000000000000000005C0000000000000000101B00000000008604
:20CF20002D2D2D2D2D2D2D2D2D2D10000000800C000000000000000000000000000000840F
:20CF400000000000000000000000101B000000112D2D2D2D2D2D2D2D2D2D2D2D1000001158
:20CF600000000000000000000000000000000011000000000000101B0000000000000086EF
:20CF8000000000000000101B000000000000800C000000000000101B00000000000000842B
:20CFA000000000000000101B0000000000001024000000000000101B000000000000102FA8
:20CFC000000000000000101B0000000000001022000000000000101B000000000000800C3D
:20CFE000000000000000101B000000000000008400000000000000000000000000102D2D18
:20D000000000000000000000000000000000005C00000000000000000000101B0000102455
:20D02000000000000000000000000000000010220000000000000000000000000000800C32
:20D040000000000000000000000000000000008400000000000000000000000000102D2DE2
:20D060000000000000000000000000000000800C00000000000000000000101B00001024C5
:20D080000000000000000000000000000000102F000000000000000000000000001110220E
:20D0A0000000000000000000000000000000800C000000000000000000000035102D2D2D18
:20D0C000000000000000000000000000000000860000000000000000000000000000800C3E
:20D0E000000000000000000000000000000000840000000000000000000000111000800CFF
:20D10000000000000000000000340011100000840000000000000000000000111000800C89
:20D12000000000000000000000000011100000840000000000000000000000000000005CEE
:20D14000000000000000000034000000000000860000000000000000000000000000800C89
:20D160000000000000000000000000000000008400000000001C1C1C000000000000005C7B
:20D1800000000000001010101B0000000000800C00000000000000101B00340000000084D5
:20D1A00000000000000000101B0000000000008600000000000000101B0000000000800C07
:20D1C00000000000000000101B000000000000840000000000000000000000000000005C44
:20D1E000000000000000000000000000000000860000000000000000000000000000800C1D
:20D20000000000000000000000000000000000840000000000000000000000000000005C2E
:20D22000000000000000000000000000000035100000000000000000000000000000005C4D
:20D24000000000000000000000000000000000860000000000000000000000000000800CBC
:20D26000000000000000000000000000351000840000000000000000001036000000785CCB
:20D280000000000000000000780000003510800C0000000000000000001036000000788403
:20D2A000000000000000000078000000351000860000000000000000001036000000780C61
:20D2C000000000000000000078000000351000840000000000000000001036000000780C43
:20D2E000000000000000000078000000351000840000000000000000001036000000780C23
:20D30000020202020201000000000000351000840606060606050000000000000000008690
:20D320000606060606058700000000000000800C0606060606050D81000000000000008482
:20D34000020202020201850000000000000000860606060606055D00000000000000800CAB
:20D36000060606060605870000000000000000840606060606050D81000000000000800C42
:20D38000020202020201850000000000000000840606060606055D00000000000000800C6D
:20D3A0000606060606050D8100001C1C000000840606060606058500001130321B00005C6E
:20D3C0000202020202010D8100001A1A0000800C06060606060585000000000000000084C8
:20D3E0000606060606050D8100000000000000860606060606058500000000000000800CC2
:20D400000202020202010D8100000000001C1C840606060606058500000000001130321B81
:20D420000606060606055D0000000000001A1A0C06060606060587000000000000000084FE
:20D440000202020202010D81000000000000005C06060606060585001C1C00000000800C6B
:20D460000606060606050D1130321B000000008406060606060585001A1A00000000800C02
:20D480000202020202010D8100000000000000840606060606058500000000000000008641
:20D4A000060606060605870000000000001C1C0C0606060606050D81000000001130321B3F
:20D4C000020202020201850000000000001A1A860606060606050D811C0000000000800CA9
:20D4E0000606060606058511201B0000000000840606060606050D811A0000000000800C5D
:20D500000202020202018500000000000000008406060606060587000000000000000086C7
:20D520000606060606050D810000001C1C00800C060606060605850000001130321B0084BC
:20D5400002020202020187000000001A1A00005C0606060606050D81000000000000008672
:20D560000606060606058500000000000000800C0606060606058700000000000000008449
:20D580000202020202012D321B0000000011302D0606060606058700000000000000800C62
:20D5A0000606060606050D81000000000000008406060606060585000000000000351086C3
:20D5C0000202020202015D10360000000000800C0606060606050D810000000000000084DC
:20D5E0000606060606058500000000000035105C0606060606058700000000000000005CDC
:20D600000202020202010D8100000000000000860606060606058500103600000000800C71
:20D620000606060606050D8100000000351000840606060606058500000000000000005C6C
:20D640000202020202010D00000000000000800C06060606060585103600000000000084B4
:20D660000606060606058700000000000035100C0606060606050D8100000000000000847A
:20D680000202020202018500103600000000005C0606060606055D00000000000000800C4C
:20D6A0000606060606050D810000000000351084060606060605850010360000000000867C
:20D6C0000202020202018700000000000000800C0606060606050D810000000000000084F7
:20D6E0000606060606058500000000003510005C0606060606050D810000000000000086AA
:20D700000202020202018510360000000000800C0606060606050D81000000000000008472
:20D720000606060606058500000000000035105C0606060606050D81000000000000008669
:20D740000202020202018500103600000000800C0606060606055D00000000000000008463
:20D760000606060606058700000000000035100C0606060606050D103600000000000084B4
:20D780000202020202018500000000000000800C0606060606050D810000000035100084F3
:20D7A0000606060606058500000000000000800C0606060606050D1036000000000000843B
:20D7C0000202020202018500000000000035100C0606060606055D00000000000000008464
:20D7E0000606060606052D321B0000000011302D06060606060587000000000000000086EE
:20D800000202020202010D81000000000000800C060606060605851036000000003510842C
:20D820000606060606055D00000000000000800C0606060606050D810000000000000084A7
:20D8400002020202020185001C000000000000860606060606050D11201B00000000800C8E
:20D8600006060606060585001A000000003510840606060606055D00000000000000008617
:20D880000202020202018700000000000000800C0606060606050D10360000000000008470
:20D8A000060606060605850000000000000000860606060606050D81000000003510800CB8
:20D8C00002020202020185000000000000000084060606060605870000000000001C00006E
:20D8E0000606060606050D810000000011201B0C060606060605851036000000001A008493
:20D900000202020202015D00000000000000800C06060606060587000000000035100084A0
:20D920000606060606050D8100000000000000860606060606058500000000000000800C7C
:20D94000020202020201871036000000000000840606060606050D811C0000000035100C4D
:20D960000606060606058511201B00000000008406060606060587001A00000000000086E5
:20D980000202020202010D81000000000000800C06060606060585001036000000000084F0
:20D9A0000606060606050D81000000003510800C06060606060585000000000000000084B9
:20D9C0000202020202010D81000000001C00800C060606060605850000000011201B00848E
:20D9E0000606060606055D00000000001A0000860606060606050D81000000000000800CCA
:20DA0000020202020201850000000000003510840606060606058700103600000000008637
:20DA20000606060606050D81000000000000800C060606060605850000000000000000847D
:20DA400002020202020124281B000000001125240606060606052F23000000000000212F35
:20DA60000606060606052B27360000000035212F0606060606052300000000000000212FE0
:20DA8000020202020201231B000000001125292F06060606060523000000000000212F2FEA
:20DAA00006060606060523360000000035212F2F06060606060523000000000000212F2F71
:20DAC000020202020201231B0000000011262A2F0606060606052300000000000000212FD7
:20DAE0000606060606052C28360000000035262A0606060606052F2300000000000000215E
:20DB00000202020202012F2C281B0000000011210606060606052F2F230000000000002165
:20DB20000606060606052F2F23360000000035210606060606052F2F2300000000000021F0
:20DB40000202020202012F2B271B0000000011210606060606052F23000000000000002156
:20DB60000606060606052B2736000000003525290606060606052300000000000000213BD5
:20DB8000020202020201231B000000001130293B0606060606052300000000000000213BF5
:20DBA0000606060606052C32360000000035213B0606060606052300000000000000213B7B
:20DBC000020202020201231B00000000002F2F3B060606060605230000000000002F2F3B84
:20DBE000060606060605273600000000352F2F3B06060606060587000000000000212F3BA2
:20DC00000202020202010D810000001130292F3B06060606060585000000000000212F3B64
:20DC200006060606060517000000003530292F3B06060606060587000000000000212F3B7D
:20DC40000202020202010D810000001130292F3B06060606060585000000000000212F3B24
:20DC6000060606060605283600000000352F2F3B060606060605230000000000002F2F3B76
:20DC8000020202020201231B00000000002F2F3B0606060606052300000000000000213B00
:20DCA0000606060606052C281B0000000000213B0606060606052223000000000025293B85
:20DCC0000000000000000045480000000045444400000000000000414300000000414F4F87
:20DCE00000000000000000414300000000464A4F0000000000000041431B00000000464A92
:20DD000000000000000000464C481B00000000410000000000000000464C481B0000004197
:20DD200000000000000000000041431E0000AE4100000000000000000041431E000011415E
:20DD400000000000000000000046471E000011410000000000000000101B000000355042D4
:20DD6000000000000000000000FE0000000000860000000000000000005300000000800C40
:20DD80000000000000000000004E0000000000840000000000000000005136000011100CFD
:20DDA000000000000000000000000000001110840000000000000000530000000011100C3E
:20DDC00000000000000000004E0000000011108400000000000000004E0000000000800C76
:20DDE000000000000000000051360000000000840000000000000000000000000000504D7B
:20DE000000000000000000101B0000000000005C00000000000000101B00000000000086CA
:20DE200000000000000000101B0000000000800C00000000000000000000000000000084A7
:20DE40000000000000000000000000000000504D000000000000000000000000000000869F
:20DE60000000000000000000000000000000800C0000000000000000000000000000008492
:20DE800000000000000000000000000035504D4D000000000000000053000000000000868A
:20DEA00000000000000000004E0000000000800C00000000000000004E00000000000084B6
:20DEC00000000000000000004E0011100000008600000000000000004E0011100000800C52
:20DEE00000000000000000004E0000000000008400000000000000004E000000000000867C
:20DF000000000000000000004EBF00000000800C00000000000000004E1B0000000000847B
:20DF20000000000000000000465236000000005C0000000000000000000000000000004572
:20DF400000000000000000000000000000000041000000000000000000000000101B004114
:20DF60000034000000000000000000000000004100000000000000000000000000003541B6
:20DF80000000000000000000000000000000114100000000000000000000000000001141DD
:20DFA00000000000000000000000000000001146000000000000000000000000E800005CC6
:20DFC000000000000000000000000000E90000860000000000000000000000000000800C46
:20DFE00000000000000000101B007800111000840000000000000000000000000000008653
:20E000000000000000000000000034000000800C00000000000000000000000000000084BC
:20E02000000000000000001C1C1C00000000005C0000000000000010101000000000800C74
:20E04000000000000000000000000000000000840000000000000000000034000000800C7C
:20E06000000000000000101B0000000000000084000000000000101B000000000000008640
:20E08000000000000000101B000000000000800C000000000000101B0000340000000084E6
:20E0A000000000000000101B000000000000005C000000000000101B000000000000800C22
:20E0C000000000000000101B0000000000000084000000000000000000000000000000860B
:20E0E0000000000000000000403600000000800C0000000000000000000000354000008425
:20E10000000000000000000000000000000000860000000000000000000000000000800CED
:20E120000000000000000000000000000000008400000000000000003400000000000086A1
:20E140000000000000000000000000000000800C00000000000000000000000000000084AF
:20E16000000000000000000000000000000000860000000000000000000000000000800C8D
:20E18000000000000000000000000000000000840000000000000000000000004000005C5F
:20E1A0000000000000000000000000000000800C000000000000000000000000000000844F
:20E1C0000000000000000000000000000000800C00000000000000000000004000000084EF
:20E1E000000000000000001C1C0000000000800C00000000000000101000000000000084B7
:20E200000000000000000000000000003400800C00000000000000000000000000000084BA
:20E2200000000000000000101B0000000000800C00000000000000101B0040000000008438
:20E2400000000000000000101B000000000000860000000000000000000000000000800C81
:20E26000000000000000000000000000000000840000000000000000000000000040800C4E
:20E28000000000000000000000000000000000840000000000000000000000000000008674
:20E2A0000000000000000000000000000000800C000000000000000000000000000000844E
:20E2C0000000000000000000000000000035400C0000000000000000000000000000008439
:20E2E000000000000000000000000000000000860000000000000000000000000000800C0C
:20E30000000000000000000000003400000000840000000000000000000000000000800CB9
:20E320000000000000000000000000000000008400000000000000000000000000000086D3
:20E340000000000000000000000000000000800C00000000000000000000000000000084AD
:20E360000000000000000000000000000000800C40404040404040000000000000000084CD
:20E380002F2F2F2F2F2F400000000011404040402F2F2F2F2F2F400000000011402F2F2FDA
:20E3A0002F2F2F2F2F2F403600000011402F2F2F2F2F2F2F2F2F400000000011402F2F2FB7
:20E3C0002F2F2F2F2F2F400000000011402F2F2F2F2F2F2F2F2F40EC00000000402F2F2FF2
:20E3E0002F2F2F2F2F2F40ED00000000402F2F2F2F2F2F2F2F2F401B00000000402F2F2FC7
:20E400002F2F2F2F2F2F401B00000000402F2F2F2F2F2F2F2F2F401B00000011402F2F2F67
:20E420002F2F2F2F2F2F401B00000011402F2F2F2F2F2F2F2F2F401B000000004F2F2F2F38
:20E440002F2F2F2F2F2F401B000000004F2F2F2F2F2F2F2F2F2F401B000000004F2F2F2F1A
:20E460002F2F2F2F2F2F401B000000004F2F2F2F2F2F2F2F2F2F401B00000000402F2F2F09
:20E480002F2F2F2F2F2F401B00000000402F2F2F2F2F2F2F2F2F401B00000035402F2F2FC3
:20E4A0002F2F2F2F2F2F401B00000000402F2F112F2F2F2F2F2F401B00000000402F2F1114
:20E4C0002F2F2F2F2F2F401B00000035402F2F2F2F2F2F2F2F2F401B00000040402F2F2F43
:20E4E0002F2F2F2F2F2F4000000000402F2F2F2F2F2F2F2F2F2F4000000011402F2F2F3559
:20E500002F2F2F2F2F2F4000000000402F2F2F2F2F2F2F2F2F2F4000000000402F2F2F2F4F
:20E520002F2F2F2F2F2F4000000000402F2F2F352F2F2F2F2F2F4000000011401B2F2F1249
:20E540002F2F2F2F2F2F4000000011401B2F2F122F2F2F2F2F2F40000000004F2F2F2F123D
:20E560002F2F2F2F2F2F40000000004F2F2F2F122F2F2F2F2F2F40000000004F2F2F2F120B
:20E580002F2F2F2F2F2F40000000004F2F2F2F2F2F2F2F2F2F2F4000000011402F2F2F2FAF
:20E5A0002F2F2F2F2F2F4000000011402F2F2F2F2F2F2F2F2F2F4000000011402F2F2F2F8D
:20E5C0002F2F2F2F2F2F4000000000402F2F2F2F2F2F2F2F2F2F40F9000000402F2F2F2F96
:20E5E0002F2F2F2F2F2F40FB000000402F2F2F2F2F2F2F2F2F2F40FB000000402F2F2F2F79
:20E600002F2F2F2F2F2F40FA000000402F2F2F2F2F2F2F2F2F2F4000000000402F2F2F2F54
:20E620002F2F2F2F2F2F4000000011402F2F2F2F2F2F2F2F2F2F4000000011402F2F2F2F0C
:20E640002F2F2F2F2F2F4000000000402F2F2F2F2F2F2F2F2F2F4000000000402F2F2F2F0E
:20E660004040404040404000000000404040404006060606058700000000003886890606A3
:20E6800002020202010D8100000000390C880202060606060585000000000039848906061E
:20E6A0000606060605870000000000398689060606060606050D81000000003A0C890606DC
:20E6C0000202020201853800000000008488020206060606050D3A000000000086890606E5
:20E6E0000606060605850000000000800C8906060606060605870000000000388489060662
:20E7000002020202010D8100000000390C880202060606060585000000000039848906069D
:20E720000606060605870000000011390C89060606060606050D810000000039848906064D
:20E740000202020201850000000000398688020206060606050D38000000003A0C890606A3
:20E760000606060605853900000000008489060606060606050D3A00000000008689060626
:20E780000202020201850000000038800C880202060606060587000000003A0084890606A4
:20E7A00006060606050D8100000000800C89060606060606058500000000000084890606D2
:20E7C0000202020201870000000000348688020206060606050D810000000000868906069D
:20E7E0000606060605850000000000800C8906060606060605870000000038008489060661
:20E8000002020202010D81000000390086880202060606060585000000003A800C89060619
:20E820000606060605870000000000008489060606060606050D81000000000038890606A3
:20E840000202020201850000000000003988020206060606058700000000000039890606F3
:20E8600006060606050D81000038000039890606060606060585000000390011398906062D
:20E880000202020201870000003900003988020206060606050D8100003900003989060638
:20E8A0000606060605850000003900003989060606060606050D8100003A1B0039890606E1
:20E8C000020202020185380000000000398802020606060605873900000000003989060602
:20E8E00006060606050D3900000000003A89060606060606058539000000000086890606F0
:20E900000202020201873900000000800C88020206060606050D3900000038008489060662
:20E92000060606060585390000003900868906060606060605873A1B000039800C89060655
:20E9400002020202010D810000003A00848802020606060605850000000000008689060619
:20E960000606060605870000000000800C89060606060606050D81000000003884890606D6
:20E980000202020201850000000000390C88020206060606058700000000003A8489060621
:20E9A00006060606050D8100000000800C890606060606060585003400000000848906069C
:20E9C00002020202010D8100000000800C8802020606060605850000000034008489060699
:20E9E00006060606050D810000000000868906060606060605850000000000800C8906068E
:20EA00000202020201870034000000008488020206060606050D810000000000868906065C
:20EA20000606060605850000000034000C890606060606060587380000000000848906066A
:20EA400002020202010D390000000000868802020606060605853A00000000800C89060658
:20EA60000606060605870000000000008489060606060606050D8100000000008689060613
:20EA80000202020201850000000000800C8802020606060605870000000000008489060613
:20EAA00006060606050D810000000000868906060606060605850000000000800C890606CD
:20EAC0000202020201870034000000008488020206060606050D8100000000005C890606C6
:20EAE0000606060605850000000000008689060606060606050D8100000000800C8906068D
:20EB00000202020201873800000000008488020206060606050D3900000000800C89060699
:20EB20000606060605853900000000800C89060606060606058739000000000084890606E3
:20EB400002020202010D3A0000000038868802020606060605870000000000390C8906069D
:20EB600006060606050D81000000003A848906060606060605850000000000800C890606D4
:20EB8000020202020138000000000000848802020606060605390000000000800C890606AD
:20EBA00006060606053900000000000084890606060606060539000038000000868906063D
:20EBC0000202020201390000390000800C8802020606060605391B003900000084890606DF
:20EBE000060606060539000039000000868906060606060605390000390000800C890606BB
:20EC000002020202013900123A0000008488020206060606053A00000000000086890606E4
:20EC200006060606055D0000000000800C8906060606060605870000000000388489060644
:20EC400002020202010D8100000000390C88020206060606058500000000003A8489060657
:20EC600006060606050D8138000000800C890606060606060585003900000000848906069C
:20EC800002020202010D813A000000800C8802020606060605850000000000388489060698
:20ECA0000606060605870000000000398689060606060606050D81000000003A0C890606D6
:20ECC0000202020201850000000000008488020206060606058700340000000086890606A3
:20ECE00006060606050D8100000000800C8906060606060605850000000000388489060655
:20ED00000202020201870000000000398688020206060606050D81000000003A0C89060692
:20ED20000606060605853800000000008489060606060606058739000000000086890606E8
:20ED400002020202010D3A00000000800C8802020606060605850000000000008489060690
:20ED60000606060605870000000000008689060606060606050D8100000000800C89060608
:20ED80000202020201853800000000008488020206060606050D3900000000800C89060619
:20EDA0000606060605853A00000000008489060606060606050D8100000000800C89060692
:20EDC0000202020201850000000034008488020206060606058700000000000086890606A2
:20EDE00006060606050D8100000000800C890606060606060585000000000000848906068C
:20EE000002020202010D810000000000868802020606060605850000000034800C89060652
:20EE200006060606050D810000000000848906060606060605850000000000800C8906064B
:20EE400002020202010D810000000000848802020606060605850000000000800C89060648
:20EE60000606060605870000000034008489060606060606050D81000000000086890606DB
:20EE80000202020201850000000000800C880202060606060587000000000000848906060F
:20EEA00006060606050D8100000000380C89060606060606058500000000003984890606DA
:20EEC00002020202018700000000003A0C88020206060606050D81003800000084890606D4
:20EEE0000606060605850000390000008689060606060606058700003A0000800C8906061D
:20EF000002020202010D8100000012388488020206060606058500000000123A86890606F7
:20EF200006060606050D3800000000800C890606060606060585390000000000848906065A
:20EF400002020202010D3900000000800C8802020606060605853900000000008489060656
:20EF600006060606050D3A0000003800868906060606060605850000000039800C890606DE
:20EF80000202020201870000000039008488020206060606050D8100000039008689060699
:20EFA000060606060585000000003A800C890606060606060587003800000000848906065F
:20EFC00002020202010D8139000000800C880202060606060585003A000000008489060654
:20EFE00006060606055D0000000000005C890606060606058700000000000000005C89061D
:20F00000020202010D8100000000000000868802060606058700000000000000800C890692
:20F02000060606050D8100000000000000848906060606058500000000000000800C890661
:20F0400002020201870000000000000000848802060606050D81000000000000008689065A
:20F06000060606058500000000000000800C890606060605870000005E5E0000008489066C
:20F08000020202010D8100184F4F17000086880206060605870000184F4F1700800C890678
:20F0A000060606050D8100184F4F17000084890606060605850000005F5F0000005C890686
:20F0C000020202018700000000000000800C8802060606050D8100000000000000848906D4
:20F0E000060606058500000000000000800C8906060606055D5E5E00000000005E848906B8
:20F1000002020201834F4F17000000184F82880206060605875F5F00000000184F82890669
:20F12000060606050D810000000000005F868906060606058700000000000000800C8906FD
:20F14000020202010D8100000000000000848802060606058500000000000000008689065B
:20F1600006060605870000005E5E5E00800C8906060606050D8100184F4F4F1700848906E8
:20F1800002020201850000184F4F4F17800C880206060605870000184F4F4F1700848906E4
:20F1A000060606050D8100005F5F5F00800C890606060605850000000000000000848906C3
:20F1C000020202018700000000000000800C8802060606050D8100000000000000848906D3
:20F1E00006060605870000000000000000868906060606050D81000000000000800C89069C
:20F200000202020185000000005E5E5E5E5E88020606060587000000184F4F4F4F4F890632
:20F22000060606050D810000184F4F4F4F4F89060606060585000000184F4F4F4F4F890629
:20F240000202020187000000005F5F5F5F5F8802060606050D81000000000000800C8906FB
:20F2600006060605870000000000000000848906060606050D810000000000000086890623
:20F28000020202018500000000000000800C8802060606050D810000000000000084890614
:20F2A000060606058500000000000000005C8906060606055E5E5E5E5E5E0000800C890661
:20F2C000020202014F4F4F4F4F4F170000848802060606054F4F4F4F4F4F1700008689060B
:20F2E000060606054F4F4F4F4F4F1700800C8906060606055F5F5F5F5F5F00000084890687
:20F3000002020201870000000000000000868802060606050D81000000000000800C89068F
:20F3200006060605850000000000000000848906060606058700000000000000800C890665
:20F34000020202010D8100000000005E5E84880206060605870000000000184F4F828906E9
:20F36000060606050D8100000000184F4F82890606060605855E5E000000184F4F82890602
:20F3800002020201834F4F170000184F4F82880206060605834F4F170000005F5F0C8906C4
:20F3A00006060605834F4F17000000000084890606060605834F4F1700000000000C890601
:20F3C00002020201875F5F000000000000848802060606050D81000000000000005C890643
:20F3E000060606055E5E5E000000005E5E5E8906060606054F4F4F170000184F4F4F890684
:20F40000020202015F5F5F000000005F5F5F8802060606050000000000000000000089067B
:20F42000060606050000000000000000000089060606060500000000000000000000890680
:20F44000020202010000000000000000000088020606060500000000000000000000890675
:20F4600006060605242424242424242424248906060606052F2F2F2F2F2F2F2F2F2F890602
:20F48000020202012F2F2F2F2F2F2F2F2F2F8802060606052F2F2F2F2F2F2F2F2F2F890689
:20F4A000060606052F2F2F2F2F2F2F2F2F2F8906060606052F2F2F2F2F2F2F2F2F2F890654
:020000040032C8
:204000001A1F30005A00001F2C045A00005A00005A00005A00005A00005A00005A00005ABE
:2040200000005A00005A00005A00005A00005A00001B2C045A00005A00005A00005A00000B
:204040005A00005A00005A00005A00005A00005A00005A00005A00005A00005A00005A0082
:20406000001D2C045A00005A00005A00005A00005A00005A00005A00005A00005A00005A6F
:2040800000005A00005A00005A00005A00005A0000222C045A00005A00005A00005A0000A4
:2040A0005A00005A00005A00005A00005A00005A00005A00005A00005A00005A00005A0022
:2040C00000131C185A0000071C185A0000131C185A0000071C185A0000131C185A000007CC
:2040E0001C185A0000131C185A0000071C185A00000F1C185A0000031C185A00000F1C188B
:204100005A0000031C185A00000F1C185A0000031C185A00000F1C185A0000031C185A0058
:2041200000111C185A0000051C185A0000111C185A0000051C185A0000111C185A00000577
:204140001C185A0000111C185A0000051C185A0000161C185A00000A1C185A0000161C1819
:204160005A00000A1C185A0000161C185A00000A1C185A0000161C185A00000A1C185A00D5
:20418000003280005A00005A00005A00002E80005A00005A00005A00005A00005A00005A95
:2041A00000005A00003780005A00005A00005A00003580005A00005A00005A00003380006A
:2041C0005A00005A00005A00002E80005A00005A00005A00003080005A00003280005A00FF
:2041E000003280005A00005A00005A00002E80005A00005A00005A00005A00005A00005A35
:2042000000005A00003380005A00005A00005A00003080005A00005A00005A00002E800017
:204220005A00003080005A00003580005A00005A00005A00003380005A00003280005A003E
:2042400000371C475A0000371C465A0000371C455A0000371C435A0000371C425A0000376F
:204260001C415A00005A00005A00005A00005A00005A00005A00005A00005A00005A00005D
:204280005A00005A00005A00005A00005A00005A00005A00005A00005A00005A00005A0040
:2042A000005A00005A00005A00005A00005A00005A00005A00005A00005A00005A00005A20
:2042C00000005A00005A00005A00005A00005A00005A00005A00005A00005A00005A00005A
:2042E0005A00005A00005A00005A00005A00005A00005A00005A00005A00005A00005A00E0
:20430000001F2C045A00005A00005A00005A00005A00005A00005A00005A00005A00005ACA
:2043200000005A00005A00005A00005A00005A00001B2C045A00005A00005A00005A000008
:204340005A00005A00005A00005A00005A00005A00005A00005A00005A00005A00005A007F
:20436000001D2C045A00005A00005A00005A00005A00005A00005A00005A00005A00005A6C
:2043800000005A00005A00005A00005A00005A0000222C045A00005A00005A00005A0000A1
:2043A0005A00005A00005A00005A00005A00005A00005A00005A00005A00005A00005A001F
:2043C000005A00005A00005A00005A00005A00005A00005A00005A00005A00005A00005AFF
:2043E00000005A00005A00005A00005A00005A00005A00005A00005A00005A00005A000039
:204400005A00005A00005A00005A00005A00005A00005A00005A00005A00005A00005A00BE
:20442000005A00005A00005A00005A00005A00005A00005A00005A00005A00005A00005A9E
:2044400000005A00005A00005A00005A00005A0000262C01272C02282C03292C042A2C05E7
:204460002B2C062C2C072D2C072E2C072F2C07302C07312C07322C07332C07342C07352C03
:2044800007371C475A00005A00005A00003030005A00003040005A00003040005A000030EF
:2044A00040005A00003030005A00003040005A00003040005A00003040005A0000303000EA
:2044C0005A00003040005A00003040005A00003040005A00003030005A00003040005A00A0
:2044E000003040005A00003040005A00003030005A00003040005A00003040005A000030AA
:2045000040005A00003030005A00003040005A00003040005A00003040005A000030300089
:204520005A00003040005A00003040005A00003040005A00003030005A00003040005A003F
:20454000003270005A00005A00005A00002E70005A00005A00005A00005A00005A0000301B
:2045600070005A00003770005A00005A00005A00003570005A00005A00005A000033700066
:204580005A00005A00005A00002E70005A00005A00005A00003070005A00003270005A006B
:2045A000003270005A00005A00005A00002E70005A00005A00005A00005A00005A000033B8
:2045C00070005A00003270005A00005A00005A00003070005A00005A00005A00002E700015
:2045E0005A00003070005A00003570005A00005A00005A00003370005A00003270005A00BB
:2046000000131C1C5A0000071C1C5A0000131C1C5A0000071C1C5A0000131C1C5A00000772
:204620001C1C5A0000131C1C5A0000071C1C5A00000F1C1C5A0000031C1C5A00000F1C1C2D
:204640005A0000031C1C5A00000F1C1C5A0000031C1C5A00000F1C1C5A0000031C1C5A00FF
:2046600000111C1C5A0000051C1C5A0000111C1C5A0000051C1C5A0000111C1C5A0000051E
:204680001C1C5A0000111C1C5A0000051C1C5A0000161C1C5A00000A1C1C5A0000161C1CBC
:2046A0005A00000A1C1C5A0000161C1C5A00000A1C1C5A0000161C1C5A00000A1C1C5A007C
:2046C000003040005A00003040005A00003030005A00003040005A00003040005A000030C8
:2046E00040005A00003030005A00003040005A00003040005A00003040005A0000303000A8
:204700005A00003040005A00003040005A00003040005A00003030005A00003040005A005D
:20472000003040005A00003040005A00003030005A00003040005A00003040005A00003067
:2047400040005A00003030005A00003040005A0000262C01272C02282C03292C042A2C0588
:204760002B2C062C2C072D2C072E2C072F2C07302C07312C07322C07332C07342C07352C00
:20478000071F30001F2C045A00005A00001F30001F2C045A00005A00001F30001F2C045A76
:2047A00000005A00001F30001F2C045A00005A00001B30001B2C045A00005A00001B3000B8
:2047C0001B2C045A00005A00001B30001B2C045A00005A00001B30001B2C045A00005A0046
:2047E000001D30001D2C045A00005A00001D30001D2C045A00005A00001D30001D2C045A29
:2048000000005A00001D30001D2C045A00005A0000223000222C045A00005A000022300046
:20482000222C045A00005A0000223000222C045A00005A0000223000222C045A00005A00C2
:20484000005A0C005A00005A00005A00005A00005A00005A00005A00005A00005A00005A6E
:2048600000005A00005A00005A00005A00005A00001B30001B2C045A00005A00001B3000E1
:204880001B2C045A00005A00001B30001B2C045A00005A00001B30001B2C045A00005A0085
:2048A000001D30001D2C045A00005A00001D30001D2C045A00005A00001D30001D2C045A68
:2048C00000005A00001D30001D2C045A00005A0000223000222C045A00005A000022300086
:2048E000222C045A00005A0000223000222C045A00005A0000223000222C045A00005A0002
:20490000005A0C0C5A00005A00005A00005A00005A00005A00005A00005A00005A00005AA1
:2049200000005A00005A00005A00005A00005A00005A00005A00000340005A00005A00000A
:204940005A00000340005A00005A00005A00000340005A00005A00005A00000340005A00BE
:20496000005A00005A00000540005A00005A00005A00000540005A00005A00005A000005D8
:2049800040005A00005A00005A00000540005A00005A00005A00000A40005A00005A000078
:2049A0005A00000A40005A00005A00005A00000A40005A00005A00005A00000A40005A0049
:2049C000003260005A00005A00005A00002E60005A00005A00005A00005A000025FC002EF2
:2049E00060002E60003760005A00003560005A00005A00005A00005A00005A0000336000EE
:204A00005A00003260005A00002E60005A00005A00005A00003060005A00003260005A00DE
:204A2000003260005A00005A00005A00002E60005A00005A00005A00005A000025FC00338C
:204A400060003360003260005A00003060005A00005A00005A00005A00005A00002E600097
:204A60005A00003060005A00003560005A00005A00005A00003360005A00003260005A0076
:204A8000003050005A00005A00005A00003050005A00005A00005A00003050005A000030F0
:204AA00050003050003050005A00003050005A00003050005A00003040005A00003050004E
:204AC0005A00003040005A00003050005A00003040005A00003050005A00003040005A006A
:204AE000003050005A00003040005A00003050005A00003040005A00003050005A00003064
:204B000040005A00003050005A00003040005A00003050005A00003040005A000030500033
:204B20005A00003040005A00003050005A00003040005A00003050005A00003040005A0009
:204B4000003050005A00003040005A00003030005A00003040005A00003050005A00003023
:204B600040005A00003030005A00003040005A00003050005A00003040005A000030300013
:204B80005A00003040005A00003050005A00003040005A00003030005A00003040005A00C9
:204BA000003050005A00003040005A00003030005A00003040005A00003050005A000030C3
:204BC00040005A00003030005A00003040005A00003050005A00003040005A0000303000B3
:204BE0005A00003040005A00003050005A00003040005A00003030005A00003040005A0069
:204C0000005A00005A00000740005A00005A00005A00000740005A00005A00005A0000072F
:204C200040005A00005A00005A00000740005A00005A00005A00000340005A00005A0000DA
:204C40005A00000340005A00005A00005A00000340005A00005A00005A00000340005A00BB
:204C6000005A00005A00000540005A00005A00005A00000540005A00005A00005A000005D5
:204C800040005A00005A00005A00000540005A00005A00005A00000A40005A00005A000075
:204CA0005A00000A40005A00005A00005A00000A40005A00005A00005A00000A40005A0046
:204CC000003050005A00003040005A00003050005A00003040005A00003050005A00003082
:204CE00040005A00003050005A00003040005A00003050005A00003040005A000030500052
:204D00005A00003040005A00003050005A00003040005A00003050005A00003040005A0027
:204D2000003050005A00003040005A00003050005A00003040005A00003050005A00003021
:204D400040005A00003050005A00003040005A00003050005A00003040005A0000305000F1
:204D60005A00003040005A00003050005A00003040005A00003050005A00003040005A00C7
:204D8000003280005A00005A00005A00002E80005A00005A00005A00003080005A0000325B
:204DA00080005A00002E80005A00003280005A00003080005A00005A00005A00002E800099
:204DC0005A00005A00005A00003080005A00002E80005A00003080005A00003580005A009A
:204DE000003280005A00005A00005A00002E80005A00005A00005A00003080005A00002EFF
:204E000080005A00003080005A00003580005A00003080005A00005A00005A00002E800033
:204E20005A00003080005A00003580005A00005A00005A00003380005A00003280005A0032
:204E4000003260005A00005A00005A00002E60005A00005A00005A00003070005A000032EA
:204E600070005A00002E70005A00003270005A00003060005A00005A00005A00002E600048
:204E80005A00005A00005A00003070005A00002E70005A00003070005A00003570005A0019
:204EA000003260005A00005A00005A00002E60005A00005A00005A00003070005A00002E8E
:204EC00070005A00003070005A00003570005A00003070005A00005A00005A00002E7000C3
:204EE0005A00003070005A00003570005A00005A00005A00003370005A00003270005A00B2
:204F0000001A30005A00001A2C045A00005A0C035A00005A00005A0C025A00005A00005AB6
:204F20000C015A00005A0C005A00005A00005A00005A00005A00005A00005A00005A0000D4
:204F40005A00005A00005A00005A00005A00005A00005A00005A00005A00005A00005A0073
:204F6000005A00005A00005A00005A00005A00005A00005A00005A00005A00005A00005A53
:204F800000005A00005A00005A00005A00005A00005A00005A00005A00005A00005A00008D
:204FA0005A00005A00005A00005A00005A00005A00005A00005A00005A00005A00005A0013
:204FC000000E1C085A00005A00005A00005A00005A00005A00005A00005A00005A00005A1B
:204FE00000005A00005A00005A00005A00005A00005A00005A00005A00005A00005A00002D
:205000005A00005A00005A00005A00005A00005A00005A00005A00005A00005A00005A00B2
:20502000005A00005A00005A00005A00005A00005A00005A00005A00005A00005A00005A92
:2050400000005A00005A00005A00005A00005A00005A00005A00005A00005A00005A0000CC
:205060005A00005A00005A00005A00005A00005A00005A00005A00005A00005A00005A0052
:20508000003260005A00005A00005A00005A000024FC005A00005A00005A00005A00005A34
:2050A00000005A00005A00005A00005A00005A00005A00005A00005A00005A00005A00006C
:2050C0005A00005A00005A00005A00005A00005A00005A00005A00005A00005A00005A00F2
:2050E000005A00005A00005A00005A00005A00005A00005A00005A00005A00005A00005AD2
:2051000000005A00005A00005A00005A00005A00005A00005A00005A00005A00005A00000B
:205120005A00005A00005A00005A00005A00005A00005A00005A00005A00005A00005A0091
:2051400000371C475A00005A00005A00005A00005A00005A00005A00005A00005A00005A31
:2051600000005A00005A00005A00005A00005A00005A00005A00005A00005A00005A0000AB
:205180005A00005A00005A00005A00005A00005A00005A00005A00005A00005A00005A0031
:2051A000005A00005A00005A00005A00005A00005A00005A00005A00005A00005A00005A11
:2051C00000005A00005A00005A00005A00005A00005A00005A00005A00005A00005A00004B
:2051E0005A00005A00005A00005A00005A00005A00005A00005A00005A00005A00005A00D1
:20520000002009C01909002409405A09805A00005A00005A00005A00005A00005A00005ABD
:2052200000005A00005A00005A00005A00005A00005A00005A00005A00005A00005A0000EA
:205240005A00005A00005A00005A00005A00005A00005A00005A00005A00005A00005A1060
:20526000002409403009002409402409403009002409002409403009002409402409403098
:205280000900240900240940300900240940240940300900240900240940300900240940DF
:2052A00024094030090024090024094030090024094024094030090024090024094030197F
:2052C000005A0C075A09805A0C095A0C0B5A00005A00005A00005A00005A00005A00005A28
:2052E00000005A00005A00005A00005A00005A00005A00005A00005A00005A00005A00002A
:205300005A00005A00005A00005A00005A00005A00005A00005A00005A00005A00005A109F
:20532000005A0C005A0C0F5A00005A00005A00005A00005A00005A00005A00005A00005A68
:2053400000005A00005A00005A00005A00005A00005A0C095A00005A00005A00005A0000B4
:205360005A00005A00005A00005A0C045A00005A00005A00005A00005A00005A00005A1C23
:20538000005A00005A00005A00005A00005A00005A00005A00005A00005A00005A00005A2F
:2053A00000005A00005A00005A00005A00005A00005A0C095A00005A00005A00005A000054
:2053C0005A00005A00005A00005A0C045A00005A00005A00005A00005A00005A00005A1CC3
:2053E000005A00005A00005A00005A00005A00005A00005A00005A00005A00005A00005ACF
:2054000000005A00005A00005A00005A00005A00005A0C095A00005A00005A00005A0000F3
:205420005A00005A00005A00005A0C045A00005A00005A00005A00005A00005A00005A1C62
:20544000002000000000002400005A00005A00005A00005A00005A00005A00005A00005A38
:2054600000005A00005A00005A00005A00005A00005A00005A00005A00005A00005A0000A8
:205480005A00005A00005A00005A00005A00005A00005A00005A00005A00005A00005A101E
:2054A000002500004700002700005A00005A00005A00005A00005A00005A00005A00005A89
:2054C00000005A00005A00005A00005A00005A00005A00005A00005A00005A00005A000048
:2054E0005A00005A00005A00005A00005A00005A00005A00005A00005A00005A00005A10BE
:20550000002B00003009803309405A00005A00005A00005A00005A00005A00005A00005A5B
:2055200000005A00005A00005A00005A00005A00005A00005A00005A00005A00005A0000E7
:205540005A00005A00005A00005A00005A00005A00005A00005A00005A00005A00005A105D
:20556000002E00002A00002700002500002400005A00005A00005A00005A00005A00005A47
:2055800000005A00005A00005A00005A00005A00005A00005A00005A00005A00005A000087
:2055A0005A00005A00005A00005A00005A00005A00005A00005A00005A00005A00005A10FD
:2055C00000014001430140014381478147414881478147814741488147014FC140C14001AC
:2055E000460146014601460149014C014601460149014CC14F81418141414541454145416D
:2056000045C149C149C149C149814D414E81504142C1438144C1468144C146814AC14C41B7
:205620004B414B814A414B415108C0F20152800840F06152802A80F10000800800F3C15289
:20564000800800F10000800840F10000800880F100008008C0F10000800880F00000800866
:2056600080F00000800880F00000800880F00000800880F00000800880F00000800880F0E2
:205680000000800020000000800020010000800020020000800020030000800020040000E0
:2056A00080002005215380002006815380002007E1538000200800008000200900008000AB
:2056C000200A00008000200B00008000200C00008000200D00008000200E000080B2415427
:2056E000000000F00000000000C1A154000000710155F20000916155000000F00000000014
:2057000000F00000000000F00000000000F00000000000F00000000000F00000000000F0E9
:205720000000000000F00000000000F00000000000F000000000000000FFFFFFFFFFFFFFA0
:20574000FFFFFFFFFFFFFF00000000FFFFFFFFFFFFFFFFFFFFFFFF0000000000000000FF5D
:20576000FFFFFFFFFFFFFF000000000000000000000000FFFFFFFF00011223344556677850
:20578000899AABBCCDDEEF1568ACDCA8DDDC43223DEE63332A86307ACDDB75211368BDDCAD
:2057A000974101479CDDB81568ACDCA8532224679CDEEEEDBA8630FEFCFAF8F6F4F2F0F27C
:2057C000F4F6F8FAFCFEFFFEDDCCBBAA9988778ABDF124578ABDEE841161ED57475AADCE12
:2057E000A31779DD200347901E5746507863166A8DA501029561E7586A502DD4CB6E09EEE4
:20580000198CA5539232299526306C23E2734E869C040A3D60A3D14E2138A76A0B95CA413D
:20582000E766569B79799EE3BA95E619302132328C36A9285DC7E5060040C155DB55F55542
:0C5840000F5629568356DD5600003757DE
:020000040033C7
:200000001A021C045A00000E1C045A0000021C045A00000E1C045A0000021C055A00000E33
:200020001C055A0000021C065A00000E1C065A0000091C065A0000151C065A0000091C06FC
:200040005A0000151C065A0000091C075A0000151C075A0000091C075A0000151C075A0085
:2000600000091C075A0000151C075A0000091C085A0000151C085A0000091C085A000015B2
:200080001C085A0000091C085A0000151C085A0000071C095A0000131C095A0000071C0984
:2000A0005A0000131C095A0000071C095A0000131C095A0000071C0B5A0000131C0B5A0020
:2000C000000C28FF5A00005A00001A98FE5A00001A9C015A00001A93305A00001893305AB2
:2000E00000001A93301A93301D93305A00001C93305A00001F93305A00002193305A000059
:200100002193302193302193305A00001F93305A00002193305A00002493305A0000239368
:20012000305A00001F93305A00002193305A0000219C015A00002193305A00001F93305A29
:2001400000002193302193302393305A00002493305A00002393305A00001F93305A0000DA
:200160002193302193302193305A00001F93305A00002193300C28FF5A00005A00005A0810
:20018000FE2610005A0000261C045A00002610005A00002410005A0000261E03261E03295C
:2001A00010005A00002810005A00002B10005A00002D10005A00002D1E032D1E032D1E032D
:2001C0005A00002B10005A00002D10005A00003010005A00002F10005A00002B10005A00D1
:2001E000002D10005A00002D1C045A00002D10005A00002B10005A00002D1E032D1E032FCA
:2002000010005A00003010005A00002F10005A00002B10005A00002D1E032D1E032D1E03C2
:200220005A00002B10005A00002D1E032D1E032B10005A00002D10005A00002F10005A006E
:20024000003910005A00005A00005A00005A00005A00005A00005A00005A00005A00005AD1
:2002600000005A00005A00005A00005A00005A00005A00005A00005A00005A00005A0000FA
:200280005A00005A00005A00005A00005A00005A00005A00005A00005A00005A00005A0080
:2002A000005A00005A00005A00005A00005A00005A00005A00005A00005A00005A00005A60
:2002C00000005A00005A00005A00005A00005A00005A00005A00005A00005A00005A00009A
:2002E0005A00005A00005A00003920005A00005A00005A00002D30005A00005A00005A001E
:2003000000021C085A00000E1C0A5A0000021C085A00000E1C0A5A0000021C085A00000E33
:200320001C0A5A0000021C085A00000E1C0A5A0000091C085A0000151C0A5A0000091C08E6
:200340005A0000151C0A5A0000091C085A0000151C0A5A0000091C085A0000151C0A5A0076
:2003600000091C085A0000151C0A5A0000091C085A0000151C0A5A0000091C085A000015A9
:200380001C0A5A0000091C085A0000151C0A5A0000071C085A0000131C0A5A0000071C087E
:2003A0005A0000131C0A5A0000071C085A0000131C0A5A0000071C085A0000131C0A5A0020
:2003C000000C28FF5A00005A00001A98FE5A00001A9C015A00001A93305A00001893305AAF
:2003E00000001A93301A93301D93305A00001C93305A00001F93305A00002193305A000056
:200400002193302193302193305A00001F93305A00002193305A00002493305A0000239365
:20042000305A00001FA3305A000021A3305A000021AC015A000021A3305A00001FA3305AD6
:20044000000021A33021A33023A3305A000024A3305A000023A3305A00001FA3305A000077
:2004600021A33021A33021A3305A00001FA3305A000021A3305A00005A00005A00005A009E
:20048000003910005A00005A00005A00005A00005A00005A00005A00005A00005A00005A8F
:2004A00000005A00005A00005A00005A00005A00005A00005A00005A00005A00005A0000B8
:2004C0005A00005A00005A00005A00005A00005A00005A00005A00005A00005A00005A003E
:2004E000005A00005A00005A00005A00005A00005A00005A00005A00005A00005A00005A1E
:2005000000005A00005A00005A00005A00005A00005A00005A00005A00005A00005A000057
:200520005A00005A00005A00003920005A00005A00005A00005A00005A00005A00005A00DE
:20054000000C28FF5A00005A00001AA8FE5A00001AAC015A00001AA3305A000018A3305AED
:2005600000001AA3301AA3301DA3305A00001CA3305A00001FA3305A000021A3305A000074
:2005800021A33021A33021A3305A00001FA3305A000021A3305A000024A3305A000023A374
:2005A000300C28FF5A00005A000021A8FE5A000021AC015A000021A3300C28FF5A00005A00
:2005C000000021A8FE0C28FF5A00005A000024A8FE0C28FF5A00005A00001FA8FE5A00009D
:2005E00021A33021A33021A3305A00001FA3305A000021A3305A00005A00000C28FF5A0044
:2006000000262C0F5A0000262C045A00002620005A00002420005A000026A00026A000297C
:2006200020005A00002820005A00002B20005A00002D20005A00002DA0002DA0002DA000EB
:200640005A00002B20005A00002D20005A00003020005A00002F20005A00002B20005A00FC
:20066000002D20005A00002D2C045A00002D20005A00002B20005A00002DA0002DA0002F07
:2006800020005A00003020005A00002F20005A00002B20005A00002DA0002DA0002DA00081
:2006A0005A00002B20005A00002DA0002DA0002B20005A00002D20005A00002F20005A00AC
:2006C000003910005A00005A00005A00002B40005A00005A00005A00002B40005A00005A2B
:2006E00000005A00002B40005A00005A00005A00002B40005A00005A00005A00002B400043
:200700005A00002B40005A00002BB0002BB0002BB0002BB0002B40005A00002B40005A00C4
:20072000002930005A00005A00005A00002B40005A00005A00005A00002930005A00005ACC
:2007400000005A00002930005A00002B40005A00002930005A00005A00005A00002B4000F5
:200760005A00005A00005A00002B40005A00005A00005A00002B40005A00002930002B4069
:20078000000C28FF5A00005A00001AA8FE5A00001AAC015A00001AA3305A000018A3305AAB
:2007A00000001AA3301AA3301DA3300C28FF5A00000C28FF5A00005A000021A8FE5A0000DA
:2007C00021A33021A33021A3305A00001FA3305A000021A3305A000024A3305A000023A332
:2007E000300C28FF5A00005A000021A8FE5A000021AC015A000021A3300C28FF5A00005ABE
:2008000000005A00000C28FF5A00000C28FF5A00000C28FF5A00005A00005A00000C2000F7
:200820005A00005A00005A00000C20005A00000C20005A00000C20000C20000C20000C20EE
:20084000003910005A00005A00005A00002B40005A00005A00005A00002B40005A00005AA9
:2008600000005A00002B40005A00002930005A00002930005A00005A00005A00002B4000D4
:200880005A00002B40005A00002BB0002BB0002BB0002BB0002B40005A00002B40005A0043
:2008A000002930005A00005A00005A00002B40005A00005A00005A00002930005A00005A4B
:2008C00000005A00002930005A00002930005A00002930005A00005A00005A000029300098
:2008E0005A00005A00005A00002930005A00002930005A00002950002950002950002950A0
:20090000005A0E005A00005A00005A00005A00005A00005A00005A00005A00005A00005AEB
:2009200000005A00005A00005A00005A00005A00005A00005A00005A00005A00005A000033
:200940005A00005A00005A00005A00005A00005A00005A00005A00005A00005A00005A0DAC
:20096000015A00005A00005A00005A00005A00005A00005A00005A00005A00005A00005A98
:2009800000005A00005A00005A00005A00005A00005A00005A00005A00005A00005A0000D3
:2009A0005A00005A00005A00005A00005A00005A00005A00005A00005A00005A00005A0059
:2009C000000C20000C20000C20000C20000C20000C20000C20000C20000C20000C20000C53
:2009E00020000C20000C20000C20000C20000C20000C20005A00005A00005A00005A000067
:200A00005A00005A00005A00005A00005A00005A00005A00005A00005A00005A00005A00F8
:200A2000005A00005A00005A00005A00005A00005A00005A00005A00005A00005A00005AD8
:200A400000005A00005A00005A00005A00005A00005A00005A00005A00005A00005A000012
:200A60005A00005A00005A00005A00005A00005A00005A00005A00005A00005A00005A0098
:200A8000002F20005A00005A00005A00005A00005A00005A00005A00005A00005A00005A83
:200AA00000005A00005A00005A00005A00005A000018520F5A020F5A0C065A020F5A020F4E
:200AC0005A0C045A020C5A020C5A0C005A020C5A00005A00005A00005A00005A00005A00F2
:200AE000005A00005A00005A00005A00005A00005A00005A00005A00005A00005A00005A18
:200B000000005A00005A00005A00005A00005A00005A00005A00005A00005A00005A000051
:200B20005A00005A00005A00005A00005A00005A00005A00005A00005A00005A00005A00D7
:200B40000029500029500029500029500029500029500029500029500029500029500029B2
:200B600050002950002950002950002950002950002930005A00005A00005A00005A000007
:200B80005A0000372C01372C02372C03372C04372C05372C06372C07372C07372C07372CF3
:200BA000075A00005A00005A00005A00005A00005A00005A00005A00005A00005A00005A50
:200BC00000005A00005A00005A00005A00005A00005A00005A00005A00005A00005A000091
:200BE0005A00005A00005A00005A00005A00005A00005A00005A00005A00005A00005A0017
:200C0000001840005A00000E30005A00001840005A00000E30005A00001840005A00000E80
:200C200030005A00001840005A00000E30005A00001840005A00001530005A000018400037
:200C40005A00001530005A00001840005A00001530005A00001840005A00001530005A00F9
:200C6000001840005A00001530005A00001840005A00001530005A00001840005A0000150B
:200C800030005A00001840005A00001530005A00001840005A00001330005A0000184000D2
:200CA0005A00001330005A00001840005A00001330005A00001840005A00001330005A009F
:200CC000003560005A00003360005A00003670005A00003360005A00003560005A00003329
:200CE00060005A00003670005A00003360005A00003560005A00003360005A0000367000CB
:200D00005A00003360005A00003560005A00003360005A00003670005A00003360005A00C3
:200D2000003560005A00003360005A00003670005A00003360005A00003560005A000033C8
:200D400060005A00003670005A00003360005A00003560005A00003360005A00003670006A
:200D60005A00003360005A00003560005A00003360005A00003670005A00003360005A0063
:200D800000262C0F5A0000262C0426A00026A0005A00002420005A00002620005A000029F5
:200DA00020005A00002820005A00002B20005A000030A00030A00030A00030A0002F2000E3
:200DC0005A00002B20005A000030A0005A000030A00030A0002F20005A00002B20005A00FC
:200DE000002D20005A00002D2C045A00002D20005A00002B20005A00002D20005A00002F73
:200E0000A0002FA0003020005A00002F20005A00002B20005A00002DA0002DA0002DA00004
:200E20005A00002B20005A00002DA0002BA0002DA0002BA0002DA0002BA0002F20005A0042
:200E400000262C0F5A0000262C045A000026A00026A0002420005A00002620005A00002934
:200E600020005A00002820005A00002B20005A00002D20005A00002DA0002DA0002DA000A3
:200E80005A00002B20005A00002D20005A00003020005A00002F20005A00002B20005A00B4
:200EA000002D20005A00002D2C045A00002D20005A00002B20005A00002DA0002DA0002FBF
:200EC00020005A00003020005A00002F20005A00002B20005A00002DA0002DA0002DA00039
:200EE0005A00002B20005A00002DA0002DA0002B20005A00002D20005A00002F20005A0064
:200F0000003560005A00003360005A00002E90005A00003360005A00003560005A000033CE
:200F200060005A00002E90005A00003360005A00003560005A00003360005A00002E900058
:200F40005A00003360005A00003560005A00003360005A00002E90005A00003360005A0069
:200F6000003560005A00003360005A00002E90005A00003360005A00003560005A0000336E
:200F800060005A00002E90005A00003360005A00003560005A00003360005A00002E9000F8
:200FA0005A00003360005A0000336000336000336000336000336000336000336000336052
:200FC00000262C0F5A0000262C045A00002620005A00002420005A000026A00026A00029B3
:200FE00020005A00002820005A00002B20005A00002D20005A00002DA0002DA0002DA00022
:201000005A00002B20005A00002D20005A00003020005A00002F20005A00002B20005A0032
:20102000002D20005A00002D2C045A00002D20005A00002B20005A00002D20005A00002F30
:20104000A0002FA0003020005A00002F20005A00002B20005A00002DA0002DA0002DA000C2
:201060005A00002B20005A00002DA0002BA0002DA0002BA0002D20005A00002F20005A00F1
:201080000035A0005A00003360005A00002E90005A00003360005A00003560005A0000330D
:2010A00060005A00002E90005A00003360005A00003560005A00003360005A00002E9000D7
:2010C0005A00003360005A00003560005A00003360005A00002E90005A00003360005A00E8
:2010E000003560005A00003360005A00002E90005A00003360005A00003560005A000033ED
:2011000060005A00002E90005A00003360005A00003560005A00003360005A00002E900076
:201120005A00003360005A00003560005A00003360005A00002E90005A00003360005A0087
:20114000001840005A00000E30005A00001840005A00000E30005A00001840005A00000E3B
:2011600030005A00001840005A00000E30005A00001840005A00001530005A0000184000F2
:201180005A00001530005A00001840005A00001530005A00001840005A00001530005A00B4
:2011A000001840005A00001530005A00001840005A00001530005A00001840005A000015C6
:2011C00030005A00001840005A00001530005A00001840005A00001330005A00001840008D
:2011E0005A00001330005A0000184000184000184000184000184000184000184000184038
:2012000000263C0F5A0000263C045A000026C00026C0002430005A00002630005A000029F0
:2012200030005A00002830005A00002B30005A00002D30005A00002DC0002DC0002DC0003F
:201240005A00002B30005A00002D30005A00003030005A00002F30005A00002B30005A00A0
:20126000002D30005A00002D3C045A00002D30005A00002B30005A00002DC0002DC0002F7B
:2012800030005A00003030005A00002F30005A00002B30005A00002DC0002DC0002DC000D5
:2012A0005A00002B30005A00002DC0002DC0002B30005A00002D30005A00002F30005A0020
:2012C00000263C0F5A0000263C0426C00026C0005A00002430005A00002630005A00002930
:2012E00030005A00002830005A00002B30005A000030C00030C00030C00030C0002F3000DE
:201300005A00002B30005A000030C0005A000030C00030C0002F30005A00002B30005A0026
:20132000002D30005A00002D3C045A00002D30005A00002B30005A00002D30005A00002FDD
:20134000C0002FC0003030005A00002F30005A00002B30005A00002DC0002DC0002DC000EF
:201360005A00002B30005A00002DC0002BC0002DC0002BC0002DC0002BC0002F30005A001D
:20138000001A70005A00005A00005A0C181A70005A0C181A70005A00005A00005A0C181AB3
:2013A00070005A0C181A70005A0C181F70005A0C182170005A00005A00005A0C18217000D6
:2013C0005A0C182170005A00005A00005A0C181F70005A0C182470005A0C182370005A0CB4
:2013E000182170005A00005A00005A00005A00005A00005A0C185A00005A00005A000021D5
:2014000070005A0C182170005A00002470005A00001F70005A00005A00005A00005A00000E
:201420005A00005A0C185A00005A00005A00001F70005A00002370005A00005A00005A003C
:20144000000280005A00005A00005A00005A00005A00005A00005A00005A00005A00005A86
:2014600000005A00005A00005A00005A00005A00000980005A00005A00005A00005A0000B9
:201480005A00005A00005A00005A00005A00005A00005A00005A00005A00005A00005A006E
:2014A000005A00005A00005A00005A00005A00005A00005A00005A00005A00005A00005A4E
:2014C00000005A00005A00005A00005A00005A00000780005A00005A00005A00005A00005B
:2014E0005A00005A00005A00005A00005A00005A00005A00005A00005A00005A00005A000E
:20150000001A7C045A00001A7C085A00001A7C045A00001A7C085A00001A7C045A00001AE5
:201520007C085A00001A7C045A00001A7C085A0000217C045A0000217C085A0000217C0446
:201540005A0000217C085A0000217C045A0000217C085A0000217C045A0000217C085A003E
:2015600000217C045A0000217C085A0000217C045A0000217C085A0000217C045A0000215B
:201580007C085A0000217C045A0000217C085A00001F7C045A00001F7C085A00001F7C04DE
:2015A0005A00001F7C085A00001F7C045A00001F7C085A00001F7C045A00001F7C085A00E8
:2015C000001A70005A00005A00005A0C181A70005A0C181A70005A00005A00005A0C181A71
:2015E00070005A0C181A70005A0C181F70005A0C182170005A00005A00005A0C1821700094
:201600005A0C182170005A00005A00005A0C181F70005A0C182470005A0C182370005A0C71
:20162000182170005A00005A00005A00005A00005A00005A0C185A00005A00005A00002192
:2016400070005A0C182170005A00002470005A00001F70005A00005A00005A00005A0000CC
:201660005A00005A0C185A00005A00005A00005A00005A00005A00005A00005A00005A0068
:20168000000280005A00005A00005A00005A00005A00005A00005A00005A00005A00005A44
:2016A00000005A00005A00005A00005A00005A00000980005A00005A00005A00005A000077
:2016C0005A00005A00005A00005A00005A00005A00005A00005A00005A00005A00005A002C
:2016E000005A00005A00005A00005A00005A00005A00005A00005A00005A00005A00005A0C
:2017000000005A00005A00005A00005A00005A00000C20000780005A00005A00005A000046
:201720005A00005A00005A00005A0C385A00005A00005A00005A00005A00005A00005A0087
:20174000001A7C045A00001A7C085A00001A7C045A00001A7C085A00001A7C045A00001AA3
:201760007C085A00001A7C045A00001A7C085A0000217C045A0000217C085A0000217C0404
:201780005A0000217C085A0000217C045A0000217C085A0000217C045A0000217C085A00FC
:2017A00000217C045A0000217C085A0000217C045A0000217C085A0000217C045A00002119
:2017C0007C085A0000217C045A0000217C085A0000137C085A00005A00005A00005A000032
:2017E0005A00005A00005A00005A0C005A00005A00005A00005A00005A00005A00005A00FF
:20180000003910005A00005A00005A00002B40005A00005A00005A00002B40005A00005AD9
:2018200000005A00002B40005A00005A00005A00002B40005A00005A00005A00002B4000F1
:201840005A00002B40005A00002BB0002BB0002BB0002BB0002B40005A00002B40005A0073
:20186000002930005A00005A00005A00002B40005A00005A00005A00002930005A00005A7B
:2018800000005A00002930005A00002B40005A00003910005A00005A00005A00005A0000C5
:2018A0005A00005A00005A00005A00005A00005A00005A00005A00005A00005A00005A004A
:2018C00000265C0F5A0000265C045A00002650005A00002450005A0000265E03265E032968
:2018E00050005A00002850005A00002B50005A00002D50005A00002D5E032D5E032D5E0316
:201900005A00002B50005A00002D50005A00003050005A00002F50005A00002B50005A0039
:20192000002D50005A00002D5C045A00002D50005A00002B50005A00002D5E032D5E032FF2
:2019400050005A00003050005A00002F50005A00002B50005A00002D5E032D5E032D5E03AB
:201960005A00002B50005A00002D5E032D5E032B50005A00002D50005A00002F50005A0097
:20198000005A09805A09805A09405A09005A09005A00005A00005A00005A00005A00005AFC
:2019A00000005A00005A00005A00005A00005A00005A00005A00005A00005A00005A0000A3
:2019C0005A00005A00005A00005A00005A00005A00005A00005A00005A00005A00005A1019
:2019E000003000002D00002A00002700002400002100001E00001B00001800005A00005AEF
:201A000000005A00005A00005A00005A00005A00005A00005A00005A00005A00005A000042
:201A20005A00005A00005A00005A00005A00005A00005A00005A00005A00005A00005A10B8
:201A4000001808EF5A00005A08FF5A00005A08FE5A00005A08FF5A00005A00005A00005ADF
:201A600000005A00005A00005A00005A00005A00005A00005A00005A00005A00005A0000E2
:201A80005A00005A00005A00005A00005A00005A00005A00005A00005A00005A00005A1058
:201AA000005A09801809805A09405A09001809005A09405A09001809005A09405A09001836
:201AC00009005A09405A09001809005A09405A09001809005A09405A09001809005A0940E5
:201AE0005A09001809005A09405A09001809005A09405A09001809005A09405A09001819DD
:201B0000005A00005A00005A00005A00005A00005A00005A00005A00005A00005A00005AE7
:201B200000005A00005A00005A00005A00005A0000DA00005A00005A00005A00005A0000A1
:201B40005A00005A00005A00005A00005A00005A00005A00005A00005A00005A00005A1097
:201B6000005A00005A00005A00005A00005A00005A00005A00005A00005A00005A00005A87
:201B800000005A00005A00005A00005A00005A0000DA00005A00005A00005A00005A000041
:201BA0005A00005A00005A00005A00005A00005A00005A00005A00005A00005A00005A1037
:201BC000005A0C0F5A00005A00005A0C085A0C045A00005A00005A00005A00005A00005AE8
:201BE00000005A00005A00005A00005A00005A00005A00005A00005A00005A00005A000061
:201C00005A00005A00005A00005A00005A00005A00005A00005A00005A00005A00005A10D6
:201C2000005A0C0F5A00005A00005A0C085A0C041800005A00005A00005A00005A00005AC9
:201C400000005A00005A00005A00005A00005A00005A00005A00005A00005A00005A000000
:201C60005A00005A00005A00005A00005A00005A00005A00005A00005A00005A00005A1076
:201C8000001800001800002400005A30005A00005A00005A00005A00005A00005A00005AF0
:201CA00000005A00005A00005A00005A00005A00005A00005A00005A00005A00005A0000A0
:201CC0005A00005A00005A00005A00005A00005A00005A00005A00005A00005A00005A1016
:201CE000002700005A00005A00005A00005A00005A00005A00005A00005A00005A00005A39
:201D000000005A00005A00005A00005A00005A00005A00005A00005A00005A00005A00003F
:201D20005A00005A00005A00005A00005A00005A00005A00005A00005A00005A00005A10B5
:201D4000003009403029005A00005A00005A00005A00005A00005A00005A00005A00005A87
:201D600000005A00005A00005A00005A00005A00005A00005A00005A00005A00005A0000DF
:201D80005A00005A00005A00005A00005A00005A00005A00005A00005A00005A00005A1055
:201DA000002A00002A00002900002900002800002800002700002600002500002400002473
:201DC00000002400002400002400002400002400002400002400002400002400002400009B
:201DE0002400002440005A00005A00005A00005A00005A00005A00005A00005A00005A1021
:201E0000003009403029005A00005A00005A00005A00005A00005A00005A00005A00005AC6
:201E200000005A00005A00005A00005A00005A00005A00005A00005A00005A00005A00001E
:201E40005A00005A00005A00005A00005A00005A00005A00005A00005A00005A00005A1094
:201E6000005A00005A09005A00005A00005A00005A00005A00005A00005A00005A00005A7B
:201E800000005A00005A00005A00005A00005A00005A00005A00005A00005A00005A0000BE
:201EA0005A00005A00005A00005A00005A00005A00005A00005A00005A00005A00005A1034
:201EC000002E00002A00002700002500002400005A00005A00005A00005A00005A00005A1E
:201EE00000005A00005A00005A00005A00005A00005A00005A00005A00005A00005A00005E
:201F00005A00005A00005A00005A00005A00005A00005A00005A00005A00005A00005A10D3
:201F2000002000005A00002500005A00005A00005A00005A00005A00005A00005A00005A32
:201F400000005A00005A00005A00005A00005A00005A00005A00005A00005A00005A0000FD
:201F60005A00005A00005A00005A00005A00005A00005A00005A00005A00005A00005A1073
:201F8000002000000000002400005A00005A00005A00005A00005A00005A00005A00005A2D
:201FA00000005A00005A00005A00005A00005A00005A00005A00005A00005A00005A00009D
:201FC0005A00005A00005A00005A00005A00005A00005A00005A00005A00005A00005A1013
:201FE000002A00002900002700002A00002A00002900002900002800002800002700002624
:20200000000025000024000024000024000024000024000024000024000024000024000057
:202020002400002400005A00005A00005A00005A00005A00005A00005A00005A00005A101E
:2020400000C140C14341458147C149014C014C014C4151014C41518153C15501400143015B
:202060004301430149014301430143014301430143415481568141C15801460146814A4116
:202080004E814D414EC14F0152C1520155415741428144C1464148414BC14CC14C815001E1
:2020A0004F8150014FC146015808BFF08159800880F2E159C0083F9B415A802BBFD1000013
:2020C00080083FF0000080083FF0000080083FF0A15A80083FB0000080087F2000008008BA
:2020E0003F20000080083FF0000080083FF0000080083FF0000080083FF0000080083FF0EE
:202100000000803F200F015B803F200E615B803F200B0000803F20000000803F2001000023
:20212000803F20000000803F20070000803F20000000803F20000000803F200EC15B803F54
:2021400020000000803F200B215C803F20000000803F20000000803F2000000080F2815C0C
:202160000200001CE15C3F0000E2415D020000A1A15D670000F1015E3F000081615EF1007D
:20218000008200004C000091C15E000000D1215F000000B2815F000000A1E15F290000F8DC
:2021A00000003F0000F800003F0000F800003F0000F800003F0000022C1224457ABCCDEFA0
:2021C000F234578ACEFFFF0000112223334446778ABCCDEEEEDEFC04532554D9ABCDEFCBFE
:2021E00079BAED77833110034689BCEEFFEC985321000113468CFFFFFFFFFFFFFFFFFF0034
:2022000000000000000000FFFFFFFF000000000000000000000000FFFF00000000000000C4
:202220000000000000000000111116664444558677831116BBCFCF88763211000123457801
:202240009BEFFFECBA7777468ABDEEFFFFFFFF0123456789ABCDEFFFEEDB99888777667766
:2022600066554311111100000000000006CFFF011135678878BDEF035BFFFEB7410FFFFCA2
:20228000ECFFFD84AFF60F99999999999999999999999999999999FEDDDCABB88777987668
:2022A000543322111111101ACEFFFEDCCBA988766554332110000006004041605B6075606B
:0C22C0008F60A96003615D610000B761E0
:20400000202820005A00005A00005A00002820005A00005A00005A00002B20005A00005AD5
:2040200000005A00002B20005A00005A00005A00002B20005A00002620005A00005A00002E
:204040005A00002620005A00005A00005A00002420005A00002120005A00002420005A00DB
:20406000002420005A00005A00005A00002420005A00005A00005A00002820005A00005AA0
:2040800000005A00002820005A00002820005A00002120005A00002620005A00005A0000ED
:2040A0005A00002620005A00005A00005A00002420005A00002B20005A00002A20005A006B
:2040C000001C10005A00005A0C085A00001C10005A00005A0C085A00001F10005A00005A61
:2040E0000C085A00001F10005A00005A0C085A00001F10005A00001A10005A00005A0C0886
:204100005A00001A10005A00005A0C085A00001810005A00001510005A00001810005A0076
:20412000001810005A00005A0C085A00001810005A00005A0C085A00001C10005A00005A0B
:204140000C085A00001C10005A00001C10005A00001510005A00001A10005A00005A0C0874
:204160005A00001A10005A00005A0C085A00001810005A00001F10005A00001E10005A0006
:204180000010C0005A00005A00005A00005A00005A00005A00005A00005A00005A00005ACB
:2041A00000005A000013C0005A00005A00005A00000EC0005A00005A00005A00005A00008E
:2041C0005A00005A00005A00005A00005A00005A00005A000015C0005A00005A00005A0086
:2041E000000CC0005A00005A00005A00005A00005A00005A00005A00005A00005A00005A6F
:2042000000005A00005A00005A00005A00005A00000EC0005A00005A00005A00005A0000A6
:204220005A00005A00005A00005A00005A00005A00005A000013C0005A00005A00005A0027
:20424000005A00005A00005A00005A00005A00005A00005A00005A00005A00005A00005A80
:2042600000005A00005A00005A00005A00005A00005A00005A00005A00005A00005A0000BA
:204280005A00005A00005A00005A00005A00005A00005A00005A00005A00005A00005A0040
:2042A000005A00005A00005A00005A00005A00005A00005A00005A00005A00005A00005A20
:2042C00000005A00005A00005A00005A00005A00005A00005A00005A00005A00005A00005A
:2042E0005A00005A00005A00005A00005A00005A00005A00005A00005A00005A00005A00E0
:20430000002820005A00005A00005A00002820005A00005A00005A00002B20005A00005AF2
:2043200000005A00002B20005A00002B20005A00002B20005A00002620005A00005A00003A
:204340005A00002620005A00005A00005A00002420005A00002120005A00002420005A00D8
:20436000002420005A00005A00005A00002420005A00002620005A00002820005A00005AB1
:2043800000005A00002820005A00002820005A00002120005A00002620005A00005A0000EA
:2043A0005A00002620005A00005A00005A00002D20005A00002B20005A00002A20005A005F
:2043C000001C10005A00005A0C085A00001C10005A00005A0C085A00001F10005A00005A5E
:2043E0000C085A00001F10005A00005A0C085A00001F10005A00001A10005A00005A0C0883
:204400005A00001A10005A00005A0C085A00001810005A00001510005A00001810005A0073
:20442000001810005A00005A0C085A00001810005A00001A10005A00001C10005A00005A4C
:204440000C085A00001C10005A00001C10005A00001510005A00001A10005A00005A0C0871
:204460005A00001A10005A00005A0C075A00002110005A00001F10005A00001E10005A00FB
:20448000001F20005A00001D10005A00001F70005A00001D10005A00001F20005A00001DD6
:2044A00010005A00001F70005A00001D10005A00001F20005A00001D10005A00001F700073
:2044C0005A00001D10005A00001F20005A00001D10005A00001F70005A00001D10005A006B
:2044E000001F20005A00001D10005A00001F70005A00001D10005A00001F20005A00001D76
:2045000010005A00001F70005A00001D10005A00001F20005A00001D10005A00001F700012
:204520005A00001D10005A00001F20005A00001D10005A00001F70005A00001D10005A000A
:204540000010C0005A00001090005A000010C0005A00001090005A000010C0005A000010D9
:2045600090005A000013C0005A00001390005A00000EC0005A00000E90005A00000EC00039
:204580005A00000E90005A00000EC0005A00000E90005A00000EC0005A00000E90005A0089
:2045A000000CC0005A00000C90005A00000CC0005A00000C90005A00000CC0005A00000C91
:2045C00090005A00000CC0005A00000C90005A00000EC0005A00000E90005A00000EC000E7
:2045E0005A00000E90005A00000EC0005A00000E90005A000013C0005A00001390005A001F
:20460000002820005A00005A00005A00005A00005A00005A00005A00005A00005A00005ACE
:2046200000005A00005A00005A00005A00005A00005A00005A00005A00005A00005A0000F6
:204640005A00005A00005A00005A00005A00005A00005A00005A00005A00005A00005A007C
:20466000005A00005A00005A00005A00005A00005A00005A00005A00005A00005A00005A5C
:2046800000005A00005A00005A00005A00005A00005A00005A00005A00005A00005A000096
:2046A0005A00005A00005A00005A00005A00005A00005A00005A00005A00005A00005A001C
:2046C000001C10005A00005A0C085A00005A00005A00001C1C085A00005A00005A00005A30
:2046E00000005A00005A00005A00005A00005A00005A00005A00005A00005A00005A000036
:204700005A00005A00005A00005A00005A00005A00005A00005A00005A00005A00005A00BB
:20472000005A00005A00005A00005A00005A00005A00005A00005A00005A00005A00005A9B
:2047400000005A00005A00005A00005A00005A00005A00005A00005A00005A00005A0000D5
:204760005A00005A00005A00005A00005A00005A00005A00005A00005A00005A00005A005B
:20478000005A0C005A00005A00005A00005A00005A00005A00005A00005A00005A00005A2F
:2047A00000005A00005A00005A00005A00005A00005A00005A00005A00005A00005A000075
:2047C0005A00005A00005A00005A00005A00005A00005A00005A00005A00005A00005A00FB
:2047E000005A00005A00005A00005A00005A00005A00005A00005A00005A00005A00005ADB
:2048000000005A00005A00005A00005A00005A00005A00005A00005A00005A00005A000014
:204820005A00005A00005A00005A00005A00005A00005A00005A00005A00005A00005A009A
:20484000001F50005A00005A00005A00001F70005A00001D10005A00001D10005A00001FC5
:2048600020005A00001F70001F70001F70001F7D015A00005A00005A00005A00005A0000B2
:204880005A00005A00005A00005A00005A00005A00005A00005A00005A00005A00005A003A
:2048A000005A00005A00005A00005A00005A00005A00005A00005A00005A00005A00005A1A
:2048C00000005A00005A00005A00005A00005A00005A00005A00005A00005A00005A000054
:2048E0005A00005A00005A00005A00005A00005A00005A00005A00005A00005A00005A00DA
:20490000001022C05A0C005A00005A00005A00005A00005A00005A00001022C05A0C005A71
:2049200000005A00005A00005A00005A00005A00001022C05A0C005A00005A00005A00004F
:204940005A00005A00005A00000E22C05A0C005A00005A00005A00005A00005A00005A00D7
:20496000000C22C05A0C005A00005A00005A00005A00005A00005A00000C22C05A0C005A19
:2049800000005A00005A00005A00005A00005A00000E22C05A0C005A00005A00005A0000F1
:2049A0005A00005A00005A00001022C05A0C005A00005A00005A00005A00005A00005A0075
:2049C000000480005A00005A00005A00000480005A00005A00005A00000480005A00005A7B
:2049E00000005A00000780005A00005A00005A00000280005A00005A00005A00005A0C06CC
:204A00005A00000280005A00005A00005A00005A0C065A00000980005A00005A00005A0C43
:204A2000060080005A00005A00005A00000080005A00005A00005A00000080005A00005A20
:204A400000005A00000080005A00005A00005A00000280005A00005A00005A00005A0C0672
:204A60005A00000280005A00005A00005A00005A0C065A00000780005A00005A00005A00F1
:204A80000010D0005A00005A00005A0C0910D0005A00005A00005A0C0910D0005A00005A7C
:204AA00000005A0C0913D0005A00005A00005A0C090ED0005A00005A00005A0C095A000026
:204AC0005A00000ED0005A00005A00005A0C095A00005A000015D0005A00005A00005A0CC8
:204AE000090CD0005A00005A00005A0C090CD0005A00005A00005A0C090CD0005A00005A1F
:204B000000005A0C090CD0005A00005A00005A0C090ED0005A00005A00005A0C095A0000CC
:204B20005A00000ED0005A00005A00005A0C095A00005A000013D0005A00005A00005A0C69
:204B4000090480005A00005A00005A00000480005A00005A00005A00000480005A00005AF0
:204B600000005A00000780005A00005A00005A00000280005A00005A00005A00005A0C064A
:204B80005A00000280005A00005A00005A00005A0C065A00000980005A00005A00005A0CC2
:204BA000060080005A00005A00005A00000080005A00005A00005A00000080005A00005A9F
:204BC00000005A00000080005A00005A00005A00000280005A00005A00005A0C065A0000F1
:204BE0005A00000E80005A00005A00005A00005A0C065A00000780005A00005A00005A0064
:204C00000010D0005A00005A00005A0C0910D0005A00005A00005A0C0910D0005A00005AFA
:204C200000005A0C0913D0005A00005A00005A0C090ED0005A00005A00005A0C095A0000A4
:204C40005A00000ED0005A00005A00005A0C095A00005A000015D0005A00005A00005A0C46
:204C6000090CD0005A00005A00005A0C090CD0005A00005A00005A0C090CD0005A00005A9D
:204C800000005A0C090CD0005A00005A00005A0C090ED0005A00005A00005A0C095A00004B
:204CA0005A00001AD0005A00005A00005A0C095A00005A000013D0005A00005A00005A0CDC
:204CC000092830005A00005A0C085A00002830005A00005A0C085A00002B30005A00005AC8
:204CE0000C085A00002B30005A00005A0C085A00002B30005A00002630005A00005A0C08F6
:204D00005A00002630005A00005A0C085A00002430005A00002130005A00002430005A00BA
:204D2000002430005A00005A0C085A00002430005A00005A0C085A00002830005A00005A7B
:204D40000C085A00002830005A00002830005A00002130005A00002630005A00005A0C08B8
:204D60005A00002630005A00005A0C085A00002430005A00002B30005A00002A30005A004A
:204D8000002830005A00005A0C085A00002830005A00005A0C085A00002B30005A00005A10
:204DA0000C085A00002B30005A00005A0C085A00002B30005A00002630005A00005A0C0835
:204DC0005A00002630005A00005A0C085A00002430005A00002130005A00002430005A00FA
:204DE000002430005A00005A0C085A00002430005A00002630005A00002830005A00005AD3
:204E00000C085A00002830005A00002830005A00002130005A00002630005A00005A0C08F7
:204E20005A00002630005A00005A0C075A00002D30005A00002B30005A00002A30005A0081
:204E4000002890002820005A00005A00005A00005A00005A00005A00005A00005A00005A28
:204E600000005A00005A00005A00005A00005A00005A00005A00005A00005A00005A0000AE
:204E80005A00005A00005A00005A00005A00005A00005A00005A00005A00005A00005A0034
:204EA000005A00005A00005A00005A00005A00005A00005A00005A00005A00005A00005A14
:204EC00000005A00005A00005A00005A00005A00005A00005A00005A00005A00005A00004E
:204EE0005A00005A00005A00005A00005A00005A00005A00005A00005A00005A00005A00D4
:204F0000001C10005A00005A00005A00005A00005A00005A00005A00005A00005A00005AE1
:204F200000005A00005A00005A00005A00005A00005A00005A00005A00005A000010200017
:204F40005A00005A00005A00005A00005A00005A00005A00005A00005A00005A00005A0073
:204F6000005A00005A00005A00005A00005A00005A00005A00005A00005A00005A00005A53
:204F800000005A00005A00005A00005A00005A00005A00005A00005A00005A00005A00008D
:204FA0005A00005A00005A00005A00005A00005A00005A00005A00005A00005A00005A0013
:204FC0000010C0005A00005A00005A00005A00005A00005A00005A00005A00005A00005A7D
:204FE00000005A00005A0C095A00005A00005A00005A0C015A00005A00005A00005A0C00FF
:205000005A00005A00005A00005A00005A00005A00005A00005A00005A00005A00005A00B2
:20502000005A00005A00005A00005A00005A00005A00005A00005A00005A00005A00005A92
:2050400000005A00005A00005A00005A00005A00005A00005A00005A00005A00005A0000CC
:205060005A00005A00005A00005A00005A00005A00005A00005A00005A00005A00005A0052
:20508000005A00005A00005A00005A00005A00005A00005A00005A00005A00005A00005A32
:2050A00000005A00005A00005A00005A00005A00005A00005A00005A00005A00005A00006C
:2050C0005A00005A00005A00005A00005A00005A00005A00005A00005A00005A00005A00F2
:2050E000005A0D015A00005A00005A00005A00005A00005A00005A00005A00005A00005AC4
:2051000000005A00005A00005A00005A00005A00005A00005A00005A00005A00005A00000B
:205120005A00005A00005A00005A00005A00005A00005A00005A00005A00005A00005A0091
:20514000001092C00480005A00005A00000480005A00005A00005A00001092C00480005AE3
:2051600000005A00000780005A00005A00005A00001092C00280005A00005A00005A0C063C
:205180005A00000280005A00001092C00280005A0C065A00000980005A00005A00005A0C8C
:2051A000061092C00080005A00005A00000080005A00005A00005A00001092C00080005A89
:2051C00000005A00000080005A00005A00005A00001092C00280005A00005A00005A0C06E3
:2051E0005A00000280005A00001092C00280005A0C065A00000780005A00005A00005A003A
:20520000005A02015A00005A00005A00005A00005A00005A00005A00005A00005A00005AAD
:2052200000005A00005A00005A00005A00005A00005A00005A00005A00005A00005A0000EA
:205240005A00005A00005A00005A00005A00005A00005A00005A00005A00005A00005A1060
:20526000005A02035A00005A00005A00005A00005A00005A00005A00005A00005A00005A4B
:2052800000005A00005A00005A00005A00005A00005A00005A00005A00005A00005A00008A
:2052A0005A00005A00005A00005A00005A00005A00005A00005A00005A00005A00005A1000
:2052C000005A01015A01015A01015A01015A02015A02015A02015A12015A00005A00005ACC
:2052E00000005A00005A00005A00005A00005A00005A00005A00005A00005A00005A00002A
:205300005A00005A00005A00005A00005A00005A00005A00005A00005A00005A00005A109F
:20532000004400004420005A00005A00005A00005A00005A00005A00005A00005A00005A9B
:2053400000005A00005A00005A00005A00005A00005A00005A00005A00005A00005A0000C9
:205360005A00005A00005A00005A00005A00005A00005A00005A00005A00005A00005A103F
:20538000004300004320005A00005A00005A00005A00005A00005A00005A00005A00005A3D
:2053A00000005A00005A00005A00005A00005A00005A00005A00005A00005A00005A000069
:2053C0005A00005A00005A00005A00005A00005A00005A00005A00005A00005A00005A10DF
:2053E000004200004100004000004040005A00005A00005A00005A00005A00005A00005AF4
:2054000000005A00005A00005A00005A00005A00005A00005A00005A00005A00005A000008
:205420005A00005A00005A00005A00005A00005A00005A00005A00005A00005A00005A107E
:20544000004400004420005A00005A00005A00005A00005A00005A00005A00005A00005A7A
:2054600000005A00005A00005A00005A00005A00005A00005A00005A00005A00005A0000A8
:205480005A00005A00005A00005A00005A00005A00005A00005A00005A00005A00005A101E
:2054A000003C00003C20005A00005A00005A00005A00005A00005A00005A00005A00005A2A
:2054C00000005A00005A00005A00005A00005A00005A00005A00005A00005A00005A000048
:2054E0005A00005A00005A00005A00005A00005A00005A00005A00005A00005A00005A10BE
:20550000003400003420005A00005A00005A00005A00005A00005A00005A00005A00005AD9
:2055200000005A00005A00005A00005A00005A00005A00005A00005A00005A00005A0000E7
:205540005A00005A00005A00005A00005A00005A00005A00005A00005A00005A00005A105D
:20556000003C00003C20005A00005A00005A00005A00005A00005A00005A00005A00005A69
:2055800000005A00005A00005A00005A00005A00005A00005A00005A00005A00005A000087
:2055A0005A00005A00005A00005A00005A00005A00005A00005A00005A00005A00005A10FD
:2055C000003C00003C20005A00005A00005A00005A00005A00005A00005A00005A00005A09
:2055E00000005A00005A00005A00005A00005A00005A00005A00005A00005A00005A000027
:205600005A00005A00005A00005A00005A00005A00005A00005A00005A00005A00005A109C
:20562000003400003320005A00005A00005A00005A00005A00005A00005A00005A00005AB9
:2056400000005A00005A00005A00005A00005A00005A00005A00005A00005A00005A0000C6
:205660005A00005A00005A00005A00005A00005A00005A00005A00005A00005A00005A103C
:20568000004400004420005A00005A00005A00005A00005A00005A00005A00005A00005A38
:2056A00000005A00005A00005A00005A00005A00005A00005A00005A00005A00005A000066
:2056C0005A00005A00005A00005A00005A00005A00005A00005A00005A00005A00005A10DC
:2056E000003400003320005A00005A00005A00005A00005A00005A00005A00005A00005AF9
:2057000000005A00005A00005A00005A00005A00005A00005A00005A00005A00005A000005
:205720005A00005A00005A00005A00005A00005A00005A00005A00005A00005A00005A107B
:20574000003F00003200003500002200002400002460005A00005A00005A00005A00005A17
:2057600000005A00005A00005A00005A00005A00005A00005A00005A00005A00005A0000A5
:205780005A00005A00005A00005A00005A00005A00005A00005A00005A00005A00005A101B
:2057A000003100002F00002D00002B00002B00002B60005A00005A00005A00005A00005AB9
:2057C00000005A00005A00005A00005A00005A00005A00005A00005A00005A00005A000045
:2057E0005A00005A00005A00005A00005A00005A00005A00005A00005A00005A00005A10BB
:20580000002C00002B00002A00002900002800002860005A00005A00005A00005A00005A6C
:2058200000005A00005A00005A00005A00005A00005A00005A00005A00005A00005A0000E4
:205840005A00005A00005A00005A00005A00005A00005A00005A00005A00005A00005A105A
:20586000002400002400002400002400002400002460005A00005A00005A00005A00005A2E
:2058800000005A00005A00005A00005A00005A00005A00005A00005A00005A00005A000084
:2058A0005A00005A00005A00005A00005A00005A00005A00005A00005A00005A00005A10FA
:2058C00000014001430140014301460149014901490149C14C814DC14C814D0140014341D3
:2058E0004EC140C143C140C143C146C149C149C149414B4151415141514151C140C1430151
:205900004F81418141414541458147814A814A814A014C814A814A814A814A81418141C1C1
:205920004F4142414281448144414881448144814481448144814481448144414241428150
:20594000500040B10152800080B10000800080F10000800030B80000C00070B80000C00001
:20596000B0B80000C00000B80000800040B86152800080B800008000C0B8C152801C80B28B
:205980000000C01980B50000804700B70000801560B70000C0008008000080802001000066
:2059A000C08020020000C08020030000C08020040000C08020050000C08020060000C00033
:2059C000200700008000200800008000200900008000200A00008000200B00008000200C4E
:2059E00000008000200D00008000200E00008000200F0000809121537000009181536000E3
:205A00000091E15300000092415400000094A154000000940155000000B16155000000B10F
:205A2000C155800000B12156800000918156800000B2E156400000B14157560000B7A157C9
:205A4000000000B7015880000008615800000088888888888888888888888888888888FF76
:205A6000FF0000000000000000000000000000FFFFFFFF000000000000000000000000FF2C
:205A8000FFFFFFFF0000000000000000000000FFFFFFFFFFFF00000000000000000000FF11
:205AA000FFFFFFFFFFFF000000000000000000FFFFFFFFFFFFFFFF0000000000000000CC28
:205AC000CCCCCCCCCCCCCC3333333333333333AAAAAAAAAAAAAAAA55555555555555558E14
:205AE000FFFEEFFFEEFFFFE100011000110001FFFFCCCCFFFFCCCC0000333300003333FED5
:205B0000DCBA98765432100123456789ABCDEFFFFFBA98A987321034564567BCDECDEF8FAE
:205B200082887DEEED86CDD8DDD5D34556F531FFFEFDFCFBFAF9F8E7D6C5B4A3928170005A
:205B4000000000000000000000000000000000060040C158E1580159215941599B59F559FD
:045B600000004F5A98
:020000040034C6
:200000001E1F10005A00005A00005A00001F10005A00001710005A00005A00005A000017B0
:2000200010005A00005A00005A00001710005A00001A10005A00005A00005A00001A1000BF
:200040005A00001A10005A00005A00005A00001F10005A00005A00005A00001E10005A0049
:20006000001C10005A00005A00005A00001C10005A00001A10005A00005A00005A00001A6E
:2000800010005A00005A00005A00001710005A00001810005A00005A00005A000018100063
:2000A0005A00001E10005A00005A00005A00001E10005A00005A00005A00001E10005A00E6
:2000C000005A00005A00005A00005A00005A00005A00005A00005A00005A00005A00005A42
:2000E00000005A00005A00005A00005A00005A00005A00005A00005A00005A00005A00007C
:200100005A00005A00005A00005A00005A00005A00005A00005A00005A00005A00005A0001
:20012000005A00005A00005A00005A00005A00005A00005A00005A00005A00005A00005AE1
:2001400000005A00005A00005A00005A00005A00005A00005A00005A00005A00005A00001B
:200160005A00005A00005A00005A00005A00005A00005A00005A00005A00005A00005A00A1
:200180000005A18C1010005A00005A00005A00005A00005A00005A00005A00005A00005AE3
:2001A00000005A00005A00005A00005A00005A000000A1BD0B10005A00005A00005A0000F6
:2001C0005A00005A00005A00005A00005A00005A00005A00005A00005A00005A00005A0041
:2001E0000001A1B20C10005A00005A00005A00005A00005A00005A00005A00005A00005A65
:2002000000005A00005A00005A00005A00005A000001A1B20C10005A00005A00005A00009E
:200220005A00005A00005A000003A19F0E10005A00005A00005A00005A00005A00005A0033
:20024000001F20005A00005A00005A00001F20005A00001720005A00005A00005A0000175C
:2002600020005A00005A00005A00001720005A00001A20005A00005A00005A00001A20003D
:200280005A00001A20005A00005A00005A00001F20005A00005A00005A00001E20005A00D7
:2002A000001C20005A00005A00005A00001C20005A00001A20005A00005A00005A00001AFC
:2002C00020005A00005A00005A00001720005A00001820005A00005A00005A0000182000E1
:2002E0005A00001E20005A00005A00005A00001E20005A00005A00005A00001E20005A0074
:20030000005A00005A00005A00005A00005A00005A00005A00005A00005A00005A00005AFF
:2003200000005A00005A00005A00005A00005A00005A00005A00005A00005A00005A000039
:200340005A00005A00005A00005A00005A00005A00005A00005A00005A00005A00005A00BF
:20036000005A00005A00005A00005A00005A00005A00005A00005A00005A00005A00005A9F
:2003800000005A00005A00005A00005A00005A00003710005A00005A00005A00005A0000EC
:2003A0005A00005A00005A00005A00005A00005A00005A00005A00005A00005A00005A005F
:2003C000001F30005A00005A00005A00001F30005A00001730005A00005A00005A000017AB
:2003E00030005A00005A00005A00001730005A00001A30005A00005A00005A00001A30007C
:200400005A00001A30005A00005A00005A00001F30005A00005A00005A00001E30005A0025
:20042000001C30005A00005A00005A00001C30005A00001A30005A00005A00005A00001A4A
:2004400030005A00005A00005A00001730005A00001830005A00005A00005A00001830001F
:200460005A00001E30005A00005A00005A00001E30005A00005A00005A00001E30005A00C2
:20048000003B20005A00005A00005A00005A00005A00005A00005A00005A00005A00005A7D
:2004A00000005A00005A00005A00005A00005A00005A00005A00005A00005A00005A0000B8
:2004C0005A00005A00005A00005A00005A00005A00005A00005A00005A00005A00005A003E
:2004E000005A00005A00005A00005A00005A00005A00005A00005A00005A00005A00005A1E
:2005000000005A00005A00005A00005A00005A00005A00005A00005A00005A00005A000057
:200520005A00005A00005A00005A00005A00005A00005A00005A00005A00005A00005A00DD
:2005400000378C00378C00378C00378C00378C00378C01378C01378C01378C01378C0137C1
:200560008C01378C01378C01378C02378C02378C02378C02378C02378C02378C02378C023E
:20058000378C03378C03378C03378C03378C03378C03378C03378C03378C04378C04378CDA
:2005A00004378C04378C04378C04378C04378C04378C05378C05378C05378C05378C053735
:2005C0008C05378C05378C05378C06378C06378C06378C06378C06378C06378C06378C06B2
:2005E000378C07378C07378C07378C07378C07378C07378C07378C08378C08378C08378C51
:20060000081E30005A00005A00005A00005A00005A00005A00005A00005A00005A00005A00
:2006200000005A00005A00005A00005A00005A00005A00005A00005A00005A00005A000036
:200640005A00005A00005A00005A00005A00005A00005A00005A00005A00005A00005A00BC
:20066000005A00005A00005A00005A00005A00005A00005A00005A00005A00005A00005A9C
:2006800000005A00005A00005A00005A00005A00005A00005A00005A00005A00005A0000D6
:2006A0005A00005A00005A00005A00005A00005A00005A00005A00005A00005A00005A005C
:2006C000005A00005A00005A00005A00005A00005A00005A00005A00005A00005A00005A3C
:2006E00000005A00005A00005A00005A00005A0D015A00005A00005A00005A00005A000068
:200700005A00005A00005A00005A00005A00005A00005A00005A00005A00005A00005A00FB
:20072000005A00005A00005A00005A00005A00005A00005A00005A00005A00005A00005ADB
:2007400000005A00005A00005A00005A00005A00005A00005A00005A00005A00005A000015
:200760005A00005A00005A00005A00005A00005A00005A00005A00005A00005A00005A009B
:20078000003730005A00003730005A00003730005A00003730005A00003730005A0000375D
:2007A00030003730005A00003730003730005A00005A00005A00005A00005A00005A00005E
:2007C0005A00005A00005A00005A00005A00005A00005A00005A00005A00005A00005A003B
:2007E000005A00005A00005A00005A00005A00005A00005A00005A00005A00005A00005A1B
:2008000000005A00005A00005A00005A00005A00005A00005A00005A00005A00005A000054
:200820005A00005A00005A00005A00005A00005A00005A00005A00005A00005A00005A00DA
:20084000003022695A00001010005A00003022695A00001010005A00003022695A00001055
:2008600010005A00003022695A00001010005A00003022695A00000B10005A00003022693A
:200880005A00000B10005A00003022695A00000B10005A00003022695A00000B10005A0075
:2008A000003022695A00000C10005A00003022695A00000C10005A00003022695A00000C01
:2008C00010005A00003022695A00000C10005A00003022695A00000C10005A0000302269DD
:2008E0005A00000C10005A00003022695A00000E10005A00003022695A00000E10005A000E
:20090000003720005A00005A00005A00001340005A00005A00005A00001340005A00005A0A
:2009200000005A00001340005A00005A00005A00001340005A00005A00005A000013400048
:200940005A00005A00005A00001340005A00005A00005A00001340005A00005A00005A00C7
:20096000001340005A00005A00005A00001340005A00005A00005A00001340005A00005AAE
:2009800000005A00001340005A00005A00005A00001340005A00005A00005A0000134000E8
:2009A0005A00005A00005A00001340005A00005A00005A00001340005A00005A00005A0067
:2009C000001340005A00005A00005A00001340005A00005A00005A00001340005A00005A4E
:2009E00000005A00001340005A00005A00005A00001340005A00005A00005A000013400088
:200A00005A00005A00005A00001340005A00005A00005A00001340005A00005A00005A0006
:200A2000001340005A00005A00005A00001340005A00005A00005A00001340005A00005AED
:200A400000005A00001340005A00005A00005A00001340005A00005A00005A000013400027
:200A60005A00005A00005A00001340005A00005A00005A00001340005A00005A00005A00A6
:200A8000005A00005A00005A00005A00002810005A00005A00005A00005A00005A00005A9A
:200AA00000005A00002810005A00005A00005A00005A00005A00005A00005A0000231000FB
:200AC0005A00005A00005A00005A00005A00005A00005A00002310005A00005A00005A005F
:200AE000005A00005A00005A00005A00002410005A00005A00005A00005A00005A00005A3E
:200B000000005A00002410005A00005A00005A00005A00005A00005A00005A00002410009D
:200B20005A00005A00005A00005A00005A00005A00005A00002610005A00005A00005A00FB
:200B4000003720005A00005A00005A00002B30005A00005A00005A00001340005A00005AC0
:200B600000005A00002B30005A00005A00005A00001340005A00005A00005A00002B3000F6
:200B80005A00005A00005A00001340005A00005A00005A00002B30005A00005A00005A007D
:200BA000001340005A00005A00005A00002B30005A00005A00005A00001340005A00005A64
:200BC00000005A00002B30005A00005A00005A00001340005A00005A00005A00002B300096
:200BE0005A00005A00005A00001340005A00005A00005A00002B30005A00005A00005A001D
:200C0000001340005A00005A00005A00002B30005A00005A00005A00001340005A00005A03
:200C200000005A00002B30005A00005A00005A00001340005A00005A00005A00002B300035
:200C40005A00005A00005A00001340005A00005A00005A00002B30005A00005A00005A00BC
:200C6000001340005A00005A00005A00002B30005A00005A00005A00001340005A00005AA3
:200C800000005A00002B30005A00005A00005A00001340005A00005A00005A00002B3000D5
:200CA0005A00005A00005A00001340005A00005A00005A00002B30005A00005A00005A005C
:200CC000001C30005A00005A00005A00001A30005A00001730005A00001C30005A00005A75
:200CE00000005A00001A30005A00001730005A00005A00005A00005A00005A0000133000AA
:200D00005A00001030005A00001730005A00005A00005A00001330005A00001030005A0053
:200D2000001C30005A00005A00005A00001A30005A00001730005A00001330005A00001760
:200D400030005A00001A30005A00001330005A00001A30005A00001A30001A30005A000036
:200D60001A30001A30005A00001C30005A00005A00005A00001A30005A00005A00005A00D3
:200D8000005A00005A00005A00005A00005A00005A0C095A00005A00005A0C045A00005A50
:200DA00000005A0C005A00005A00005A00005A00005A00005A00005A00005A00005A0000A3
:200DC0005A00005A00005A00005A00005A00005A00005A00005A00005A00005A00005A0035
:200DE000005A00005A00005A00005A00005A00005A00005A00005A00005A00005A00005A15
:200E000000005A00005A00005A00005A00005A00005A00005A00005A00005A00005A00004E
:200E20005A00005A00005A00005A00005A00005A00005A00005A00005A00005A00005A00D4
:200E4000005A09805A09805A09405A09405A09005A09005A60005A00005A00005A00005A9E
:200E600000005A00005A00005A00005A00005A00005A00005A00005A00005A00005A0000EE
:200E80005A00005A00005A00005A00005A00005A00005A00005A00005A00005A00005A1064
:200EA000005A01005A01005A01005A01005A01005A01005A01005A02F05A02F05A02085A5F
:200EC00002085A02045A00005A00005A00005A0000DA00005A00005A00005A00005A0000FE
:200EE0005A00005A00005A00005A00005A00005A00005A00005A00005A00005A00005A1004
:200F0000005A01005A01005A02005A01005A01035A01005A01005A01005A01005A01005AE5
:200F200001005A01005A01005A01005A01005A0100DA00005A00005A00005A00005A0000A7
:200F40005A00005A00005A00005A00005A00005A00005A00005A00005A00005A00005A10A3
:200F6000004400004420005A00005A00005A00005A00005A00005A00005A00005A00005A9F
:200F800000005A00005A00005A00005A00005A00005A00005A00005A00005A00005A0000CD
:200FA0005A00005A00005A00005A00005A00005A00005A00005A00005A00005A00005A1043
:200FC0000001404142C143C1430146C143C143C143C1430146C14CC14CC14CC14CC140C1B1
:200FE00040C140C140C140C140C140C140814A814AC140814A814A814AC140C1408141816E
:201000004181418141C1464148414841484148C1464148414841488141814DC140014381E8
:2010200044414581470149C149414B014C8147414B014C014CC140C1400882F200008008FD
:2010400082F2414E800842F2000080083FF0000080083FF0000080083FF0000080083FF0F5
:20106000000080083FF0000080083FF0000080083FF0000080083FF0000080083FF00000DD
:2010800080083FF0000080083FF0000080083FF00000803F20000000803F4002A14E803F9D
:2010A0002003014F800020040000803F40050000803F20060000803F200A0000803F200068
:2010C0000000803F20000000803F20000000803F20000000803F20000000803F20000000B5
:2010E000803F20000000803F20000000800F00003F0000B400003F0000D1000035000091DA
:20110000614F6000009800003F0000F800003F0000F800003F0000F70000730000F8000018
:201120003F0000F800003F0000F800003F0000F800003F0000F800003F0000F800003F005D
:2011400000F800003F00008DFEA621000001358ACEFFFFFED951028DFEA621000001358A3E
:20116000CEFFFFFED951028CEFFEEFFFEEFFEC73100110001100138BBEABFFFFFBAEBB74B7
:2011800041540000045144FFEDCBA9876543210123456789ABCDEFFFFFCCCCFFFFCCCC0085
:2011A00000333300003333FFFFBA98A987321034564567BCDECDEF00000000000000000015
:2011C00000000000000000000000000000000000000000000000000000000000000000000F
:2011E000000000000000008F82887DEEFEEFD742000102688985310000000000000000003B
:201200000000000000000000000000000000000000000000000000000000000000000000CE
:201220000000000000000000000000000000000000000000000000000000000000000000AE
:1C12400000000000000000060040C14FDF4FFD4F1B5039509350ED500000475116
:020000040032C8
:20C000001C111C2F1110001D10001D10001B10001B10001810001810001B1C34181C3314A1
:20C0200010001410001310001310000F10000F10001110001110000F1C341B10001B100051
:20C040001B1C34181000181000181C345A00000C10000C10000F10000F10001310001310A7
:20C06000001110001110001B10001B10001D10001D10001810001810001D1C34181C331397
:20C0800010001310001410001410001610001610001B10001B1000161C341D10001D1000C3
:20C0A0001D1C34181000181000181C345A00001D10001D1000141000141000131000131019
:20C0C00000112C005A00005A00005A0000114C005A00005A00005A0000113C015A00005AA8
:20C0E00000005A0000115C015A00005A00005A00000F2C015A00005A00005A00000F4C01C4
:20C100005A00005A00005A00000F3C025A00005A00005A00000F5C025A00005A00005A003B
:20C12000000C2C035A00005A00005A00000C4C035A00005A00005A00000C3C045A00005A4D
:20C1400000005A00000C5C045A00005A00005A00000F2C065A00005A00005A00000F4C065B
:20C160005A00005A00005A00000F3C075A00005A00005A00000F5C085A00005A00005A00D0
:20C1800000111C0F5A00005A00005A00005A00005A00005A00005A00005A00005A00005ADF
:20C1A00000005A00005A00005A00005A00005A00000F10005A00005A00005A00005A000036
:20C1C0005A00005A00005A00005A00005A00005A00005A00005A00005A00005A00005A0081
:20C1E000000C10005A00005A00005A00005A00005A00005A00005A00005A00005A00005A9F
:20C2000000005A00005A00005A00005A00005A00000F10005A00005A00005A00005A0000D5
:20C220005A00005A00005A00005A00005A00005A00005A00005A00005A00005A00005A0020
:20C24000002615775A08FF5A00005A0000232C025A00005A00005A00005A00005A00005AAA
:20C2600000005A00005A00005A00005A00005A00005A00005A00005A00005A00005A00003A
:20C280005A00005A00005A00005A00005A00005A00005A00005A00005A00005A00005A00C0
:20C2A000005A00005A00005A00005A00005A00005A00005A00005A00005A00005A00005AA0
:20C2C00000005A00005A00005A00005A00005A00005A00005A00005A00005A00005A0000DA
:20C2E0005A00005A00005A00005A00005A00005A00005A00005A00005A00005A00005A0060
:20C3000000112C095A00005A00005A0000114C095A00005A00005A0000113C095A00005A4B
:20C3200000005A0000115C095A00005A00005A00000F2C095A00005A00005A00000F4C0969
:20C340005A00005A00005A00000F3C095A00005A00005A00000F5C095A00005A00005A00EB
:20C36000000C2C095A00005A00005A00000C4C095A00005A00005A00000C3C095A00005AFA
:20C3800000005A00000C5C095A00005A00005A00000F2C095A00005A00005A00000F4C090E
:20C3A0005A00005A00005A00000F3C095A00005A00005A00000F5C095A00005A00005A008B
:20C3C000005A00005A00005A00005A00005A00005A00005A00005A00005A00005A00005A7F
:20C3E00000005A00005A00005A00005A00005A000029CC045A00002ACC045A00002BCC04D9
:20C400005A00002CCC045A00002DCC055A00002ECC055A00002FCC055A000030CC055A0006
:20C420000031CC065A000032CC065A000033CC065A000034CC065A000035CC775A0000367A
:20C44000CC075A000038CC075A00003ACC075A00005A00005A00005A00005A00005A000021
:20C460005A00005A00005A00005A00005A00005A00005A00005A00005A00005A00005A00DE
:20C4800000112C0F5A00005A00005A00001120005A00005A00005A00001120005A00005A1E
:20C4A00000005A00001120005A00005A00005A00000F20005A00005A00005A00000F200077
:20C4C0005A00005A00005A00000F20005A00005A00005A00000F20005A00005A00005A00D4
:20C4E000000C20005A00005A00005A00000C20005A00005A00005A00000C20005A00005AE8
:20C5000000005A00000C20005A00005A00005A00000F20005A00005A00005A00000F20001B
:20C520005A00005A00005A00000F20005A00005A00005A00000F20005A00005A00005A0073
:20C54000002B1C2F5A00002B40002B40001350005A00002B40005A00001350005A00002BCB
:20C5600040002B40001350005A00002B40005A00001350005A00002B40002B400013500098
:20C580005A00002B40005A00001350005A00002B40002B40001350005A00002B40005A0067
:20C5A000001350005A00002B40002B40001350005A00002B40005A00001350005A00002B7E
:20C5C00040002B40001350005A00002B40005A00001350005A00002B40002B400013500038
:20C5E0005A00002B40005A00001350005A00002B40002B40001350005A00002B40005A0007
:20C6000000112C0F5A00001120005A00001120005A00001120005A00001120005A00001137
:20C6200020005A00001120005A00001120005A00000F20005A00000F20005A00000F200029
:20C640005A00000F20005A00000F20005A00000F20005A00000F20005A00000F20005A00D3
:20C66000000C20005A00000C20005A00000C20005A00000C20005A00000C20005A00000C10
:20C6800020005A00000C20005A00000C20005A00000F20005A00000F20005A00000F2000D3
:20C6A0005A00000F20005A00000F20000F20000F20000F20000F20000F20000F20000F201F
:20C6C000002610005A00001350005A00001350005A00001350005A00001350005A000013C3
:20C6E00050005A00001350005A00001350005A00001350005A00001350005A000013500039
:20C700005A00001350005A00001350005A00001350005A00001350005A00001350005A000E
:20C72000002610005A00001350005A00001350005A00001350005A00001350005A00001362
:20C7400050005A00001350005A00001350005A00001350005A00001350005A0000135000D8
:20C760005A00001350005A000013500013500013500013500013500013500013500013508A
:20C7800000157C08056C085A00005A00005A00005A00005A00005A0000056C485A00005AFE
:20C7A00000005A00005A00005A00005A00005A00005A00005A00005A00005A00005A0000F5
:20C7C0005A00005A00005A00005A00005A00005A00005A00005A00005A00005A00005A007B
:20C7E000005A00005A00005A00005A00005A00005A00005A00005A00005A00005A00005A5B
:20C8000000005A00005A00005A00005A00005A00005A00005A00005A00005A00005A000094
:20C820005A00005A00005A00005A00005A00005A00005A00005A00005A00005A00005A001A
:20C8400000112C095A00005A00005A0000114C075A00005A00005A0000113C055A00005A0C
:20C8600000005A0000115C035A00005A00005A00005A00005A00005A00005A00005A00001E
:20C880005A00005A00005A00005A00005A00005A00005A00005A00005A00005A00005A00BA
:20C8A000005A00005A00005A00005A00005A00005A00005A00005A00005A00005A00005A9A
:20C8C00000005A00005A00005A00005A00005A00005A00005A00005A00005A00005A0000D4
:20C8E0005A00005A00005A00005A00005A00005A00005A00005A00005A00005A00005A005A
:20C90000001D30005A00005A00005A00001D3C085A00000C1C005A00001D3C025A0C020CB0
:20C920001C005A00001D3C020C1C005A00005A00005A00005A00005A00005A00005A000088
:20C940005A00005A00005A00005A00005A00005A00005A00005A00005A00005A00005A00F9
:20C96000005A00005A00005A00005A00005A00005A00005A00005A00005A00005A00005AD9
:20C9800000005A00005A00005A00005A00005A00005A00005A00005A00005A00005A000013
:20C9A0005A00005A00005A00005A00005A00005A00005A00005A00005A00005A00005A0099
:20C9C000002A10005A00005A00005A00005A00005A00005A00005A00005A00005A00005A99
:20C9E00000005A00005A00005A00005A00005A0D015A00005A00005A00005A00005A0000A5
:20CA00005A00005A00005A00005A00005A00005A00005A00005A00005A00005A00005A0038
:20CA2000005A00005A00005A00005A00005A00005A00005A00005A00005A00005A00005A18
:20CA400000005A00005A00005A00005A00005A00005A00005A00005A00005A00005A000052
:20CA60005A00005A00005A00005A00005A00005A00005A00005A00005A00005A00005A00D8
:20CA800000057C0D056C0A5A00005A000005CC0A056C0A5A00005A0000057C0D056C4A5A2C
:20CAA00000005A00005A00005A00005A00005A0000037C0D036C0A5A00005A000003CC0A22
:20CAC000036C0A5A00005A0000037C0D036C4A5A00005A0000037C07036C345A00005A0053
:20CAE00000007C0D006C0A5A00005A000000CC0A006C0A5A00005A0000007C0D006C4A5AEA
:20CB000000005A00005A00005A00005A00005A0000037C0D036C0A5A00005A000003CC0AC1
:20CB2000036C0A5A00005A0000037C0D036C4A5A00005A0000037C07036C345A00005A00F2
:20CB4000001140001170001150005A00001140001170001150005A000011400011700011D8
:20CB600061175A01345A00001D3C091D40005A00000F40000F70000F50005A00000F400065
:20CB80000F70000F50005A00000F40000F70000F611C5A01395A00001B3C091B40005A0000
:20CBA000000C40000C70000C50005A00000C40000C70000C50005A00000C40000C70000CA5
:20CBC00061235A01415A0000183C091840005A00000F40000F70000F50005A00000F4000F6
:20CBE0000F70000F50005A00001440005A00005A0C065A00001340005A00000F40005A0033
:20CC0000002A10005A00005A00005A00005A00005A00002B4C095A00003160005A00005AF9
:20CC200000005A00005A00005A00002B4C095A000029A0005A00002B4C092B4C095A00008F
:20CC40002B4C093160005A00005A00005A00005A00005A000029A0005A00002B4C095A0004
:20CC6000001350005A00002B4C092B4C095A00005A00002B4C095A00003160005A00005A24
:20CC800000005A00005A00005A00002B4C095A000029A0005A00002B4C092B4C095A00002F
:20CCA0002B4C093160005A00005A00005A00005A00005A000029A0005A00002B4C095A00A4
:20CCC00000118C095A00005A00005A00005A00005A00005A00005A0000118C695A00005A7E
:20CCE00000005A00005A0CF35A00005A00005A00000F8C095A00005A00005A00005A000067
:20CD00005A00005A00005A00000F8C695A00005A00005A00005A0CF35A00005A00005A008C
:20CD2000000C8C095A00005A00005A00005A00005A00005A00005A00000C8C695A00005A27
:20CD400000005A00005A0CF35A00005A00005A00000F8C095A00005A00005A00005A000006
:20CD60005A00005A00005A00000F8C695A00005A00005A00005A0CF35A00005A00005A002C
:20CD8000001355775A00002B4C092B4C095A00005A00002B4C095A00003160005A00005A87
:20CDA00000005A00005A00005A00002B4C095A000029A0005A00002B4C092B4C095A00000E
:20CDC0002B4C093160005A00005A00005A00005A00005A000029A0005A00002B4C095A0083
:20CDE000001350005A00002B4C092B4C095A00005A00002B4C095A00003160005A00005AA3
:20CE000000005A00005A00005A00002B4C095A000029A0005A00002B4C092B4C095A0000AD
:20CE20002B4C093160005A00005A00005A00005A00005A000029A0005A00002B4C095A0022
:20CE400000119C2F1190001D90001D90001B90001B9000189000189000118C695A00005A9B
:20CE600000005A00005A0CF35A00005A00005A00001190001190005A00001B90001B9000FF
:20CE80005A00001890001890000F8C695A00005A00005A00005A0CF35A00005A00005A006F
:20CEA000001190001190001B90001B90001D90001D90001890001890000C8C695A00005A7B
:20CEC00000005A00005A0CF35A00005A00005A00001B90001B90005A00001D90001D900087
:20CEE0005A00001890001890000F6C695A00005A00005A00005A0CF35A00005A00005A002F
:20CF0000001D80005A00005A00005A00005A00005A00005A00005A00002783305A000020AA
:20CF200083305A00001F83305A00001B83305A00001D83305A00005A00005A00005A000058
:20CF40005A00002483305A00005A00005A00001883685A00001B83305A00001F83305A00E1
:20CF6000001D83305A00005A00005A00005A00005A00001883305A00001B83305A00001FB3
:20CF800083305A00002083305A00002283305A00001D83305A00005A00005A00005A0000F0
:20CFA0005A00002483305A00002983305A00005A00005A00002083305A00001F83305A00A3
:20CFC00000116C075A00005A00005A00005A00005A00005A00005A0000116C675A00005ABF
:20CFE00000005A00005A0CF15A00005A00005A00000F6C075A00005A00005A00005A000088
:20D000005A00005A00005A00000F6C675A00005A00005A00005A0CF15A00005A00005A00AD
:20D02000000C6C075A00005A00005A00005A00005A00005A00005A00000C6C675A00005A68
:20D0400000005A00005A0CF15A00005A00005A00000F6C075A00005A00005A00005A000027
:20D060005A00005A00005A00000F6C675A00005A00005A00005A0CF15A00005A00005A004D
:20D08000002990005A00005A00005A0000194C005A00005A00005A00003390005A00002C0D
:20D0A00090005A00002B90005A00002790005A00002990005A00005A00005A0000194C0034
:20D0C0005A00003090005A00005A00005A00002490005A00002790005A00002B90005A00F4
:20D0E000002990005A00005A00005A0000194C005A00002490005A00002790005A00002B60
:20D1000090005A00002C90005A00002E90005A00002990005A00005A00005A0000194C00CB
:20D120005A00003090005A00003590005A00005A00005A00002C90005A00002B90005A007D
:20D14000002990005A00005A00005A0000194C005A00005A00005A00005A00005A00005A87
:20D1600000005A00005A00005A00005A00005A00005A00005A00005A00005A00005A00002B
:20D180005A00005A00005A00005A00005A00005A00005A00005A00005A00005A00005A00B1
:20D1A000005A00005A00005A00005A00005A00005A00005A00005A00005A00005A00005A91
:20D1C00000005A00005A00005A00005A00005A00005A00005A00005A00005A00005A0000CB
:20D1E0005A00005A00005A00005A00005A00005A00005A00005A00005A00005A00005A0051
:20D20000000D4C005A00005A00005A00005A00005A00005A00005A00005A00005A00005A31
:20D2200000005A00005A00005A00005A00005A00005A00005A00005A00005A00005A00006A
:20D240005A00005A00005A00005A00005A00005A00005A00005A00005A00005A00005A00F0
:20D26000005A00005A00005A00005A00005A00005A00005A00005A00005A00005A00005AD0
:20D2800000005A00005A00005A00005A00005A00005A00005A00005A00005A00005A00000A
:20D2A0005A00005A00005A00005A00005A00005A00005A00005A00005A00005A00005A0090
:20D2C00000111C2F1110001D10001D10001B10001B1000181000181000118C665A00005A1A
:20D2E00000005A00005A0CF15A00005A00005A00001110001110005A00001B10001B10007D
:20D300005A00001810001810000F8C665A00005A00005A00005A0CF15A00005A00005A00EF
:20D32000001110001110001B10001B10001D10001D10001810001810000C8C665A00005AF9
:20D3400000005A00005A0CF05A00005A00005A00001B10001B10005A00001D10001D100005
:20D360005A00001810001810000F6C665A00005A00005A00005A0CF15A00005A00005A00AF
:20D380000030094025000025000030000024000024090030094024000024090030094024E2
:20D3A000000024090030094024090024000030094024090024094030090024094024090090
:20D3C00030094024090024094030090024090024090030090024090024094030090024195E
:20D3E0000030094024090024000030000024000024000030000024094024090030000024CD
:20D400000000240940300900240940240900300000240940240940300900240940240940AF
:20D420003009402409002409403009002409402409403009402409402409403009402419BD
:20D4400040300940240000240900300000240940240900300000240000240000300000242C
:20D46000000024000030000024000024000030000024000024000030000024000024000020
:20D480003000002400002400003000002400002400003000002400002400003000002410C0
:20D4A0000030000024000024000030000024000024000030000024000024000030000024B0
:20D4C0000000240000300000240000240000300000240000240000300000240000240000C0
:20D4E000300000240000240000300000240000240000300000240000240000300000241060
:20D50000003500003100002C00002800002300001F00002400002400002400005A00005AEF
:20D5200000005A00005A00005A00005A00005A00005A00005A00005A00005A00005A000067
:20D540005A00005A00005A00005A00005A00005A00005A00005A00005A00005A00005A10DD
:20D56000000E09402400005A09005A09405A00005A09005A09405A00005A09005A09405A10
:20D5800000005A09005A09405A00005A09005A09405A00005A09005A09405A00005A090008
:20D5A0005A09405A00005A09005A09405A00005A09005A09405A00005A09005A09405A103E
:20D5C000005A00005A09405A00005A00005A0C005A00005A00005A00005A00005A00005A18
:20D5E00000005A00005A00005A00005A00005A00005A00005A00005A00005A00005A0000A7
:20D600005A00005A00005A00005A00005A00005A00005A00005A00005A00005A00005A101C
:20D62000003000002A00002400005A00005A00005A00005A00005A00005A00005A00005A9C
:20D6400000005A00005A00005A00005A00005A00005A00005A00005A00005A00005A000046
:20D660005A00005A00005A00005A00005A00005A00005A00005A00005A00005A00005A10BC
:20D68000003500003100002C00002800002300001F00002400002400002400005A90005ADE
:20D6A00000005A00005A00005A00005A00005A00005A00005A00005A00005A00005A0000E6
:20D6C0005A00005A00005A00005A00005A00005A00005A00005A00005A00005A00005A105C
:20D6E000005A00005A00005A00005A00005A0C095A00005A00005A00005A0C065A00005A25
:20D7000000005A00005A0C035A00005A00005A00005A0C005A00005A00005A00005A00006A
:20D720005A00005A00005A00005A00005A00005A00005A00005A00005A00005A00005A10FB
:20D74000001808BF1C08FF2000002400005A00005A00005A00005A00005A00005A00005A0D
:20D7600000005A00005A00005A00005A00005A00005A00005A00005A00005A00005A000025
:20D780005A00005A00005A00005A00005A00005A00005A00005A00005A00005A00005A109B
:20D7A000005A08FB5A08FF5A00005A00005A0000240000200C091C0000180C095A0C095A32
:20D7C0000C0F5A00005A00005A00005A00005A00005A00005A00005A00005A00005A0000AA
:20D7E0005A00005A00005A00005A00005A00005A00005A00005A00005A00005A00005A103B
:20D80000005A0C0F5A00005A00005A00005A00005A00005A00005A00005A00005A00005A0F
:20D8200000005A00005A00005A00005A0C095A0C035A00005A00005A00005A00005A000040
:20D840005A00005A00005A00005A00005A00005A00005A00005A00005A00005A00005A10DA
:20D86000005A00005A00005A00005A00005A00005A00005A00005A00005A00005A00005ACA
:20D8800000005A00005A00005A00005A00005A00005A00005A00005A00005A00005A000004
:20D8A0005A00005A00005A00005A00005A00005A00005A00005A00005A00005A00005A107A
:20D8C000005A05775A00005A00005A05765A00005A00005A05755A00005A00005A05745A80
:20D8E00000005A00005A05755A00005A05765A00005A05775A00005A00005A05675A0000C7
:20D900005A00005A05575A00005A00005A05475A00005A05575A00005A05675A00005A10A9
:20D9200000180C0F2408BF5A08FF5A00005A00005A00005A00005A00005A0C095A00005A83
:20D9400000005A00005A00005A00005A00005A00005A0C035A00005A00005A00005A000034
:20D960005A00005A00005A00005A00005A00005A00005A00005A00005A00005A00005A10B9
:20D98000002B09402F09002F00002F00005A00005A00005A00005A00005A00005A00005A07
:20D9A00000005A00005A00005A00005A00005A00005A00005A00005A00005A00005A0000E3
:20D9C0005A00005A00005A00005A00005A00005A00005A00005A00005A00005A00005A1059
:20D9E000002D00002200002700002400002400002400002400002400002400002400002491
:20DA00000000240000240000240000240000240000DA00005A00005A00005A00005A000010
:20DA20005A00005A00005A00005A00005A00005A00005A00005A00005A00005A00005A10F8
:20DA40000018094030090025000024000024000024000024000024000024000024000024E7
:20DA60000000240000240000240000240000240000DA00005A00005A00005A00005A0000B0
:20DA80005A00005A00005A00005A00005A00005A00005A00005A00005A00005A00005A1098
:20DAA000003009402D29005A00005A00005A00005A00005A00005A00005A00005A00005A6D
:20DAC00000005A00005A00005A00005A00005A00005A00005A00005A00005A00005A0000C2
:20DAE0005A00005A00005A00005A00005A00005A00005A00005A00005A00005A00005A1038
:20DB0000004300003B00003600005A00005A00005A00005A00005A00005A00005A00005A81
:20DB200000005A00005A00005A00005A00005A00005A00005A00005A00005A00005A000061
:20DB40005A00005A00005A00005A00005A00005A00005A00005A00005A00005A00005A10D7
:20DB6000001D087F1908FF2400005A00005A00005A00005A00005A00005A00005A00005AED
:20DB800000005A00005A00005A00005A00005A00005A00005A00005A00005A00005A000001
:20DBA0005A00005A00005A00005A00005A00005A00005A00005A00005A00005A00005A1077
:20DBC000002D00002400002900005A00005A00004400002F00005A00005A00005A00005A3C
:20DBE00000005A00005A00005A00005A00005A00005A00005A00005A00005A00005A0000A1
:20DC00005A00005A00005A00005A00005A00005A00005A00005A00005A00005A00005A1016
:20DC20000001400140014001408147814A814A814A814A814A814A814A814A0152C140016B
:20DC400043014301434148C14CC14C414E414EC14FC14FC152C15201528141814181440155
:20DC6000460149414B414B414B414B014F014F8150815041514142C1434145C146C14901F1
:20DC80004C814D814D814D014C814D814D814D015208B0F00000C008FFF0815380083FF0DA
:20DCA000E15380083FF0415480087FF0A1548008BFF00000800CBFF3015580083FF06155C0
:20DCC0008008AEF1C155C0083FF0000080083FF000008008BFF0215680083FF0000080086C
:20DCE0003FF0000080083FF00000803F20000000803F20008156803F2001E156803F2002B1
:20DD00004157803F2003A157803F20020158803F2004615880002005C158803F200621599E
:20DD2000803F20000000803F20000000803F20000000803F20000000803F20000000803FC9
:20DD40002000000080D281593F000030E1593F000022415A3F0000C1A15A760000C1015B44
:20DD6000630000C1615B3F0000F800003F0000F800003F0000F800003F000091C15B6600CC
:20DD800000F800003F0000F800003F0000F800003F0000F800003F0000F800003F00009BD5
:20DDA000DEEFFFFFFDCBA96532110000013578FFF8AAA98FF444699FFFFF444777EE8CFE40
:20DDC00010114E22AAA12EE2333369ACDD8800556DEEEB468CBBA743221222A445866968CF
:20DDE00022BBA1223C1BA87231177AABBCBA868BBEF556EF55FD55554154000004514415E7
:20DE000068ACDCA8532224679CDEEEEDBA86300000000000000000000000000000000000A5
:20DE20000000000000000000000000000000000000000000000000000000000000000000E2
:20DE40000000000000000000000000000000000000000000000000000000000000000000C2
:20DE60000000000000000000000000000000000000000000000000000000000000000000A2
:20DE800000000000000000000000000000000000000000000000000000000000000000067C
:14DEA0000040215C3D5C595C755C915CEB5C455D00009F5DC0
:020000040033C7
:20800000202910005A00005A00002910005A00002910002510005A00002C10002510005A2D
:2080200000003110002A10005A00002C10002910005A00002C10005A00005A000029100073
:208040002C10005A00002510002910005A00005A00002910005A00002910002510005A000D
:20806000002C10003110005A00002C10002A10005A00002910002710005A00005A00002510
:2080800010005A00005A00005A00005A00002510005A00005A00005A00005A00005A000071
:2080A0005A00005A00005A00005A00005A00005A00005A00005A00005A00005A00005A00E2
:2080C000001CB0005A00005A00005A00005A00005A00005A00005A00005A00005A00005A50
:2080E00000005A00005A00005A00005A00005A00005A00005A00005A00005A00005A0000FC
:208100005A00005A00005A00005A00005A00005A00005A00005A00005A00005A00005A0081
:20812000005A00005A00005A00005A00005A00005A00005A00005A00005A00005A00005A61
:2081400000005A00005A00005A00005A00005A00005A00005A00005A00005A00005A00009B
:208160005A00005A00005A00005A00005A00005A00005A00005A00005A00005A00005A0021
:20818000000DA00014A00019A0000DA00014A00019A0000DA00014A00019A0000DA00014D0
:2081A000A00019A00011A00014A0001DA00011A00014A0001DA00011A00014A0001DA00000
:2081C00011A00014A0001DA00012A00016A0001EA00012A00016A0001EA00012A00016A0C9
:2081E000001EA00012A00016A0001EA00014A00018A00020A00014A00018A00020A000142F
:20820000A00018A00020A00014A00018A00020A0005A00005A00005A00005A00005A000058
:208220005A00005A00005A00005A00005A00005A00005A00005A00005A00005A00005A0060
:20824000001E50005A00005A00005A00005A00005A00005A00005A00005A00005A00005A2C
:2082600000005A00005A00005A00005A00005A00005A00005A00005A00005A00005A00007A
:208280005A00005A00005A00005A00005A00005A00005A00005A00005A00005A00005A0000
:2082A000005A00005A00005A00005A00005A00005A00005A00005A00005A00005A00005AE0
:2082C00000005A00005A00005A00005A00005A0D015A00005A00005A00005A00005A00000C
:2082E0005A00005A00005A00005A00005A00005A00005A00005A00005A00005A00005A00A0
:20830000002920005A00005A00002920005A00002920002520005A00002C20002520005AEA
:2083200000003120002A20005A00002C20002920005A00002C20005A00005A000029200010
:208340002C20005A00002520002920005A00005A00002920005A00002920002520005A00AA
:20836000002C20003120005A00003320003520005A00003620003520005A0000312000337B
:2083800020005A00003120003320005A00003520005A00005A00005A00005A00005A00004E
:2083A0005A00005A00005A00005A00005A00005A00005A00005A00005A00005A00005A00DF
:2083C000005A00005A00005A00005A00005A00005A00005A00005A00005A00005A00005ABF
:2083E00000005A00005A00005A00005A00005A00005A00005A00005A00005A00005A0000F9
:208400005A00005A00005A00005A00005A00005A00005A00005A00005A00005A00005A007E
:20842000005A00005A00005A00005A00005A00005A00005A00005A00005A00005A00005A5E
:2084400000005A00005A00005A00005A00005A00005A00005A00005A00005A00005A000098
:208460005A00005A00005A00005A00005A00005A00005A00005A00005A00005A00005A001E
:20848000005A00005A00005A00005A00005A00005A00005A00005A00005A00005A00005AFE
:2084A00000005A00005A00005A00005A00005A00005A00005A00005A00005A00005A000038
:2084C0005A00005A00005A00005A00005A00005A00005A00005A00005A00005A00005A00BE
:2084E000005A00005A00005A00005A00005A00005A00005A00005A00005A00005A00005A9E
:2085000000005A00005A00005A00005A00005A0D015A00005A00005A00005A00005A0000C9
:208520005A00005A00005A00005A00005A00005A00005A00005A00005A00005A00005A005D
:20854000003190005A00005A00003560005A00003560003660005A00003660003560005AAD
:2085600000003560003160005A00003160003560005A00003560003660005A0000366000E0
:208580003860005A00003860003160005A00003160003560005A00003560003660005A0061
:2085A000003660003560005A00003560003160005A00003160003560005A0000356000366B
:2085C00060005A00003660002F60005A00003060005A00005A00005A00005A00005A000010
:2085E0005A00005A00005A00005A00005A00005A00005A00005A00005A00005A00005A009D
:20860000001E50005A00005A00001D10005A00001D10001D10005A00001D10001D10005A49
:2086200000001D10001D40005A00005A00001D10005A00001D10001D10005A00001D100094
:208640001D10005A00001D10001D40005A00005A00001D10005A00001D10001D10005A001A
:20866000001D10001D10005A00001D10001D40005A00005A00001D10005A00001D10001D37
:2086800010005A00001D10001D10005A00001D1D015A00005A00005A00005A00005A0000BF
:2086A0005A00005A00005A00005A00005A00005A00005A00005A00005A00005A00005A00DC
:2086C000003160005A00003160003560005A00003560003660005A00003660003560005A25
:2086E00000003560003160005A00003160003560005A00003560003660005A00003660005F
:208700003860005A00003860003160005A00003160003560005A00003560003660005A00DF
:20872000003660003560005A00003560003160005A00003160003560005A000035600036E9
:2087400060005A00003660002F60005A00003060005A00005A00005A00005A00005A00008E
:208760005A00005A00005A00005A00005A00005A00005A00005A00005A00005A00005A001B
:20878000001D40005A00001D10001D10005A00001D10001D10005A00001D10001D10005A06
:2087A00000001D10001D40005A00005A00001D10005A00001D10001D10005A00001D100013
:2087C0001D10005A00001D10001D40005A00005A00001D10005A00001D10001D10005A0099
:2087E000001D10001D10005A00001D10001D40005A00005A00001D10005A00001D10001DB6
:2088000010005A00001D10001A70005A00001D1D015A00005A00005A00005A00005A0000E0
:208820005A00005A00005A00005A00005A00005A00005A00005A00005A00005A00005A005A
:20884000003190005A00005A00003560005A00003560003660005A00003660003560005AAA
:2088600000003560003160005A00003160003560005A00003560003660005A0000366000DD
:208880003860005A00003860003160005A00003160003560005A00003560003660005A005E
:2088A000003660003560005A00003560003160005A00003160003560005A00003560003668
:2088C00060005A00003660003860005A00003860005A00005A00005A00005A00005A0000FC
:2088E0005A00005A00005A00005A00005A00005A00005A00005A00005A00005A00005A009A
:20890000001CB0005A00005A00005A00005A00001CB0005A00005A00001CB0005A00005A23
:2089200000005A00001CB0005A00005A00005A00005A00001CB0005A00005A00001CB0005D
:208940005A00005A00005A00001CB0005A00005A00005A00005A00001CB0005A00005A0055
:20896000001CB0005A00005A00005A00001CB0005A00005A00005A00005A00001CB0005AC3
:2089800000005A00001CB0005A00005A00005A00005A00005A00005A00005A00005A0000E1
:2089A0005A00005A00005A00005A00005A00005A00005A00005A00005A00005A00005A00D9
:2089C000001D40005A00005A00001F70005A00001510001510005A00001510001F70005AEB
:2089E00000001510001D40005A00005A00001F70005A00001510001510005A00001510008F
:208A00001F70005A00001510001D40005A00005A00001F70005A00001510001510005A00AA
:208A2000001510001F70005A00001510001D40005A00005A00001F70005A000015100015CF
:208A400010005A00001510001F70005A0000151D015A00005A00005A00005A00005A0000A9
:208A60005A00005A00005A00005A00005A00005A00005A00005A00005A00005A00005A0018
:208A8000005A00005A00005A00005A00005A00005A00005A00005A00005A00005A00005AF8
:208AA00000005A00005A00005A00005A00005A00005A00005A00005A00005A00005A000032
:208AC0005A00005A00005A00005A00005A00005A00005A00005A00005A00005A00005A00B8
:208AE000005A00005A00005A00005A00005A00005A00005A00005A00005A00001CB0001C64
:208B0000B0005A00005A00005A00005A00005A00005A00005A00005A00005A00005A000021
:208B20005A00005A00005A00005A00005A00005A00005A00005A00005A00005A00005A0057
:208B4000003D60005A00003D60003B60005A00003B60003A60005A00003A60003860005A71
:208B600000003860003660005A00003560003660005A00003560003660005A0000356000CE
:208B80003360005A00002C60003160005A00003160003560005A00003560003660005A006C
:208BA000003660003860005A00003860003660005A00003560003660005A00003560003655
:208BC00060005A00003560003360005A00003160005A00005A00005A00005A00005A000006
:208BE0005A00005A00005A00005A00005A00005A00005A00005A00005A00005A00005A0097
:208C0000005A00005A00002910002A10005A00002910002A10005A00002C10005A00005A16
:208C200000003110002C10005A00002A10002910005A00005A00002A10005A000029100069
:208C40002510005A00002910002510005A00002910002A10005A00002910002A10005A0023
:208C6000002C10005A00005A00003110002C10005A00002A10002910005A00002C10002AFA
:208C800010005A00002910002A10005A00002C10005A00005A00005A00005A00005A00009F
:208CA0005A00005A00005A00005A00005A00005A00005A00005A00005A00005A00005A00D6
:208CC000002510005A00002910002A10005A00002910002A10005A00002C10005A00005A7B
:208CE00000003110002C10005A00002A10002910005A00005A00002A10005A0000291000A9
:208D00002510005A00002910002510005A00002910002A10005A00002910002A10005A0062
:208D2000002C10005A00005A00003110002C10005A00002A10002910005A00005A00002A1B
:208D400010005A00002910002A10005A00002C10005A00005A00005A00005A00005A0000DE
:208D60005A00005A00005A00005A00005A00005A00005A00005A00005A00005A00005A0015
:208D8000002510005A00002910002A10005A00002910002A10005A00002C10005A00005ABA
:208DA00000003110002C10005A00002A10002910005A00005A00002A10005A0000291000E8
:208DC0002510005A00002910002510005A00002910002A10005A00002910002A10005A00A2
:208DE000002C10005A00005A00003110003510005A00003610003510005A0000311000334A
:208E000010005A00003110003310005A00003510005A00005A00005A00005A00005A000003
:208E20005A00005A00005A00005A00005A00005A00005A00005A00005A00005A00005A0054
:208E4000003110005A000019A0005A0C005A00005A000019A0005A0C0019A0005A0C005A0C
:208E6000000019A0001DA0005A0C005A00001DA0005A0C001EA0001DA0005A0C001DA000FB
:208E80005A0C005A00001DA0001EA0005A0C005A00001EA0005A0C0020A0005A0C005A0033
:208EA000001EA0005A0C005A00001EA00020A0005A0C005A000020A0005A0C0025A00024E7
:208EC000A0005A0C0020A0005A0C005A000020A0005A0C005A00005A00005A00005A00007E
:208EE0005A00005A00005A00005A00005A00005A00005A00005A00005A00005A00005A0094
:208F0000000D10005A000019A0005A0C005A00005A000019A0005A0C0019A0005A0C005A6F
:208F2000000019A0001DA0005A0C005A00001DA0005A0C001EA0001DA0005A0C001DA0003A
:208F40005A0C005A00001DA0001EA0005A0C005A00001EA0005A0C0020A0005A0C005A0072
:208F6000001EA0005A0C005A00001EA00020A0005A0C005A000020A0005A0C0024A0005AF1
:208F80000C005A000020A0005A0C005A000020A0005A0C005A00005A00005A00005A00005D
:208FA0005A00005A00005A00005A00005A00005A00005A00005A00005A00005A00005A00D3
:208FC000003110005A00005A00005A00005A00002A10005A00005A00002C10005A00005A0A
:208FE00000005A00003110005A00005A00003610005A00005A00003510005A00002A10004F
:209000003310005A00005A00003110005A00005A00005A00005A00002A10005A00005A00C2
:20902000002C10005A00005A00005A00003110005A00005A00003610005A00005A000035C2
:2090400010005A00003610003810005A00005A00005A00005A00005A00005A00005A0000A2
:209060005A00005A00005A00005A00005A00005A00005A00005A00005A00005A00005A0012
:20908000002529002577025A00002A29002A77025A00002929002977025A00002729002775
:2090A00077025A00002529002577025A00002A29002A77025A00002929002977025A0000F9
:2090C0002729002777025A00002529002577025A00002A29002A77025A00002929002977BE
:2090E000025A00002729002777025A00002C29002C77025A00002A29002A77025A000029FD
:2091000029002977025A00002429002477025A00002529005A00005A00005A00005A000030
:209120005A00005A00005A00005A00005A00005A00005A00005A00005A00005A00005A0051
:20914000001022C05A0C005A00005A00005A00001022C05A0C005A00001022C05A0C005A45
:2091600000005A00001022C05A0C005A00005A00005A00001022C05A0C005A00001022C08B
:209180005A0C005A00005A000025A0005A00005A0C082AA0005A00005A0C0829A0005A0073
:2091A000005A0C0827A0005A00005A0C082CA0005A00005A0C082AA0005A00005A0C082963
:2091C000A0005A00005A0C0824A0005A00005A0C0825A0005A00005A00005A0C085A00005A
:2091E0005A0C055A00005A0C035A00005A0C015A0C005A00005A00005A00005A00005A0058
:20920000000DA00014A00019A0000DA00014A00019A0000DA00014A00019A0000DA000143F
:20922000A00019A00011A00014A0001DA00011A00014A0001DA00011A00014A0001DA0006F
:2092400011A00014A0001DA0001EA0005A00005A0C005A00005A00005A00005A00005A00AC
:20926000005A00005A00005A00001EA00020A0005A00005A0C005A00005A00005A00005A3A
:2092800000005A00005A00005A00005A00005A000019A0005A00005A00005A0C005A0000DF
:2092A0005A00005A00005A00005A00005A00005A00005A00005A00005A00005A00005A00D0
:2092C000001D40005A00005A00001F70005A00001510001510005A00001510001F70005AE2
:2092E00000001510001D40005A00005A00001F70005A00001510001510005A000015100086
:209300001F70005A00001510001D10005A00001D10001D10005A00001D10001D10005A0050
:20932000001D10001D10005A00001D10001D10005A00001D10001D10005A00001D10001DC7
:2093400010005A00001D10001A70005A00005A00001D70005A00005A00005A00005A000043
:209360005A00005A00005A00005A00005A00005A00005A00005A00005A00005A00005A000F
:20938000002400003000002400003000002400003000002400003000002400003000002405
:2093A000000030000024000030000024000030000024000030000024000030000024000009
:2093C0003000002400003000002400003000002400003000002400003000002400003010A9
:2093E000005A00005A0C085A00005A0C045A00005A00005A00005A00005A00005A00005A6B
:2094000000005A00005A00005A00005A00005A00005A00005A00005A00005A00005A0000C8
:209420005A00005A00005A00005A00005A00005A00005A00005A00005A00005A00005A103E
:20944000004400004420005A00005A00005A00005A00005A00005A00005A00005A00005A3A
:2094600000005A00005A00005A00005A00005A00005A00005A00005A00005A00005A000068
:209480005A00005A00005A00005A00005A00005A00005A00005A00005A00005A00005A10DE
:2094A000004300004320005A00005A00005A00005A00005A00005A00005A00005A00005ADC
:2094C00000005A00005A00005A00005A00005A00005A00005A00005A00005A00005A000008
:2094E0005A00005A00005A00005A00005A00005A00005A00005A00005A00005A00005A107E
:20950000004200004100004000004040005A00005A00005A00005A00005A00005A00005A92
:2095200000005A00005A00005A00005A00005A00005A00005A00005A00005A00005A0000A7
:209540005A00005A00005A00005A00005A00005A00005A00005A00005A00005A00005A101D
:20956000004400004420005A00005A00005A00005A00005A00005A00005A00005A00005A19
:2095800000005A00005A00005A00005A00005A00005A00005A00005A00005A00005A000047
:2095A0005A00005A00005A00005A00005A00005A00005A00005A00005A00005A00005A10BD
:2095C000003C00003C20005A00005A00005A00005A00005A00005A00005A00005A00005AC9
:2095E00000005A00005A00005A00005A00005A00005A00005A00005A00005A00005A0000E7
:209600005A00005A00005A00005A00005A00005A00005A00005A00005A00005A00005A105C
:20962000003400003420005A00005A00005A00005A00005A00005A00005A00005A00005A78
:2096400000005A00005A00005A00005A00005A00005A00005A00005A00005A00005A000086
:209660005A00005A00005A00005A00005A00005A00005A00005A00005A00005A00005A10FC
:20968000003C00003C20005A00005A00005A00005A00005A00005A00005A00005A00005A08
:2096A00000005A00005A00005A00005A00005A00005A00005A00005A00005A00005A000026
:2096C0005A00005A00005A00005A00005A00005A00005A00005A00005A00005A00005A109C
:2096E000003C00003C20005A00005A00005A00005A00005A00005A00005A00005A00005AA8
:2097000000005A00005A00005A00005A00005A00005A00005A00005A00005A00005A0000C5
:209720005A00005A00005A00005A00005A00005A00005A00005A00005A00005A00005A103B
:20974000003400003320005A00005A00005A00005A00005A00005A00005A00005A00005A58
:2097600000005A00005A00005A00005A00005A00005A00005A00005A00005A00005A000065
:209780005A00005A00005A00005A00005A00005A00005A00005A00005A00005A00005A10DB
:2097A000004400004420005A00005A00005A00005A00005A00005A00005A00005A00005AD7
:2097C00000005A00005A00005A00005A00005A00005A00005A00005A00005A00005A000005
:2097E0005A00005A00005A00005A00005A00005A00005A00005A00005A00005A00005A107B
:20980000003400003320005A00005A00005A00005A00005A00005A00005A00005A00005A97
:2098200000005A00005A00005A00005A00005A00005A00005A00005A00005A00005A0000A4
:209840005A00005A00005A00005A00005A00005A00005A00005A00005A00005A00005A101A
:20986000003F00003200003500002200002400002460005A00005A00005A00005A00005AB6
:2098800000005A00005A00005A00005A00005A00005A00005A00005A00005A00005A000044
:2098A0005A00005A00005A00005A00005A00005A00005A00005A00005A00005A00005A10BA
:2098C000003100002F00002D00002B00002B00002B60005A00005A00005A00005A00005A58
:2098E00000005A00005A00005A00005A00005A00005A00005A00005A00005A00005A0000E4
:209900005A00005A00005A00005A00005A00005A00005A00005A00005A00005A00005A1059
:20992000002C00002B00002A00002900002800002860005A00005A00005A00005A00005A0B
:2099400000005A00005A00005A00005A00005A00005A00005A00005A00005A00005A000083
:209960005A00005A00005A00005A00005A00005A00005A00005A00005A00005A00005A10F9
:20998000002400002400002400002400002400002460005A00005A00005A00005A00005ACD
:2099A00000005A00005A00005A00005A00005A00005A00005A00005A00005A00005A000023
:2099C0005A00005A00005A00005A00005A00005A00005A00005A00005A00005A00005A1099
:2099E00000C140C143C140814A014901490149014901490149014901490149014901494127
:209A000051014001434145C1464148414B014CC14CC14C814D414E014FC14FC14F81508148
:209A2000508141814181418141814181418141814181418141814181418141814181410177
:209A4000524142814401468147C149C149C149C149C149C149C149C149C149C149C149C12E
:209A6000520040B20000800080B20000800000090000C00030B80000C00070B80000C00017
:209A8000A5B80000C00000B80000800040B80000800096B80000800080B88153801C80B251
:209AA0000000C01980B50000804700B70000801560B70000C00080080000803F2001000046
:209AC000C08020020000C08020030000C08020040000C08020050000C08020060000C000D2
:209AE000200700008000200800008000200900008000200AE1538000200B00008000200CB9
:209B000000008000200D00008000200E00008000200F00008091415470000091A15460003F
:209B20000091015500000092615500000094C155000000942156000000B18156000000B108
:209B4000E156800000B1415780000091A157800000B20158400000B16158560000B7C158A1
:209B6000000000B7215980000008815900000088888888888888888888888888888888FFD3
:209B8000FF0000000000000000000000000000FFFFFFFF000000000000000000000000FFCB
:209BA000FFFFFFFF0000000000000000000000FFFFFFFFFFFF00000000000000000000FFB0
:209BC000FFFFFFFFFFFF000000000000000000FFFFFFFFFFFFFFFF0000000000000000CCC7
:209BE000CCCCCCCCCCCCCC3333333333333333AAAAAAAAAAAAAAAA555555555555555588B9
:209C000088888888888888777777777777777755BBA88DDDDDD5333444333333333333FE25
:209C2000DCBA98765432100123456789ABCDEFFFFFBA98A987321034564567BCDECDEFFFDD
:209C4000EEDDCCBBAA99887766554433221100FFFEFDFCFBFAF9F8E7D6C5B4A392817000D3
:209C6000000000000000000000000000000000040040E159015A215A415A615ABB5A155BB5
:049C800000006F5B16
:020000040032C8
:20800000221ADC015A00005A00005A00005A0C025A00005A0C035A00005A0C045A0C055A85
:208020000C065A0C075A0C085A0C0A5A0C0C5A0C0F5A00005A00005A00005A00005A00003A
:208040005A00005A00005A00005A00005A00005A00005A00005A00005A00005A00005A0042
:20806000005A00005A00005A00005A00005A00005A00005A00005A00005A00005A00005A22
:2080800000005A00005A00005A00005A00005A00005A00005A00005A00005A00005A00005C
:2080A0005A00005A00005A00005A00005A00005A00005A00005A00005A00005A00005A00E2
:2080C000000E7C015A00005A00005A00005A0C025A00005A0C035A00005A0C045A0C055A53
:2080E0000C065A0C075A0C085A0C0A5A0C0C5A0C0F5A00005A00005A00005A00005A00007A
:208100005A00005A00005A00005A00005A00005A00005A00005A00005A00005A00005A0081
:20812000005A00005A00005A00005A00005A00005A00005A00005A00005A00005A00005A61
:2081400000005A00005A00005A00005A00005A00005A00005A00005A00005A00005A00009B
:208160005A00005A00005A00005A00005A00005A00005A00005A00005A00005A00005A0021
:20818000005A0C005A00005A00005A00005A00005A00005A00005A00005A00005A00005AF5
:2081A00000005A00005A00005A00005A00005A0D015A00005A00005A00005A00005A00002D
:2081C0005A00005A00005A00005A00005A00005A00005A00005A00005A00005A00005A00C1
:2081E000005A00005A00005A00005A00005A00005A00005A00005A00005A00005A00005AA1
:2082000000005A00005A00005A00005A00005A00005A00005A00005A00005A00005A0000DA
:208220005A00005A00005A00005A00005A00005A00005A00005A00005A00005A00005A0060
:20824000005A0C005A00005A00005A00005A00005A00005A00005A00005A00005A00005A34
:2082600000005A00005A00005A00005A00005A00005A00005A00005A00005A00005A00007A
:208280005A00005A00005A00005A00005A00005A00005A00005A00005A00005A00005A0000
:2082A000005A00005A00005A00005A00005A00005A00005A00005A00005A00005A00005AE0
:2082C00000005A00005A00005A00005A00005A00005A00005A00005A00005A00005A00001A
:2082E0005A00005A00005A00005A00005A00005A00005A00005A00005A00005A00005A00A0
:20830000001CB2345A00005A00005A00005A00005A00005A00005A00005A00005A00005AD7
:2083200000005A00005A0000249C010622690EF000062269269C015A0C020622690EF000EE
:208340005A00000622690EF0005A00005A00005A00005A00005A00001F9C010622690EF027
:20836000000622690EF0005A00005A00005A00005A00005A00005A00005A00005A00005A44
:2083800000005A00005A0000249C010622690EF000062269269C015A0C020622690EF0008E
:2083A000299C010622690EF0005A00005A00005A00005A00005A00005A00005A00005A0098
:2083C000002130005A00005A00005A00005A00005A00005A00005A0000249C055A0C065A4B
:2083E00000005A0000269C055A0C065A00005A00005A00005A0C045A00005A00005A00006A
:208400005A00002430005A00001F9C055A0C065A00005A0000219C055A0C065A00005A0092
:20842000002130005A00005A00005A00005A00005A00005A00005A0000249C055A0C065AEA
:2084400000005A0000269C055A0C065A00005A00005A00005A0C045A00005A00005A000009
:20846000299C015A00005A0C025A00005A0C035A00005A0C045A0C055A0C065A00005A0062
:20848000000270005A00000270005A00000270005A00000270005A00000270005A000002DE
:2084A00070005A00000270005A00000270005A00000970005A00000970005A00000970003B
:2084C0005A00000970005A00000970005A00000970005A00000970005A00000970005A0023
:2084E000000270005A00000270005A00000270005A00000270005A00000270005A0000027E
:2085000070005A00000270005A00000270005A00000770005A00000770005A0000077000E0
:208520005A00000770005A00000570005A00000570005A00000570005A00000570005A00D4
:20854000001E50005A00005A00005A00002020005A00002220005A00002020005A000022AD
:2085600020005A00002020005A00002220005A00001F30005A00002220005A0000202000C6
:208580005A00002220005A00002020005A00002220005A00002020005A00002220005A0079
:2085A000001F30005A00002220005A00002020005A00002220005A00002020005A00002284
:2085C00020005A00002020005A00002220005A00001F30005A00002220005A000020200066
:2085E0005A00002220005A00002020005A00002220005A0000202C015A0C045A0C075A0CC5
:20860000091CB2345A00001A9C070EF000159C070EF0000E9C070EF000189C070EF0000E0E
:208620009C070EF000189C07309C010622690EF000062269329C015A0C020622690EF0002B
:208640005A00000622690EF0005A00005A00005A00005A00005A00002B9C010622690EF018
:20866000000622690EF0005A00005A00005A00005A00005A00005A00005A00005A00005A41
:2086800000005A00005A0000309C010622690EF000062269329C015A0C02062269352C0709
:2086A000299C010622690EF0005A00005A00005A00005A00005A00005A00005A00005A0095
:2086C000002130005A00005A00005A00005A00005A00005A00005A0000309C055A0C065A3C
:2086E00000005A0000329C055A0C065A00005A00005A00005A0C045A00005A00005A00005B
:208700005A00002430005A00002B9C055A0C065A00005A00002D9C055A0C065A00005A0077
:20872000002130005A00005A00005A00005A00005A00005A00005A0000309C055A0C065ADB
:2087400000005A0000329C055A0C06392C075A0000372C075A0000352C075A00005A0000DA
:20876000299C015A00005A0C025A00005A0C035A00005A0C042B9C055A0C065A00005A00FE
:20878000000270005A00000270005A00000270005A00000270005A00000270005A000002DB
:2087A00070005A00000270005A00000270005A00000970005A00000970005A000009700038
:2087C0005A00000970005A00000970005A00000970005A00000970005A00000970005A0020
:2087E000000270005A00000270005A00000270005A00000270005A00000270005A0000027B
:2088000070005A00000270005A00000270005A00000770005A00000770005A0000077000DD
:208820005A00000770005A00000770005A00000770005A00000770005A00000770005A00C9
:20884000002D9C055A0C065A00005A00005A00005A0C045A00005A00005A00005A00005AA4
:2088600000005A0000262C095A0000152C09262C045A0000152C04152C095A0000152C04C1
:208880005A00001D2C0A5A00001F20001D2C045A00001F2C042120005A00002B9C05212CE8
:2088A000041A20002B9C045A00001A2C041A20005A00002120001A2C04242000212C045AFD
:2088C0000000242C052620005A00001F2000262C055A00001F2C051F20005A00001F2C0778
:2088E0005A00002620005A0000292000262C075A0000292C072B90005A00005A0000242073
:20890000002130005A00005A00005A00005A00005A00005A00005A0000309C055A0C065AF9
:2089200000005A0000329C055A0C065A00005A00005A00005A0C045A00005A00005A000018
:208940005A00005A00005A00002B9C055A0C065A00005A00002D9C055A0C065A00005A002F
:20896000005A00005A0C045A00005A00005A00005A00005A00005A0000309C055A0C065A80
:2089800000005A0000329C055A0C065A00005A00005A00005A0C045A00005A00005A0000B8
:2089A000299C015A00005A00005A0C025A00005A0C035A00005A0C045A0C055A0C065A001D
:2089C000000270005A00000270005A00000270005A00000270005A00000270005A00000299
:2089E00070005A00000270005A00000270005A00000970005A00000970005A0000097000F6
:208A00005A00000970005A00000970005A00000970005A00000970005A00000970005A00DD
:208A2000000270005A00000270005A00000270005A00000270005A00000270005A00000238
:208A400070005A00000270005A00000270005A00000270005A00005A0C095A00005A0C01B8
:208A60005A00005A0C005A00005A00005A00005A00005A00005A00005A00005A00005A000C
:208A8000001A90005A00005A00005A0C021A90005A00002190005A000024A0005A00005A89
:208AA00000005A0C042690005A00001590005A00005A00005A0C021590005A00005A000022
:208AC00015AC021CA0005A00001FA0005A00005A00005A0C0221A0005A00002DA20C21A229
:208AE000071A90005A00005A00005A0C021AA0005A000021A0005A000024A0005A00005A02
:208B000000005A0C0426A0005A00001FA0005A00005A00005A0C021F90005A00005A00008D
:208B20005A0C022690005A000029A0005A00005A00005A00002BA0005A00005A000024A0A3
:208B4000000280005A00005A00005A00005A0C005A00000980005A00000C80005A00005AA2
:208B600000005A00000E80005A00000980005A00005A00005A0C000980005A00005A0000D3
:208B80005A0C000480005A00000780005A00005A00005A00000980005A00005A00005A0065
:208BA000000280005A00005A00005A00005A0C005A00000980005A00000C80005A00005A42
:208BC00000005A00000E80005A00000780005A00005A00005A0C000780005A00005A000077
:208BE0005A0C000E80005A00001180005A00005A00005A00001380005A00005A00005A00E7
:208C00000002F0005A00005A00005A000002E0005A0C000970005A00000C70005A00000C57
:208C2000F0005A00000EE0005A00000970005A000000F0005A0C000970005A000009E000BD
:208C40005A0C0004F0005A00000770005A000007F0005A000009E0005A00005A00005A0047
:208C60000002F0005A00005A00005A000002E0005A0C000970005A00000C70005A00000CF7
:208C8000F0005A00000EE0005A00000770005A000000F0005A0C000770005A000007E00063
:208CA0005A0C000EF0005A00001170005A000011F0005A000013E0005A00005A00005A00BF
:208CC000001E50005A00005A0C055A0C021F30005A00001E10005A00002020005A00001F0F
:208CE00020005A00001F30005A00001E10001E10001F20005A00001E10005A00001F300085
:208D00005A00001F20005A00001E10005A00001F20005A00001F30005A00001E10001E103A
:208D2000001F20005A00001E10005A00001F30005A00001E10005A00001E10005A00001F3A
:208D400020005A00001F30005A00001E10002020001E10005A00001F20005A00001F300012
:208D60005A00001F20005A00001E10005A00001F20001F20001F30005A00001E10002020E3
:208D8000001A90005A00005A00005A0C021A90005A00002190005A000024A0005A00005A86
:208DA00000005A0C042690005A00001590005A00005A00005A0C021590005A00005A00001F
:208DC00015AC021CA0005A00001FA0005A00005A00005A0C0221A0005A00002DA20C21A226
:208DE000071AA0005A0E051AA0005A0E055A00005A00001DA0005A0E051DA0005A0E055ABC
:208E000000005A00001FA0005A0E051FA0005A0E055A00005A000021A0005A0E0521A000FD
:208E20005A0E055A00005A000024A0005A00005A00005A000025A0005A00005A00005A006C
:208E4000000280005A00005A00005A00005A0C005A00000980005A00000C80005A00005A9F
:208E600000005A00000E80005A00000980005A00005A00005A0C000980005A00005A0000D0
:208E80005A0C000480005A00000780005A00005A00005A00000980005A00005A00005A0062
:208EA000000280005A00000280005A00005A0C005A00000580005A00000580005A00005A22
:208EC00000005A00000780005A00000780005A00005A0C005A00000980005A00000980004A
:208EE0005A00005A00005A00000C80005A00005A00005A00000D80005A00005A0C005A0023
:208F00000002F0005A00005A00005A000002E0005A0C000970005A00000C70005A00000C54
:208F2000F0005A00000EE0005A00000970005A000000F0005A0C000970005A000009E000BA
:208F40005A0C0004F0005A00000770005A000007F0005A000009E0005A00005A00005A0044
:208F60000002E0005A000002F0005A00005A000002E00005E0005A000005F0005A00005A45
:208F8000000005E00007E0005A000007F0005A00005A000007E00009E0005A000009F000DD
:208FA0005A00005A00005A00000CE0005A00000CF0005A00000DE0000DE0000DE0000DE053
:208FC000001E50005A00005A0C055A0C021F30005A00001E10005A00002020005A00001F0C
:208FE00020005A00001F30005A00001E10001E10001F20005A00001E10005A00001F300082
:209000005A00001F20005A00001E10005A00001F20005A00001F30005A00001E10001E1037
:20902000001F30005A00001F20005A00005A00001F30001F30005A00001F20005A00005AA9
:2090400000001F30001F30005A00001F20005A00005A00001F30001F30005A00001F2000EE
:209060005A00005A00005A00001F30005A00001F20005A00001F30001F30001F30001F3064
:20908000002690005A00005A00005A00005A0A075A020C5A020C5A020C5A020C5A0C003E5D
:2090A0001C0F5A00003910005A00005A00005A00003710005A00005A00005A000039100036
:2090C0005A00005A00005A00003410005A00005A00005A00003210005A00005A00005A00E0
:2090E000002D10005A00002D1C055A00005A00005A00003010005A00005A00005A000032FD
:2091000010005A00005A00005A00003910005A00002B10005A00003210005A00005A000003
:209120005A00002B10005A00003210005A00005A00005A00003510005A00005A00005A009D
:20914000000622690EF0005A00005A00005A00005A00005A00005A00005A00005A00005A56
:2091600000005A00005A00005A00000622690EF0000622690EF0005A00000622690EF000DA
:209180005A00000622690EF0005A00005A00005A00005A00005A00005A00000622690EF03B
:2091A000000622690EF0005A00005A00005A00005A00005A00005A00005A00005A00005AF6
:2091C00000005A00005A00005A00000622690EF0000622690EF0005A00000622690EF0007A
:2091E0005A00000622690EF0005A00005A00005A00005A00005A00005A00005A00005A00B6
:20920000000E70005A00005A00005A00005A00005A00001570005A00005A0C005A00005A15
:2092200000005A00005A00005A00000970005A00005A00005A00005A00005A00005A00008B
:209240005A00001070005A00005A0C005A00005A00005A00005A00005A00005A00005A00FE
:20926000000E70005A00005A00005A00005A00005A00001570005A00005A0C005A00005AB5
:2092800000005A00005A00005A00001370005A00005A00005A00005A00005A00005A000021
:2092A0005A00001A70005A00005A0C005A00005A00005A00005A00005A00005A00005A0094
:2092C000001D50005A00005A00005A00001E20005A00002020005A00001E20005A00002029
:2092E00020005A00001E20005A00002020005A00001F30005A00002020005A00001E200041
:209300005A00002020005A00001E20005A00002020005A00001E20005A00001F30005A00E6
:20932000001F30005A00002020005A00001E20005A00002020005A00001E20005A00002000
:2093400020005A00001E20005A00002020005A00001F30005A00002020005A00001E2000E0
:209360005A00002020005A00001E20005A00002020005A0000202C015A0C045A0C075A0C3D
:20938000093210005A00005A00005A00005A00005A00003910005A00005A00005A00003C2D
:2093A00010005A00003910005A00005A00005A00003710005A00005A00005A00003910004E
:2093C0005A00005A00005A00003C10005A00005A00005A00003E10005A00005A00005A00C9
:2093E000004510005A00005A00005A00005A00005A00003C10005A00005A00005A00003EBE
:2094000010005A00005A00005A00004510005A000002123A5A00005A00005A00005A0000C9
:209420005A00005A00005A00003CC0003CC0003CC0003CC0003CC0005A00005A00005A0024
:20944000000E70005A00005A00005A00005A00005A00001570005A00005A0C005A00005AD3
:2094600000005A00005A00005A00000970005A00005A00005A00005A00005A00005A000049
:209480005A00001070005A00005A0C005A00005A00005A00005A00005A00005A00005A00BC
:2094A000000E70005A00005A00005A00005A00005A00001570005A00005A0C005A00005A73
:2094C00000005A00005A00005A00001370005A00005A00005A00005A00005A00005A0000DF
:2094E0005A00000E70005A00005A0C005A00001870005A00001A70005A00001870005A00D2
:20950000000622690EF0005A00005A00005A00005A00005A00005A00005A00005A00005A92
:2095200000005A00005A00005A00000622690EF0000622690EF0005A00000622690EF00016
:209540005A00000622690EF0005A00005A00005A00005A00005A00005A00000622690EF077
:20956000000622690EF0005A00005A00005A00005A00005A00005A00005A00005A00005A32
:2095800000005A00005A00005A00000622690EF0000622690EF0005A00000622690EF000B6
:2095A0005A00000622690EF0003E10003910003510003210003010005A00005A00005A0056
:2095C000002610005A00005A00005A000026D0005A00005A00005A0C0326D0005A000024C0
:2095E000D0005A00005A00005A0C0324D0005A00005A00005A0C0324D0005A00005A0000C5
:209600005A0C0324D0005A00005A00005A0C0323D0005A00005A00005A0C0323D0005A0073
:20962000005A00005A00005A00005A00005A0C065A00005A00005A00005A00005A00005A3A
:2096400000005A00005A0C055A00005A00005A00005A0C045A00005A00005A00005A0C0356
:209660005A00005A00005A00005A0C015A00005A00005A00005A0C005A00005A00005A00F3
:20968000005A00005A00005A00005A00002680005A00005A0C075A00002680005A00002477
:2096A00080005A00005A0C075A00002480005A00005A0C075A00002480005A00005A0C07D9
:2096C0005A00002480005A00005A0C075A00002380005A00005A0C075A00002380005A00AA
:2096E000005A0C075A00003710005A00003710005A00003210005A00003210005A00002BFE
:2097000010005A00002B10005A00002910005A00002910005A00002B10005A00002B100054
:209720005A00002B1C075A00002B1C035A00002B1C015A00005A00005A00005A00005A0079
:20974000000E70005A00005A00005A00001570005A00005A0C015A00005A00005A00000E1B
:2097600070005A00001870005A00005A0C015A00000E70005A00000E70005A000018700044
:209780005A00005A0C015A00005A00005A00000E70005A00001770005A00005A0C015A0080
:2097A000001370005A00001370005A00001770005A00005A0C015A00005A00005A00001386
:2097C00070005A00001A70005A00005A0C015A00000E70005A00000E70005A0000137000E7
:2097E0005A00005A0C015A00005A00005A00000E70005A00001770005A00005A0C015A0020
:20980000000280005A00005A00005A000026D0005A00005A00005A0C0326D0005A00002431
:20982000D0005A00005A00005A000024D0005A00005A00005A0C0324D0005A00005A000091
:209840005A000024D0005A00005A00005A0C0329D0005A00005A00005A00002BD0005A0041
:20986000005A00005A00005A00005A00005A0C045A00005A00005A00005A00005A00005AFA
:2098800000005A00005A0C025A00005A00005A00002660005A00003260005A0000266000A6
:2098A0005A00003260005A00002660005A00003260005A00002660005A00003260005A00CA
:2098C000005A00005A00005A00005A00002680005A00005A0C075A00002680005A00002435
:2098E00080005A00005A0C075A00002480005A00005A0C075A00002480005A00005A0C0797
:209900005A00002480005A00005A0C075A00002380005A00005A0C075A00002380005A0067
:20992000005A0C075A00003710005A00003710005A00003210005A00003210005A00002BBB
:2099400010005A00002B10005A00003510005A00003510005A00003710005A0000371000E2
:209960005A0000371C075A0000371C035A0000371C015A00005A00005A00005A00005A0013
:20998000000E70005A00005A00005A00001570005A00005A0C015A00005A00005A00000ED9
:2099A00070005A00001870005A00005A0C015A00000E70005A00000E70005A000018700002
:2099C0005A00005A0C015A00005A00005A00000E70005A00001770005A00005A0C015A003E
:2099E000001370005A00001370005A00001770005A00005A0C015A00005A00005A00001344
:209A000070005A00001A70005A00005A0C015A00001A70005A00001A70005A00001370008C
:209A20005A00005A0C015A00005A00005A00001170005A00001370005A00005A0C015A00DE
:209A4000005A00005A00005A00005A000026D0005A00005A00005A0C0326D0005A00005AE1
:209A600000005A0C031A90005A00005A0C005A00005A00005A00005A00005A00005A0000F7
:209A80005A00005A00005A00005A00005A00005A00005A00005A00005A00005A00005A00E8
:209AA000005A00005A00003720005A000037200032CC0732200032CC0332200032CC072B10
:209AC000200032CC033020005A00003120005A00003220005A00002B20005A00002B200074
:209AE0005A00002B2C075A00002B2C035A00002B2C015A00005A00005A00005A00005A0086
:209B0000002660005A00003260005A00002660005A00003260005A00002660005A0000329B
:209B200060005A00002660005A00003260005A00002660005A00003060005A000024600051
:209B40005A00003060005A00002160005A00003060005A00001A60005A00003060005A003E
:209B6000002360005A00002F60005A00002360005A00002F60005A00002360005A00002F4D
:209B800060005A00002460005A00002560005A00002660005A00003260005A0000266000FC
:209BA0005A00003260005A00002660005A00003260005A00002660005A00003260005A00C7
:209BC000000E70005A00005A00005A00001570005A00005A0C015A00005A00005A00000E97
:209BE00070005A00001870005A00005A0C015A00000E70005A00000E70005A0000187000C0
:209C00005A00005A0C015A00005A00005A00000E70005A00001770005A00005A0C015A00FB
:209C2000001370005A00001370005A00001770005A00005A0C015A00005A00005A00001301
:209C400070005A00001770005A00001970005A00001A70005A00001A70005A00001370002B
:209C60005A00005A0C015A00005A00005A00005A00005A00005A00005A00005A00005A00F9
:209C8000002660005A00003260005A00002660005A00003260005A00002660005A0000321A
:209CA00060005A00002660005A00003260005A00002660005A00003060005A0000246000D0
:209CC0005A00003060005A00002160005A00003060005A00001A60005A00003060005A00BD
:209CE000005A00005A00003720005A00003720005A00003220005A00003220005A00002BCB
:209D000020005A00002B20005A00003520005A00003520005A00003720005A0000372000BE
:209D20005A00003520005A00003520005A00003720005A00003720005A00005A00005A0055
:209D4000001A20005A00005A00005A00005A00005A00002120005A00002420005A00005A74
:209D600000005A00002620005A00001520005A00005A00005A00001520005A00005A0000BD
:209D80005A00001C20005A00001F20005A00005A00005A00002120005A00005A00005A0037
:209DA000001A20005A00005A00005A00001A20005A00002120005A00002420005A00005A34
:209DC00000005A00002620005A00001F20005A00005A00005A00001F20005A00005A000049
:209DE0005A00002620005A00002920005A00005A00005A00002B20005A00005A00005A00B9
:209E0000000622690EF0005A00005A00005A00001A9C025A00005A00005A00005A00005A2B
:209E20000000219C025A0000249C020622690EF000062269269C025A00000622690EF0007A
:209E40005A0000062269159C025A00005A00005A00001C9C025A00001F9C020622690EF0F6
:209E600000062269219C025A00005A00005A00001A9C025A00005A00005A00001A9C025AAC
:209E80000000219C025A0000249C020622690EF000062269269C025A00000622690EF0001A
:209EA0005A00000622691F9C025A00005A00005A0000269C025A0000299C025A00005A0053
:209EC000001D50005A00005A00005A00001E20005A00002020005A00001E20005A0000201D
:209EE00020005A00001E20005A00002020005A00001F30005A00002020005A00001E200035
:209F00005A00002020005A00001E20005A00002020005A00001E20005A00001F30005A00DA
:209F2000001F30005A00002020005A00001F30005A00002020005A00001F30005A000020D2
:209F400020005A00001D30005A00002020005A00001C30005A00005A00005A00005A000092
:209F60005A00005A00005A00005A00005A00005A00005A0000202C015A0C045A0C075A0CE1
:209F80000926D0005A00005A00005A00005A0A075A020C5A020C5A020C5A020C5A0C005AE9
:209FA00000005A00005A00005A00005A00005A00005A00005A00005A00005A00005A00001D
:209FC0005A00005A00005A00005A00005A00005A00005A00005A00005A00005A00005A00A3
:209FE000005A00005A00005A00005A00005A00005A00005A00005A00005A00005A00005A83
:20A0000000005A00005A00005A00005A00005A00005A00005A00005A00005A00005A0000BC
:20A020005A00005A00005A00005A00005A00005A00005A00005A00005A00005A00005A0042
:20A04000000622690EF0005A00005A00005A00005A00005A00005A00005A00005A00005A47
:20A0600000005A00005A00005A00005A00005A00005A00005A00005A00005A00005A00005C
:20A080005A00005A00005A00005A00005A00005A00005A00005A00005A00005A00005A00E2
:20A0A000005A00005A00005A00005A00005A00005A00005A00005A00005A00005A00005AC2
:20A0C00000005A00005A00005A00005A00005A00005A00005A00005A00005A00005A0000FC
:20A0E0005A00005A00005A00005A00005A00005A00005A00005A00005A00005A00005A0082
:20A10000000E70005A00005A00005A00005A0C005A00005A00005A00005A00005A00005A31
:20A1200000005A00005A00005A00005A00005A00005A00005A00005A00005A00005A00009B
:20A140005A00005A00005A00005A00005A00005A00005A00005A00005A00005A00005A0021
:20A16000005A00005A00005A00005A00005A00005A00005A00005A00005A00005A00005A01
:20A1800000005A00005A00005A00005A00005A00005A00005A00005A00005A00005A00003B
:20A1A0005A00005A00005A00005A00005A00005A00005A00005A00005A00005A00005A00C1
:20A1C000001D50005A00005A00005A00005A00005A00005A00005A00005A00005A00005A8E
:20A1E00000005A00005A00005A00005A00005A00005A0D015A00005A00005A00005A0000CD
:20A200005A00005A00005A00005A00005A00005A00005A00005A00005A00005A00005A0060
:20A22000005A00005A00005A00005A00005A00005A00005A00005A00005A00005A00005A40
:20A2400000005A00005A00005A00005A00005A00005A00005A00005A00005A00005A00007A
:20A260005A00005A00005A00005A00005A00005A00005A00005A00005A00005A00005A0000
:20A28000001AD0005A00005A00005A0C021AD0005A000021D0005A000024D0005A00005A81
:20A2A00000005A0C0426D0005A000015D0005A00005A00005A0C0215D0005A00005A00004A
:20A2C00015DC021CD0005A00001FD0005A00005A00005A0C0221D0005A00002DD20C21D2F1
:20A2E000071AD0005A00005A00005A0C021AD0005A000021D0005A000024D0005A00005A1A
:20A3000000005A0C0426D0005A00001FD0005A00005A00005A0C021FD0005A00005A0000D5
:20A320005A0C0226D0005A000029D0005A00005A00005A00002BD0005A00005A000024D0BB
:20A34000001AD0005A00005A00005A0C021AD0005A000021D0005A000024D0005A00005AC0
:20A3600000005A0C0426D0005A000015D0005A00005A00005A0C0215D0005A00005A000089
:20A3800015DC021CD0005A00001FD0005A00005A00005A0C0221D0005A00002DD20C21D230
:20A3A000071AD0005A0E051AD0005A0E055A00005A00001DD0005A0E051DD0005A0E055A26
:20A3C00000005A00001FD0005A0E051FD0005A0E055A00005A000021D0005A0E0521D00068
:20A3E0005A0E055A00005A000024D0005A00005A00005A000025D0005A00005A00005A0037
:20A40000005A09C05A09405A09405A09805A0C075A00005A00005A00005A00005A00005A67
:20A4200000005A00005A00005A00005A00005A00005A00005A00005A00005A00005A000098
:20A440005A00005A00005A00005A00005A00005A00005A00005A00005A00005A00005A100E
:20A46000005A01015A01015A01015A01015A02015A02015A02015A12015A00005A00005ADA
:20A4800000005A00005A00005A00005A00005A00005A00005A00005A00005A00005A000038
:20A4A0005A00005A00005A00005A00005A00005A00005A00005A00005A00005A00005A10AE
:20A4C000005A09805A09405A09005A09405A09805A09405A09005A09405A09805A09405A84
:20A4E00009005A09405A09805A09405A09005A09405A09805A09405A09005A09405A0980B5
:20A500005A09405A09005A09405A09805A09405A09005A09405A09805A09405A09005A19AA
:20A52000403700003300002E00002900002400005A00005A00005A00005A00005A00005ADA
:20A5400000005A00005A00005A00005A00005A00005A00005A00005A00005A00005A000077
:20A560005A00005A00005A00005A00005A00005A00005A00005A00005A00005A00005A10ED
:20A58000002E00002700002400005A00005A00005A00005A00005A00005A00005A00005A72
:20A5A00000005A00005A00005A00005A00005A00005A00005A00005A00005A00005A000017
:20A5C0005A00005A00005A00005A00005A00005A00005A00005A00005A00005A00005A108D
:20A5E000004400004420005A00005A00005A00005A00005A00005A00005A00005A00005A89
:20A6000000005A00005A00005A00005A00005A00005A00005A00005A00005A00005A0000B6
:20A620005A00005A00005A00005A00005A00005A00005A00005A00005A00005A00005A102C
:20A64000004100004320005A00005A00005A00005A00005A00005A00005A00005A00005A2C
:20A6600000005A00005A00005A00005A00005A00005A00005A00005A00005A00005A000056
:20A680005A00005A00005A00005A00005A00005A00005A00005A00005A00005A00005A10CC
:20A6A000003100003C00005A00005A00005A00005A00005A00005A00005A00005A00005A03
:20A6C00000005A00005A00005A00005A00005A00005A00005A00005A00005A00005A0000F6
:20A6E0005A00005A00005A00005A00005A00005A00005A00005A00005A00005A00005A106C
:20A70000004400004420005A00005A00005A00005A00005A00005A00005A00005A00005A67
:20A7200000005A00005A00005A00005A00005A00005A00005A00005A00005A00005A000095
:20A740005A00005A00005A00005A00005A00005A00005A00005A00005A00005A00005A100B
:20A76000003C00003C20005A00005A00005A00005A00005A00005A00005A00005A00005A17
:20A7800000005A00005A00005A00005A00005A00005A00005A00005A00005A00005A000035
:20A7A0005A00005A00005A00005A00005A00005A00005A00005A00005A00005A00005A10AB
:20A7C000003400003420005A00005A00005A00005A00005A00005A00005A00005A00005AC7
:20A7E00000005A00005A00005A00005A00005A00005A00005A00005A00005A00005A0000D5
:20A800005A00005A00005A00005A00005A00005A00005A00005A00005A00005A00005A104A
:20A82000003C00003C20005A00005A00005A00005A00005A00005A00005A00005A00005A56
:20A8400000005A00005A00005A00005A00005A00005A00005A00005A00005A00005A000074
:20A860005A00005A00005A00005A00005A00005A00005A00005A00005A00005A00005A10EA
:20A88000003C00003C20005A00005A00005A00005A00005A00005A00005A00005A00005AF6
:20A8A00000005A00005A00005A00005A00005A00005A00005A00005A00005A00005A000014
:20A8C0005A00005A00005A00005A00005A00005A00005A00005A00005A00005A00005A108A
:20A8E000003400003320005A00005A00005A00005A00005A00005A00005A00005A00005AA7
:20A9000000005A00005A00005A00005A00005A00005A00005A00005A00005A00005A0000B3
:20A920005A00005A00005A00005A00005A00005A00005A00005A00005A00005A00005A1029
:20A94000004400004420005A00005A00005A00005A00005A00005A00005A00005A00005A25
:20A9600000005A00005A00005A00005A00005A00005A00005A00005A00005A00005A000053
:20A980005A00005A00005A00005A00005A00005A00005A00005A00005A00005A00005A10C9
:20A9A000003400003320005A00005A00005A00005A00005A00005A00005A00005A00005AE6
:20A9C00000005A00005A00005A00005A00005A00005A00005A00005A00005A00005A0000F3
:20A9E0005A00005A00005A00005A00005A00005A00005A00005A00005A00005A00005A1069
:20AA0000003F00003200003500002200002400002460005A00005A00005A00005A00005A04
:20AA200000005A00005A00005A00005A00005A00005A00005A00005A00005A00005A000092
:20AA40005A00005A00005A00005A00005A00005A00005A00005A00005A00005A00005A1008
:20AA6000003100002F00002D00002B00002B00002B60005A00005A00005A00005A00005AA6
:20AA800000005A00005A00005A00005A00005A00005A00005A00005A00005A00005A000032
:20AAA0005A00005A00005A00005A00005A00005A00005A00005A00005A00005A00005A10A8
:20AAC000002C00002B00002A00002900002800002860005A00005A00005A00005A00005A5A
:20AAE00000005A00005A00005A00005A00005A00005A00005A00005A00005A00005A0000D2
:20AB00005A00005A00005A00005A00005A00005A00005A00005A00005A00005A00005A1047
:20AB2000002400002400002400002400002400002460005A00005A00005A00005A00005A1B
:20AB400000005A00005A00005A00005A00005A00005A00005A00005A00005A00005A000071
:20AB60005A00005A00005A00005A00005A00005A00005A00005A00005A00005A00005A10E7
:20AB8000000140014301464148814A814D81508153C1550158415A0158415D415D8162415F
:20ABA00063815FC140C143C1460149414B414E415101558156C158015B815C015E015E41D1
:20ABC0004B414E4160814181448147C149014C014F0152415441578159C15B81598147C12B
:20ABE00049014C014F0161414241454145C15EC14CC14FC152C152C14CC14CC14CC14C41A7
:20AC000045C15EC14CC14FC1610040B2000080089AB20000800000F40000800030B80000EF
:20AC2000C00070B80000C000B0B80000C00000B800008000C0A80164800080B80000800007
:20AC400080B86164801C80B20000C01F80B30000800780B0C164801560B70000C000800847
:20AC60000000808020010000C08020020000C03F20030000C08020040000C0802005000066
:20AC8000C08020060000C000200700008000200800008000200900008000200A00008000EC
:20ACA000200B00008000200C00008000200D00008000200721658000200781658091E165FF
:20ACC000700000914166600000A1A16600000092016700000094616700000094C1670000B2
:20ACE00000B12168000000B18168800000B1E168800000914169800000B2A169400000B11E
:20AD0000016A560000B7616A000000B7C16A80000008216B00000088888888888888888832
:20AD200088888888888888FFFF0000000000000000000000000000FFFFFFFF000000000061
:20AD400000000000000000FFFFFFFFFF0000000000000000000000FFFFFFFFFFFF000000FE
:20AD600000000000000000FFFFFFFFFFFFFF000000000000000000FFFFFFFFFFFFFFFF00E2
:20AD8000000000000000008BBBABEECDFEDEED7642432110232379AAAAAAAAAAAAAAAA55AE
:20ADA0005555555555555588888888888888887777777777777777FFFFCCCCFFFFCCCC001C
:20ADC00000333300003333FEDCBA98765432100123456789ABCDEFFFFFBA98A987321034B9
:20ADE000564567BCDECDEFFFEEDDCCBBAA99887766554433221100FFFEFDFCFBFAF9F8E740
:20AE0000D6C5B4A392817000000000000000000000000000000000060040816BA36BC56B4D
:0CAE2000E76B096C636CBD6C0000176DE3
:20000000201810005A00001F10005A00001810005A00001F10005A00001810005A00001F09
:2000200010005A00001810005A00001F10005A00001310005A00001A10005A000013100027
:200040005A00001A10005A00001310005A00001A10005A00001310005A00001A10005A00C0
:20006000001510005A00001C10005A00001510005A00001C10005A00001510005A00001CDB
:2000800010005A00001510005A00001C10005A00001110005A00001810005A0000111000D3
:2000A0005A00001810005A00001110005A00001810005A00001110005A00001810005A006A
:2000C000005A00001850005A00001F50005A00001850005A00001F50005A00001850005AEE
:2000E00000001F50005A00001850005A00001F50005A00001350005A00001A50005A00002B
:200100001350005A00001A50005A00001350005A00001A50005A00001350005A00001A50B6
:20012000005A00001550005A00001C50005A00001550005A00001C50005A00001550005A9C
:2001400000001C50005A00001550005A00001C50005A00001150005A00001850005A0000D7
:200160001150005A00001850005A00001150005A00001850005A00001150005A0000185062
:20018000005A0E005A00005A00005A00005A00005A00005A00005A00005A00005A00005A73
:2001A00000005A00005A00005A00005A00005A00005A00005A00005A00005A00005A0000BB
:2001C0005A00005A00005A00005A00005A00005A00005A00005A00005A00005A00005A0041
:2001E000005A00005A00005A00005A00005A00005A00005A00005A00005A00005A00005A21
:2002000000005A00005A00005A00005A00005A00005A00005A00005A00005A00005A00005A
:200220005A00005A00005A00005A00005A00005A00005A00005A00005A00005A00005A00E0
:20024000005A00005A00005A00005A00005A00005A00005A00005A00005A00005A00005AC0
:2002600000005A00005A00005A00005A00005A00005A00005A00005A00005A00005A0000FA
:200280005A00005A00005A00005A00005A00005A00005A00005A00005A00005A00005A0080
:2002A000005A00005A00005A00005A00005A00005A00005A00005A00005A00005A00005A60
:2002C00000005A00005A00005A00005A00005A00005A00005A00005A00005A00005A00009A
:2002E0005A00005A00005A00005A00005A00005A00005A00005A00005A00005A00005A0020
:20030000005A00005A00005A00005A00005A00005A00005A00005A00005A00005A00005AFF
:2003200000005A00005A00005A00005A00005A00005A00005A00005A00005A00005A000039
:200340005A00005A00005A00005A00005A00005A00005A00005A00005A00005A00005A00BF
:20036000005A00005A00005A00005A00005A00005A00005A00005A00005A00005A00005A9F
:2003800000005A00005A00005A00005A00005A00005A00005A00005A00005A00005A0000D9
:2003A0005A00005A00005A00003710005A00005A00005A00005A00005A00005A00005A0072
:2003C0000013305C5A005C5A005C5A005C5A005C5A005C5A005C5A005C5A005C5A005C5ABE
:2003E000005C5A005C5A005C5A005C5A005C5A005C0E305C5A005C5A005C5A005C5A005CA1
:200400005A005C5A005C5A005C5A005C5A005C5A005C5A005C5A005C5A005C5A005C5A0066
:200420005C10305C5A005C5A005C5A005C5A005C5A005C5A005C5A005C5A005C5A005C5A04
:20044000005C5A005C5A005C5A005C5A005C5A005C0C305C5A005C5A005C5A005C5A005C42
:200460005A005C5A005C5A005C5A005C5A005C5A005C5A005C5A005C5A005C5A005C5A0006
:200480005C3720005A00003720005A00001C30005A00003720003720003720003720003765
:2004A00020005A00001C30005A00003720005A00003720005A00003720005A00001C3000BD
:2004C0005A00003720005A00003720005A00003720003720001C30005A00003720005A005B
:2004E000003720005A00003720005A00001C30005A00003720003720003720003720003761
:2005000020005A00001C30005A00003720005A00003720005A00003720005A00001C30005C
:200520005A00003720005A00003720005A00003720003720001C30005A00003720005A00FA
:20054000005A005C5A0C075A0C055A0C045A0C035A0C025A0C015A0E005A00005A00005AF5
:2005600000005A00005A00005A00005A00005A00005A00005A00005A00005A00005A0000F7
:200580005A00005A00005A00005A00005A00005A00005A00005A00005A00005A00005A007D
:2005A000005A00005A00005A00005A00005A00005A00005A00005A00005A00005A00005A5D
:2005C00000005A00005A00005A00005A00005A00005A00005A00005A00005A00005A000097
:2005E0005A00005A00005A00005A00005A00005A00005A00005A00005A00005A00005A001D
:20060000005A00005A00005A00005A00005A00005A00005A00005A00003710005A00005A0F
:2006200000005A00005A00005A00005A00005A0D015A00005A00005A00005A00005A000028
:200640005A00005A00005A00005A00005A00005A00005A00005A00005A00005A00005A00BC
:20066000005A00005A00005A00005A00005A00005A00005A00005A00005A00005A00005A9C
:2006800000005A00005A00005A00005A00005A00005A00005A00005A00005A00005A0000D6
:2006A0005A00005A00005A00005A00005A00005A00005A00005A00005A00005A00005A005C
:2006C00000244C1F5A00002440005A00002440005A00002440002440005A0000244000240B
:2006E00040005A00002440002440005A00002440002440005A00002340005A00005A000005
:20070000234C17234C135A0000234C1F234000234C15234C1F234000234C17234C19234C94
:2007200015244C1F5A00002440005A00002440005A00002440002440005A00002440002495
:2007400040005A00002440002440005A00002440002440005A00002640005A00005A0000A1
:20076000264C112640005A0000264C1F264000264C15264C1F264000264C15264C17264C3F
:20078000135A0E005A00000C10005A00005A0E005A00000C10005A00005A0E005A00000C08
:2007A00010005A00005A0E005A00000C10005A00005A0E005A00000710005A00005A0E00FC
:2007C0005A00000710005A00005A0E005A00000710005A00005A0E005A00000710005A00E8
:2007E000005A0E005A00000910005A00005A0E005A00000910005A00005A0E005A000009C4
:2008000010005A00005A0E005A00000910005A00005A0E005A00000510005A00005A0E00A0
:200820005A00000510005A00005A0E005A00000510005A00005A0E005A00000510005A008D
:20084000003220005A00003720005A00001C30005A00003720003720003720003720003207
:2008600020005A00001C30005A00003220005A00003220005A00003220005A00001C300008
:200880005A00003220005A00003720005A00003220003720001C30005A00003220005A00A6
:2008A000003220005A00003720005A00001C30005A000037200037200037200037200032A7
:2008C00020005A00001C30005A00003220005A00003220005A00003720005A00001C3000A3
:2008E0005A00003220005A00003720005A00003220003720001C30005A00003220005A0046
:2009000000244C1F5A00002440005A00002440005A00002440002440005A000024400024C8
:2009200040005A00002440002440005A00002440002440005A00002340005A00005A0000C2
:20094000234C17234C135A0000234C1F234000234C15234C1F234000234C17234C19234C52
:2009600015244C1F5A00002440005A00002440005A00002440002440005A00002440002453
:2009800040005A00002440002440005A00002440002440005A00002640005A00005A00005F
:2009A000264C112640005A0000264C1F264000264C15284C1F284000284C15284C17284CF3
:2009C00013302C115A00005A0000302C115A00005A0000302C115A00005A0000302C145AD7
:2009E00000005A0000302C145A00005A0000302C145A00005A00005A0C075A00005A000034
:200A00005A0C075A00005A00002F2C095A00005A00002F2C095A00005A00002F2C0A5A00C6
:200A200000302C0A5A00005A0000302C1B5A00005A0000302C1B5A00005A0000302C0C5A84
:200A400000005A0000302C0C5A00005A0000302C0C5A00005A0000322C1E5A00005A0000D4
:200A6000322C1E5A00005A0000322C1F5A00005A0000322C1F5A00005A0000322C1F5A000D
:200A8000003020005A00005A00003020005A00005A00003020005A00005A00003020005AA0
:200AA00000005A00003020005A00005A00003020005A00005A00002F20005A00005A0000D1
:200AC0002F20005A00005A00002F20005A00005A00002F20005A00005A00002F20005A0064
:200AE000003020005A00005A00003020005A00005A00003020005A00005A00003020005A40
:200B000000005A00003020005A00005A00003020005A00005A00003220005A00005A00006D
:200B20003220005A00005A00003220005A00005A00003420005A00005A00003420005A00F3
:200B4000003020005A00005A00003020005A00005A00003020005A00005A00003020005ADF
:200B600000005A00003020005A00005A00003020005A00005A00002F20005A00005A000010
:200B80002F20005A00005A00002F20005A00005A00002F20005A00005A00002F20005A00A3
:200BA000003020005A00005A00003020005A00005A00003020005A00005A00003020005A7F
:200BC00000005A00003020005A00005A00003020005A00005A00003220005A00005A0000AD
:200BE0003220005A00005A00003220005A00005A00003220005A00005A00003220005A0037
:200C0000005A00005A00005A00005A00005A00005A00005A00005A00005A00005A00005AF6
:200C200000005A00005A00005A00005A00005A00005A00005A00005A00005A00005A000030
:200C40005A00005A00005A00005A00005A00005A00005A00005A00005A00005A00005A10A6
:200C6000005A09405A09405A09805A09805A09C05A09C05A09805A09805A09405A09405ABC
:200C800009805A09805A09C05A09C05A09805A09805A09405A09405A09805A09805A09C0AD
:200CA0005A09C05A09805A09805A09405A09405A09805A09805A09C05A09C05A09805A19A3
:200CC000805A09805A09405A09005A30005A00005A00005A00005A00005A00005A00005AAB
:200CE00000005A00005A00005A00005A00005A00005A00005A00005A00005A00005A000070
:200D00005A00005A00005A00005A00005A00005A00005A00005A00005A00005A00005A10E5
:200D2000000600002400002300002400003400002400002400002400002400002400002436
:200D40000000240000240000240000240000240000DA00005A00005A00005A00005A00009D
:200D60005A00005A00005A00005A00005A00005A00005A00005A00005A00005A00005A1085
:200D8000003C00003C20005A00005A00005A00005A00005A00005A00005A00005A00005A91
:200DA00000005A00005A00005A00005A00005A00005A00005A00005A00005A00005A0000AF
:200DC0005A00005A00005A00005A00005A00005A00005A00005A00005A00005A00005A1025
:200DE0000001400140014001404142014001400140014041424142C149814A414B814A81B5
:200E000041C140C140C143C1434145C1460149C1460149C1460149C1460149C143C1434174
:200E200045814181418141814181418147814781478147814781478147814781418141419E
:200E4000424142014381448144014641484148414841484148414841484148414241424129
:200E6000420802F20000800827C1014C80087F58614C8008BFF1C14C80087F420000800855
:200E80003FF0000080083FF0000080083FF0000080083FF0000080083FF0000080083FF090
:200EA000000080083FF0000080083FF0000080083FF0000080083FF00000803F2000000077
:200EC000803F20000000803F20000000803F20000000803F20000000803F20000000803FF8
:200EE00020000000803F20000000803F20000000803F20000000803F20000000803F200077
:200F00000000803F20000000803F20000000803F20000000800B214D3F0000F800007C0088
:200F200000B1814D000000F800003F0000F800003F0000F800003F0000F800003F0000F85E
:200F400000003F0000F800003F0000F800003F0000F800003F0000F800003F0000F800007E
:200F60003F0000F800003F0000F800003F00002222222222222222DDDDDDDDDDDDDDDD00CC
:200F8000000000000000000000000000000000000000000000000000000000000000000051
:200FA000000000000000000000000000000000000000000000000000000000000000000031
:200FC000000000000000000000000000000000000000000000000000000000000000000011
:200FE0000000000000000000000000000000000000000000000000000000000000000000F1
:201000000000000000000000000000000000000000000000000000000000000000000000D0
:201020000000000000000000000000000000000000000000000000000000000000000000B0
:20104000000000000000000000000000000000000000000000000000000000000000000090
:20106000000000000000000000000000000000060040E14D014E214E414E614EBB4E154F93
:0410800000006F4FAE
:020000040033C7
:20C00000205A00005A00005A00005A00005A00005A00005A00005A00005A00005A00005A22
:20C0200000005A00005A00005A00005A00005A00005A00005A00005A00005A00005A00007C
:20C040005A00005A00005A00005A00005A00005A00005A00005A00005A00005A00005A0002
:20C06000005A00005A00005A00005A00005A00005A00005A00005A00005A00005A00005AE2
:20C0800000005A00005A00005A00005A00005A00005A00005A00005A00005A00005A00001C
:20C0A0005A00005A00005A00005A00005A00005A00005A00005A00005A00005A00005A00A2
:20C0C000003C4F013A00003800003600003400003200003000002E00002C00002A00005AB8
:20C0E00000002900005A00002800005A00002700005A00005A00002800002900002A0000E5
:20C100002C00002E00003000003200003400003600003800003A00003C00003D00005A0FA5
:20C12000023E0B025A00005A00005A00005A00005A00005A00005A00005A00005A00005A2E
:20C1400000005A00005A00005A00005A00005A00005A00005A00005A00005A00005A00005B
:20C160005A00005A00005A00005A00005A00005A00005A00005A00005A00005A00005A00E1
:20C18000005A00005A00005A00005A00005A00005A00005A00005A00005A00005A00005AC1
:20C1A00000005A00005A00005A00005A00005A00000C60005A00005A00005A00005A0000E9
:20C1C0005A00000CE0000CE0000E60005A00000CE0000E60005A00005A00000E60005A008F
:20C1E000000760005A00005A00005A00005A00005A00005A00005A00005A00005A00005A54
:20C2000000005A00005A00005A00005A00005A00000C60005A00005A00005A00005A000088
:20C220005A00000CE0000CE0000E60005A00000E60005A00000E60005A00000E60005A00AC
:20C24000001F90001FA0005A00005A00005A0C385A00005A00005A000026900026A0005A3A
:20C2600000005A00005A0C385A00005A00005A000021900021A0001FAC045A00001D900070
:20C280001DA00021AC045A000029900029A0005A00005A00005A0C385A00005A00005A00D4
:20C2A000001F90001FA0005A00005A00005A0C385A00005A00005A000026900026A0005ADA
:20C2C00000005A00005A0C385A00005A00005A000021900021A0001FAC045A00001D900010
:20C2E0001DA00021AC045A000024900024A0005A00005A00005A0C385A00005A00005A007E
:20C30000000740005A00005A00000740005A00005A00000740005A00000A40005A00005A88
:20C3200000000A40005A00005A00000A40005A00000C40005A00005A00000C40005A0000B5
:20C340005A00000C40000C40000E40005A00000C40000E40005A00005A00000E40005A004D
:20C36000000740005A00005A00000740005A00005A00000740005A00000A40005A00005A28
:20C3800000000A40005A00005A00000A40005A00000C40005A00005A00000C40005A000055
:20C3A0005A00000C40000C40000E40005A00000E40005A00000E40005A00000E40005A00EB
:20C3C000003E10005A00003E10003E10003220003E10003E10003E10003E10005A00003EF7
:20C3E00010003E10003220003E10003E10003E10003E10005A00003E10003E10003220000D
:20C400003E10003E10003E10003E10005A00003E10003E10003220003E10003E10003E10B2
:20C42000003E10005A00003E10003E10003220003E10003E10003E10003E10005A00003E96
:20C4400010003E10003220003E10003E10003E10003E10005A00003E10003E1000322000AC
:20C460003E10003E10003E10003E10005A00003E10003E10003220003E10003E10003E1052
:20C48000000760005A00005A00005A00005A00005A00005A00005A00005A00005A00005AB1
:20C4A00000005A00005A00005A00005A00005A00000C60005A00005A00005A00005A0000E6
:20C4C0005A00000CE0000CE0000E60005A00000CE0000E60005A00005A000011E00013E070
:20C4E000000C60005A00005A00000C60005A00005A00000C60005A00000A60005A00000C66
:20C50000E0000A60005A00005A00000A60005A00000760005A00005A00000760005A00007D
:20C520005A00000760005A00000760005A00005A00005A00003540005A00005A00005A00E8
:20C54000001F90001FA0005A00005A00005A0C385A00005A00005A000026900026A0005A37
:20C5600000005A00005A0C385A00005A00005A00002B90002BA0005A000029900029A00053
:20C580005A000028900028A00026900026A0005A00005A00005A0C385A00005A00005A00E5
:20C5A000001F90001FA0005A00005A00005A0C385A00005A00005A000026900026A0005AD7
:20C5C00000005A00005A0C385A00005A00005A000021900021A0005A00005A00001D900082
:20C5E0001DA0005A00005A00001F90001FA0005A00005A00005A0C385A00005A00005A00FC
:20C60000000740005A00005A00000740005A00005A00000740005A00000A40005A00005A85
:20C6200000000A40005A00005A00000A40005A00000C40005A00005A00000C40005A0000B2
:20C640005A00000C40000C40000E40005A00000C40000E40005A00005A000011400013404E
:20C66000000C40005A00005A00000C40005A00005A00000C40000C40000A40005A00000C72
:20C6800040000A40005A00005A00000A40005A00000740005A00005A00000740005A00001C
:20C6A0005A00000740005A00000740005A00005A00000740005A00005A00000740005A00E8
:20C6C000000780005A00005A00005A00005A00005A00000780005A00005A00005A00000775
:20C6E00080005A00005A00005A00005A00005A00000C60005A00005A00005A00005A000024
:20C700005A00000CE0000C80000E60005A00000C80000E60005A00005A00000E60005A0009
:20C72000000760005A00001FC0005A00001DC0005A00000780005A00001FC0005A000007A7
:20C7400080005A00001DC0005A00001FC0005A00000C60005A00001FC0005A00001DC000B3
:20C760005A00000CE0000C80000E60005A00000E60005A00000E60005A00000E60005A00C7
:20C78000002310005A00003E10003E10003220003E10002310003E10003E10005A00002384
:20C7A00010003E10003220003E10003E10003E10002310005A00003E10003E100032200064
:20C7C0003E10003E10002310003E10005A00002310003E10003220003E10003E1000322021
:20C7E000002310005A00003E10003E10003220003E10002310003E10003E10005A00002324
:20C8000010003E10003220003E10003E10003E10002310005A00003E10003E100032200003
:20C820003E10003E10002310003E10005A00002310003E10003220003E10003E10003220C0
:20C84000000780005A00005A00005A000029C0005A000007800029CC122BC0005A00000726
:20C8600080002BCC125A00005A00002BCC125A00000C60005A00005A00005A00005A000044
:20C880005A00000CE0000C80000E60005A00000C80000E60005A00005A000011E00013E06C
:20C8A000000C60005A00005A00000C60005A00005A00000C60005A00000A60005A00000CA2
:20C8C00080000A60005A00005A00000A60005A00000960005A00005A00000960005A000016
:20C8E0005A00000960005A00000760005A00005A00005A00001FC00022C00026C00029C016
:20C90000002310005A00003E10003E10003220003E10002310003E10003E10005A00002302
:20C9200010003E10003220003E10003E10003E10002310005A00003E10003E1000322000E2
:20C940003E10003E10002310003E10005A00002310003E10003220003E10003E100032209F
:20C96000002310005A00003E10003E10003220003E10002310003E10003E10005A000023A2
:20C9800010003E10003220003E10003E10003E10003230005A00005A00005A00005A000033
:20C9A0005A00003E10005A00003220003E10005A00003220003E10003220003220003220E5
:20C9C000002BC0005A00005A00005A00005A000013D0001FD0005A00000780005A000013E4
:20C9E000D00013D0005A000013D0001FD0005A00000780005A000013D00013D0005A0000FD
:20CA000013D0001FD0005A00000E800022D0001FD0001DD0001AD00013D0001AD0001DD0EA
:20CA2000000780005A000013D00013D0005A000013D0001FD0005A00000780005A000013D5
:20CA4000D00013D0005A000013D0001FD0005A00000780005A000013D00013D0005A00009C
:20CA600013D0001FD0005A00000C800026D00022D0001FD0001DD0001FD00022D0005A00FF
:20CA8000000780005A000013D00013D0005A000013D0001FD0005A00000780005A00001375
:20CAA000D00013D0005A000013D0001FD0005A00000780005A000013D00013D0005A00003C
:20CAC00013D0001FD0005A00000C800022D0001FD0001DD0001AD00013D0001AD0001DD02C
:20CAE000000C800024DC055A00005A000022D00022DC055A00005A00000C800024D0005A6E
:20CB0000000022D00026D00026D0001AD0001AD00021C0005A00005A00005A00001DC00097
:20CB20005A00005A00000780001FC0002ED00007800029D0005A000029D0002BD00029D016
:20CB4000002310003E10003E40003E10003220003E10003E40003E10002310003E10003E5D
:20CB600040003E10003220003E10003E40003E10002310003E10003E40003E10003220001C
:20CB80003E10003E40003E10002310003E10003E40003E10003220003E10003E40003220BE
:20CBA000002310003E10003E40003E10003220003E10003E40003E10002310003E10003EFD
:20CBC00040003E10003220003E10003E40003E10002310003E10003E40003E1000322000BC
:20CBE0003E10003E40003E10002310003E10003E40003E10003220003E10003E400032205E
:20CC0000000740005A00005A00000740005A00005A00000740005A00000A40005A00005A7F
:20CC200000000A40005A00005A00000A40005A00000C40005A00005A00000C40005A0000AC
:20CC40005A00000C40000C40000E40005A00000C40000E40005A00005A0000114000134048
:20CC6000000C40005A00005A00000C40005A00005A00000C40000C40000A40005A00000C6C
:20CC800040000A40005A00005A00000A40005A00000940005A00005A00000940005A000012
:20CCA0005A00000940005A00000740005A00005A00000740005A00005A00000740005A00E0
:20CCC000002310003E10003E40003E10003220003E10003E40003E10002310003E10003EDC
:20CCE00040003E10003220003E10003E40003E10002310003E10003E40003E10003220009B
:20CD00003E10003E40003E10002310003E10003E40003E10003220003E10003E400032203C
:20CD2000002310003E10003E40003E10003220003E10003E40003E10002310003E10003E7B
:20CD400040003E10003220003E10003E40003E10002310005A00005A00005A00005A00003E
:20CD60005A00005A00002310005A00005A00002310005A00003220005A00003B4C445A00BA
:20CD8000000780005A000013D00013D0005A000013D0001FD0005A00000780005A00001372
:20CDA000D00013D0005A000013D0001FD0005A00000780005A000013D00013D0005A000039
:20CDC00013D0001FD0005A00000E800022D0001FD0001DD0001AD00013D0001AD0001DD027
:20CDE000000780005A000013D00013D0001DC0005A00005A00005A00001FC0005A00005A0E
:20CE000000005A00001DC0005A00001DC1295A00005A00005A00001FC0005A00001DC00056
:20CE20005A00005A00005A000022C0005A00001FC0005A00001DD0001FD0005A00005A00DF
:20CE4000000780005A000013D00013D0001DC0005A00005A00005A00001FC0005A00005AAD
:20CE600000005A00001DC0005A00001DC1295A00005A00005A00001FC0005A00001DC000F6
:20CE80005A00005A00005A000022C0005A00001FC0005A00001DD0001FD0005A00005A007F
:20CEA000000C800024DC055A00005A000022D00022DC055A00005A00000C800024D0005AAA
:20CEC000000022D00026D00026D0001AD0001AD00021C0005A00005A00005A00001DC000D4
:20CEE0005A00005A00000780001FC0002ED00007800029D0005A000029D0002BD00029D053
:20CF0000001FD0005A000013D00013D0005A000013D0001FD0005A00001FD0005A00001320
:20CF2000D00013D0005A000013D0001FD0005A00001FD0005A000013D00013D0005A00004F
:20CF400013D0001FD0005A000026D00022D0001FD0001DD0001AD00013D0001AD0001DD03D
:20CF6000001FD0005A000013D00013D0005A000013D0001FD0005A00001FD0005A000013C0
:20CF8000D00013D0005A000013D0001FD0005A00001FD0005A000013D00013D0005A0000EF
:20CFA00013D0001FD0005A000024D00026D00022D0001FD0001DD0001FD00022D0005A0052
:20CFC000001F90001FAC285A00005A000022900022AC285A00005A000024900024AC285A99
:20CFE00000005A000026900026AC285A00005A00002B90002BAC285A00005A00002990004C
:20D0000029AC285A00005A000028900028AC285A00005A000026900026AC285A00005A0093
:20D02000001F90001FAC285A00005A000022900022AC285A00005A000024900024AC285A38
:20D0400000005A000026900026AC285A00005A00001F90001FAC285A00005A00001D90000F
:20D060001DAC285A00005A00001F90001FAC285A00005A00003540005A00005A00005A0032
:20D08000005A0C005A0E005A00005A00005A00005A00005A00005A00005A00005A00005A98
:20D0A00000005A00005A00005A00005A00005A00005A00005A00005A00005A00005A0000EC
:20D0C0005A00005A00005A00005A00005A00005A00005A00002B6C0F2E6C0F326C0F356C3D
:20D0E0000F376C0F5A0C045A0E005A00005A00005A00005A00005A00005A00005A00005ACD
:20D1000000005A00005A00005A00005A00005A00005A00005A00005A00005A00005A00008B
:20D120005A00005A00005A00005A00005A00005A00005A00005A00005A00005A00005A0011
:20D14000001FD0005A000013D00013D0005A000013D0001FD0005A00001FD0005A000013DE
:20D16000D00013D0005A000013D0001FD0005A00001FD0005A000013D00013D0005A00000D
:20D1800013D0001FD0005A000026D00022D0001FD0001DD0001AD00013D0001AD0001DD0FB
:20D1A000001FC1025A00005A00005A000022C1025A00005A00005A000024C1025A00005AF1
:20D1C00000005A000026C1025A00005A00005A00001FC1025A00005A00005A00001DC1022E
:20D1E0005A00005A00005A00000780005A00005A00005A00000780005A00005A00005A00F7
:20D20000001F90001FAC285A00005A000022900022AC285A00005A000024900024AC285A56
:20D2200000005A000026900026AC285A00005A00002B90002BAC285A00005A000029900009
:20D2400029AC285A00005A000028900028AC285A00005A000026900026AC285A00005A0051
:20D26000001F90001FCC345A00005A000022900022CC345A00005A000024900024CC345A72
:20D2800000005A000026900026CC345A00005A00001F90001FCC345A00005A00001D900075
:20D2A0001DCC345A00005A00001F90001FCC265A00005A00005A00005A00005A00005A00C1
:20D2C000005A00005A00005A00005A00005A00005A00005A00005A00005A00005A00005A70
:20D2E00000005A00005A00005A00005A00005A00005A00005A00005A00005A00005A0000AA
:20D300005A00005A00005A00005A00005A00005A00005A00002B6C0F2E6C0F326C0F356CFA
:20D320000F376C0F5A0C045A0E005A00005A00005A00005A00005A00005A00005A00005A8A
:20D3400000005A00005A00005A00005A00005A00001362405A02405A02405A02405A0240E6
:20D360005A02405A02405A02405A02405A02405A02405A00005A00005A00005A00005A0043
:20D38000003E10005A00003E10003E10003220003E10003E10003E10003E10005A00003E27
:20D3A00010003E10003220003E10003E10003E10003E10005A00003E10003E10003220003D
:20D3C0003E10003E10003E10003E10005A00003E10003E10003220003E10003E10003E10E3
:20D3E000003E10005A00003E10003E10003220003E10003E10003E10003E10005A00003EC7
:20D4000010003E10003220003E10003E10003E10003230005A00005A00005A00005A0000A8
:20D420005A00005A00005A00002310005A00003220003220002310005A000032200032207C
:20D44000001FD0005A000013D00013D0005A000013D0001FD0005A00001FD0005A000013DB
:20D46000D00013D0005A000013D0001FD0005A00001FD0005A000013D00013D0005A00000A
:20D4800013D0001FD0005A000026D00022D0001FD0001DD0001AD00013D0001AD0001DD0F8
:20D4A000001FC0005A00005A00005A00001DC0005A00005A00005A00001FC0005A00005A01
:20D4C00000005A00001DC0005A00001DC1295A00005A00005A00001FC0005A00001DC00090
:20D4E0005A00005A00005A000022C0005A00001FC0005A00001DD0001FD0005A00005A0019
:20D50000001F90001FAC285A00005A000022900022AC285A00005A000024900024AC285A53
:20D5200000005A000026900026AC285A00005A00002B90002BAC285A00005A000029900006
:20D5400029AC285A00005A000028900028AC285A00005A000026900026AC285A00005A004E
:20D56000001F90001FAC285A00005A000022900022AC285A00005A000024900024AC285AF3
:20D5800000005A000026900026AC285A00005A00001F90001FAC285A00005A00001D9000CA
:20D5A0001DAC285A00005A00001F90001FAC285A00005A00001FC00022C00026C00029C0E0
:20D5C000005A00005A00000740005A00005A00005A00000740005A00005A00005A000007E6
:20D5E00040005A00005A00005A00000740005A00005A00005A00000740005A00005A00008D
:20D600005A00000740005A00005A00005A00000740005A00005A00005A00000740005A0065
:20D62000005A00005A00000740005A00005A00005A00000740005A00005A00005A00000785
:20D6400040005A00005A00005A00000740005A00005A00005A00000740005A00005A00002C
:20D660005A00000740005A00005A00005A00000740005A00005A00005A00000740005A0005
:20D68000002310005A00003E10003E10003220005A00003E10003E10002310005A00003E4E
:20D6A00010003E10003220005A00003E10003E10002310005A00003E10003E100032200049
:20D6C0005A00003E10003E10002310005A00003E10003E10003220005A00003E10003E10E3
:20D6E000002310005A00003E10003E10003220005A00003E10003E10002310005A00003EEE
:20D7000010003E10003220005A00003E10003E10002310005A00003E10003E1000322000E8
:20D720005A00003E10003E10002310005A00003E10003E10003220005A00003E10003E1082
:20D74000001FC0005A00005A00005A00001DC0005A00005A00005A00001FC0005A00005A5E
:20D7600000005A00001DC0005A00001DC1295A00005A00005A00001FC0005A00001DC000ED
:20D780005A00005A00005A000022C0005A00001FC0005A00001DD0001FD0005A00005A0076
:20D7A000001FD0005A000013D00013D0005A000013D0001FD0005A00001FD0005A00001378
:20D7C000D00013D0005A000013D0001FD0005A00005A00005A00005A00005A0000042C1860
:20D7E0005A0000042C18032C18022C185A0000022C185A0000022C185A00005A00005A00AC
:20D80000005A00005A00000740005A00005A00005A00000740005A00005A00005A000007A3
:20D8200040005A00005A00005A00000740005A00005A00005A00000740005A00005A00004A
:20D840005A00000740005A00005A00005A00000740005A00005A00005A00000740005A0023
:20D86000005A00005A00000740005A00005A00005A00000740005A00005A00005A00000743
:20D8800040005A00005A00005A00000740005A00005A00005A00005A00005A00005A0000D7
:20D8A0005A00005A00005A00005A00005A00005A00005A00005A00005A00005A00005A008A
:20D8C000002310005A00003E10003E10003220005A00003E10003E10002310005A00003E0C
:20D8E00010003E10003220005A00003E10003E10002310005A00003E10003E100032200007
:20D900005A00003E10003E10002310005A00003E10003E10003220005A00003E10003E10A0
:20D92000002310005A00003E10003E10003220005A00003E10003E10002310005A00003EAB
:20D9400010003E10003220005A00003E10003E1000204C052200002400002600002800001C
:20D960002A00002C00002E00003000003200003400003600003800003A00003C00003E006B
:20D98000002BC0005A000026C0005A00001FC0005A00002BC0005A000029C0005A0000261B
:20D9A000C0005A000022C0005A000029C0005A000028C0005A000024C0005A00001FC0006F
:20D9C0005A000029C0005A000028C0005A000024C0005A000026C0005A000022C0005A00AE
:20D9E000002BC0005A000026C0005A00001FC0005A00002BC0005A000029C0005A000026BB
:20DA0000C0005A000022C0005A000029C0005A000028C0005A000024C0005A00001FC0000E
:20DA20005A000028C0005A000026C0005A000024C0005A000028C0005A000029C0005A0047
:20DA4000000740005A00005A00001340000740005A00001340005A00000A40005A00005A2C
:20DA600000001640000A40005A00001640005A00000C40005A00005A00001840000C400058
:20DA80005A00001840005A00000E40005A00005A00001A40000E40005A00001A40005A00C2
:20DAA000000740005A00005A00001340000740005A00001340005A00000A40005A00005ACC
:20DAC00000001640000A40005A00001640005A00000C40005A00005A00001840000C4000F8
:20DAE0005A00001840005A00000E40005A00005A00001A40000E40005A00001A40005A0062
:20DB0000001FC1025A00001AC1025A000013C1025A00001FC1025A00001DC1025A00001AD2
:20DB2000C1025A000016C1025A00001DC1025A00001CC1025A000018C1025A000013C10217
:20DB40005A00001DC1025A00001CC1025A000018C1025A00001AC1025A000016C1025A0059
:20DB6000001FC1025A00001AC1025A000013C1025A00001FC1025A00001DC1025A00001A72
:20DB8000C1025A000016C1025A00001DC1025A00001CC1025A000018C1025A000013C102B7
:20DBA0005A00001CC1025A00001AC1025A000018C1025A00001CC1025A00001DC1025A00F3
:20DBC000001FC1025A00001AC1025A000013C1025A00001FC1025A00001DC1025A00001A12
:20DBE000C1025A000016C1025A00001DC1025A00001CC1025A000018C1025A00001FC1024B
:20DC00005A00001DC1025A000022C1025A000024C1025A00001FC1025A00005A00005A0000
:20DC2000001FC1025A00001AC1025A000013C1025A00001FC1025A00001DC1025A00001AB1
:20DC4000C1025A000016C1025A00001DC1025A00001CC1025A000018C1025A00001CC102ED
:20DC60005A00001DC1025A00001FC1025A00005A00005A00001F9000229000269000299050
:20DC8000002BC0005A000026C0005A00001FC0005A00002BC0005A000029C0005A00002618
:20DCA000C0005A000022C0005A000029C0005A000028C0005A000024C0005A00001FC0006C
:20DCC0005A000029C0005A00002EC0005A000030C0005A00002BC0005A00005A00005A001C
:20DCE000002BC0005A000026C0005A00001FC0005A00002BC0005A000029C0005A000026B8
:20DD0000C0005A000022C0005A000029C0005A000028C0005A000024C0005A000028C00002
:20DD20005A000029C0005A00002BC0005A00005A00005A00001FD00022D00026D00029D07D
:20DD4000000740005A00005A00001340000740005A00001340005A00000A40005A00005A29
:20DD600000001640000A40005A00001640005A00000C40005A00005A00001840000C400055
:20DD80005A00001840005A00000E40005A00005A00001A40000E40005A00001A40005A00BF
:20DDA000000C40005A00005A00001840000C40005A00001840005A00000A40005A00005AB5
:20DDC00000001640000A40005A00001640005A00000940005A00005A0000154000094000FE
:20DDE0005A00001540005A00000740005A00005A00001340000740005A00001340005A007E
:20DE0000002310005A00003E10003E10003220005A00003E10003E10002310005A00003EC6
:20DE200010003E10003220005A00003E10003E10002310005A00003E10003E1000322000C1
:20DE40005A00003E10003E10002310005A00003E10003E10003220005A00003E10003E105B
:20DE6000003E10005A00003E10003E10003220005A00003E10003E10003E10003E10005A20
:20DE800000003E10003220005A00003E10003E10002310005A00003E10003E100032200071
:20DEA0005A00003E10003E10002310005A00003E10003E1000294C042D4C04314C05354C4A
:20DEC000052BC0005A00005A00005A00005A00005A00005A00005A00005A00005A00005ACE
:20DEE00000005A00005A00005A00005A00005A00005A00005A00005A00005A00005A00009E
:20DF00005A00005A00005A00005A00005A00005A00005A00005A00005A00005A00005A0023
:20DF2000005A00005A00005A00005A00005A00005A00005A00005A00005A00005A00005A03
:20DF400000005A00005A00005A00005A00005A00005A00005A00005A00005A00005A00003D
:20DF60005A00005A00005A00005A00005A00005A00005A00005A00005A00005A00005A00C3
:20DF8000002BA0005A00005A00005A0C385A00005A00005A00005A00005A00005A00005AEE
:20DFA00000005A00005A00005A00005A00005A00005A00005A00005A00005A00005A0000DD
:20DFC0005A00005A00005A00005A00005A00005A00005A00005A00005A00005A00005A0063
:20DFE000005A00005A00005A00005A00005A00005A00005A00005A00005A00005A00005A43
:20E0000000005A00005A00005A00005A00005A00005A00005A00005A00005A00005A00007C
:20E020005A00005A00005A00005A00005A00005A00005A00005A00005A00005A00005A0002
:20E04000000740005A00005A00005A0C045A0E005A00005A00005A00005A00005A00005AD7
:20E0600000005A00005A00005A00005A00005A00005A00005A00005A00005A00005A00001C
:20E080005A00005A00005A00005A00005A00005A00005A00005A00005A00005A00005A00A2
:20E0A000005A00005A00005A00005A00005A00005A00005A00005A00005A00005A00005A82
:20E0C00000005A00005A00005A00005A00005A00005A00005A00005A00005A00005A0000BC
:20E0E0005A00005A00005A00005A00005A00005A00005A00005A00005A00005A00005A0042
:20E10000003130005A00005A00005A00005A00005A00005A00005A00005A00005A00005A1A
:20E1200000005A00005A00005A00005A00005A00005A00005A00005A00005A00005A00005B
:20E140005A00005A00005A00005A00005A00005A00005A00005A00005A00005A00005A00E1
:20E16000005A00005A00005A00005A00005A00005A00005A00005A00005A00005A00005AC1
:20E1800000005A00005A00005A00005A00005A00005A00005A00005A00005A00005A0000FB
:20E1A0005A00005A00005A00005A00005A00005A00005A00005A00005A00005A00005A0081
:20E1C000005A1C065A10005A00005A00005A00005A00005A00005A00005A00005A00005A2F
:20E1E00000005A00005A00005A00005A00005A00005A00005A00005A00005A00005A00009B
:20E200005A00005A00005A00005A00005A00005A00005A00005A00005A00005A00005A1010
:20E22000005A00005A0C1B5A30005A00005A00005A00005A00005A00005A00005A00005AA9
:20E2400000005A00005A00005A00005A00005A00005A00005A00005A00005A00005A00003A
:20E260005A00005A00005A00005A00005A00005A00005A00005A00005A00005A00005A10B0
:20E28000005A00005A00005A0C775A00005A00005A00005A00005A00005A00005A00005A1D
:20E2A00000005A00005A00005A00005A00005A00005A00005A00005A00005A00005A0000DA
:20E2C0005A00005A00005A00005A00005A00005A00005A00005A00005A00005A00005A1050
:20E2E000005A00005A00005A00005A00005A00005A00005A00005A00005A00005A00005A40
:20E3000000005A00005A00005A00005A00005A00005A00005A00005A00005A00005A000079
:20E320005A00005A00005A00005A00005A00005A00005A00005A00005A00005A00005A10EF
:20E34000005A09005A19405A00005A00005A00005A00005A00005A00005A00005A00005A7D
:20E3600000005A00005A00005A00005A00005A00005A00005A00005A00005A00005A000019
:20E380005A00005A00005A00005A00005A00005A00005A00005A00005A00005A00005A108F
:20E3A000005A00005A0C155A30005A00005A00005A00005A00005A00005A00005A00005A2E
:20E3C00000005A00005A00005A00005A00005A00005A00005A00005A00005A00005A0000B9
:20E3E0005A00005A00005A00005A00005A00005A00005A00005A00005A00005A00005A102F
:20E40000005A0C0F5A0C0B5A0C085A00005A00005A0C045A00005A00005A00005A00005AC8
:20E4200000005A00005AB0005A00005A00005A00005A00005A00005A00005A00005A0000A8
:20E440005A00005A00005A00005A00005A00005A00005A00005A00005A00005A00005A10CE
:20E46000005A0C0F5A00005A00005A00005A00005A00005A00005A00005A00005A00005AA3
:20E4800000005A00005A00005A00005A00005A00005A00005A00005A00005A00005A0000F8
:20E4A0005A00005A00005A00005A00005A00005A00005A00005A00005A00005A00005A106E
:20E4C000002400001800000C00005A00005A00005A0C085A70005A00005A00005A00005AA0
:20E4E00000005A00005A00005A00005A00005A00005A00005A00005A00005A00005A000098
:20E500005A00005A00005A00005A00005A00005A00005A00005A00005A00005A00005A100D
:20E52000005A0C185A20005A00005A00005A00005A00005A00005A00005A00005A00005AB9
:20E5400000005A00005A00005A00005A00005A00005A00005A00005A00005A00005A000037
:20E560005A00005A00005A00005A00005A00005A00005A00005A00005A00005A00005A10AD
:20E58000002400002800002C00003000005A00005A00005A00005A00005A00005A00005A5D
:20E5A00000005A00005A00005A00005A00005A00005A00005A00005A00005A00005A0000D7
:20E5C0005A00005A00005A00005A00005A00005A00005A00005A00005A00005A00005A104D
:20E5E000002400002C00005A00005A40005A00005A00005A00005A00005A00005A00005A61
:20E6000000005A00005A00005A00005A00005A00005A00005A00005A00005A00005A000076
:20E620005A00005A00005A00005A00005A00005A00005A00005A00005A00005A00005A10EC
:20E6400000014081418144C1464148C149814A814D414E014F415141544157015BC15BC1E8
:20E660005E014041424145414241454142414541424145C14F0152015501528159815C8193
:20E680005F0140014301460143014C014301460143014C8150C152C1550158415A415D41D5
:20E6A00060C140C143C14381470149414B414B414BC14CC14381538156C1588156015E012F
:20E6C000610800F00000800840F00000800880F0000080080061C161800800F10000800825
:20E6E00040B32162800880F1000080796B910000C00840198162800840800000801B40B3DC
:20E70000E162800800664163800823720000C00840A2A163800880F00000800020000000C1
:20E720008000200100008000200200008000200B01648000200400008000200500008000BD
:20E740002006616480002007000080002008000080002009000080EA2006C164C000200A37
:20E7600000008000200C00008000200D00008000200E00008008216500000091816500000D
:20E780000085E165000000700000000000F00000000000F00000000000F00000000000F07E
:20E7A0000000000000F00000000000F00000000000F00000000000F00000000000F00000A9
:20E7C000000000F00000000000F000000000000000FFFFFFFFFFFFFFFFFFFFFFFFFFFF0067
:20E7E000000000FFFFFFFFFFFFFFFFFFFFFFFF0000000000000000FFFFFFFFFFFFFFFF002D
:20E800000000000000000000000000FFFFFFFF000112233445566778899AABBCCDDEEFFEF6
:20E82000DCBA98765432100123456789ABCDEF7ACDDB75211368BDDC974101479CDDB80FB2
:20E840000F0F0F0F0F0F0F0F0F0F0F0F0F0F0FFEFCFAF8F6F4F2F0F2F4F6F8FAFCFEFFFE5A
:20E86000DDCCBBAA9988778ABDF124578ABDEEDB976679BCDDCA97678E6E6E6EE66EE688BE
:20E880008B89ABCDFC6BCDFCA964202345678F00578542598A89BFE89FE958A6336425E3DB
:20E8A0005E6049A80B7A9D414E5D8E94E11151475C37E233B315D1C6805C5EDD90E3120349
:20E8C000CDC59675C404EBC5583B7A41AE4267020040416661668166A166C1661B6775675B
:04E8E0000000CF67FE
:020000040034C6
:208000001C04200004200004200010200004200004200010200004200004200004200004C0
:2080200020001020000420000420001020000420000620000620000620001220000620008A
:2080400006200012200006200006200006200006200012200006200006200012200006205A
:20806000000820000820000820001420000820000820001420000820000820000820000850
:2080800020001420000820000820001420000820000820000820000820001420000820000C
:2080A0000820001420000820000820000820000820001420000820000820001420000820E4
:2080C000001B2C0A1E2C0A202C0A232C095A00005A0000232C095A0000222C09222C092217
:2080E0002C08222C085A00005A0000222C085A00001B2C081E2C07202C07232C075A0000EF
:208100005A0000222C075A0000222C075A00005A0000222C07222C075A0000282C06282C9B
:2081200005145C0520500014500020500014500020500014500020500014500020500014F1
:208140005000205000145000205000145000205000145000205000145000205000145000AB
:2081600020500014500020500014500020500014500020500014500020500014500020506B
:20818000005A0F065A00001B10001E10002010002310005A0C005A00002310005A0C0022DF
:2081A00010002210002210002210005A0C005A00002210005A0C001B10001E100020100038
:2081C0002310005A0C005A00002210005A0C002210005A0C005A00002210002210005A0C58
:2081E000002810002810002810005A0C005A00002710005A0C005A0C002710005A0C002750
:2082000010005A0C005A00002010005A0C005A00002010005A0C001E10005A0C005A00001A
:208220001E10005A0C005A00002010005A0C002210005A0C002310005A00002210005A0CFD
:20824000002B2C145A00005A00005A00002B2C145A00005A00005A00002B2C145A00005A0D
:2082600000005A00002B2C245A00005A00005A00002B2C255A00005A00005A00002B2C2515
:208280005A00005A00005A00002B2C255A00005A00005A00002B2C255A00005A00005A00BC
:2082A000002B2C265A00005A00005A00002B2C265A00005A00005A00002B2C265A00005A77
:2082C00000005A00002B2C265A00005A00005A00002B2C275A00005A00005A00002B2C27AF
:2082E0005A00005A00005A00002B2C275A00005A00005A00002B2C275A00002B2C275A0034
:20830000005A00005A00005A00005A00005A00005A00005A00005A00005A00005A00005A7F
:2083200000005A00005A00005A00005A00005A00005A00005A00005A00005A00005A0000B9
:208340005A00005A00005A00005A00005A00005A00005A00005A00005A00005A00005A003F
:20836000005A00005A00005A00005A00005A00005A00005A00005A00005A00005A00005A1F
:2083800000005A00005A00005A00005A00005A00005A00005A00005A00005A00005A000059
:2083A0005A00005A00005A00005A00005A00005A00005A00005A00005A00005A00005A00DF
:2083C000000F1000121000141000171000141C03171C031710005A0C0016100016100016B9
:2083E0001000161000161C03161C031610005A0C000F1000121000141000171000141C0392
:20840000171C031610005A0C001610005A0C00161C03161000161000161C031C10001C1000
:20842000001C10001C1C031C1C031B10005A0C001B1C031B10005A0C001B10005A0C001B92
:208440001C031410005A0C00141C031410005A0C001210005A0C00121C031210005A0C0075
:20846000121C031410005A0C001610005A0C001710005A00001610005A0C001710005A0027
:2084800000314E005A00005A00005A00005A00005A00005A00005A00005A00005A00005AD9
:2084A00000005A00005A00005A00005A00005A00005A00005A00005A00005A00005A000038
:2084C0005A00005A00005A00005A00005A00005A00005A00005A00005A00005A00005A00BE
:2084E000005A00005A00005A00005A00005A00005A00005A00005A00005A00005A00005A9E
:2085000000005A00005A00005A00005A00005A00001211015A0C005A00001211015A0C002B
:208520005A00001411015A0C001610005A0C001711015A00001611015A0C001711015A0035
:20854000005A0E005A00005A00005A00005A00005A00005A00005A00005A00005A00005A2F
:2085600000005A00005A00005A00005A00005A00005A00005A00005A00005A00005A000077
:208580005A00005A00005A00005A00005A00005A00005A0000221C025A00005A00005A0017
:2085A000005A00005A00003E1C01221C025A00005A00005A00005A00005A00005A00003E12
:2085C0001C01221C025A00005A00005A00005A00005A00005A00003E1C01221C025A00002D
:2085E0005A00005A00005A00005A00005A00003E1C01221C025A00005A00005A00005A00B6
:20860000000F10001210001410001710005A0C005A00001710005A0C00161000161000161F
:2086200010001610005A0C005A00001610005A0C000F10001210001410001710005A0C00C6
:208640005A00001610005A0C001610005A0C005A00001610001610005A0C001C10001C1044
:20866000001C10005A0C005A00001B10005A0C005A0C001B10005A0C001B10005A0C005A9B
:2086800000001410005A0C005A00001410005A0C00121C055A0C005A0000121C055A0C00E0
:2086A0005A0000141C055A0C00161C055A0C00171C055A0000161C055A0C00171C055A0067
:2086C000002B2C275A00002B2C275A00002B2C275A00002B2C275A00002B2C275A00002B37
:2086E0002C275A00002B2C275A00002B2C275A00002B2C275A00002B2C275A00002B2C27EF
:208700005A00002B2C275A00002B2C275A00002B2C275A00002B2C275A00002B2C182B2CD9
:20872000181A3C282B2C282B2C281A3C282B2C282B2C281A3C282B2C281A3C282B2C282B04
:208740002C281A3C282B2C282B2C281A3C282B2C281A3C291A3C291A3C291A3C291A3C29D1
:208760001A3C291A3C291A3C291A3C291A3C291A3C291A3C291A3C291A3C291A3C291A3CAD
:2087800029314E005A00005A00005A00005A00005A00005A00005A00005A00005A00005AAD
:2087A00000005A00005A00005A00005A00005A00005A00005A00005A00005A00005A000035
:2087C0005A00005A00005A00005A00005A00005A00005A00005A00005A00005A00005A00BB
:2087E000005A00005A00005A00005A00005A00005A00005A00005A00005A00005A00005A9B
:2088000000005A00005A00005A00005A00005A00005A00005A00005A00005A00005A0000D4
:208820005A00005A00005A00005A00005A00005A00005A00005A00005A00005A00005A005A
:20884000001A90005A00005A00005A00005A00005A00001A90005A00005A00005A00005A9A
:2088600000005A00001A90005A00005A00005A00001A90005A00005A00005A00005A0000D4
:208880005A00001A90005A00005A00005A00005A00005A00005A00005A00005A00005A00AA
:2088A000005A00005A00005A00005A00005A00005A00005A00005A00005A00005A00005ADA
:2088C00000005A00005A00005A00005A00005A00005A00005A00005A00005A00005A000014
:2088E0005A00005A00005A00005A00005A00005A00005A00005A00005A00005A00005A009A
:20890000005A00005A00005A00005A00005A00005A00005A00005A00005A00005A00005A79
:2089200000005A00005A00005A00005A00005A0000088C005A0A105A00005A0A105A000045
:208940005A0A105A00005A0A105A00005A0A105A00005A0A105A00005A0A105A00005A0AAD
:20896000105A00005A00005A00005A00005A00005A00005A00005A00005A00005A00005A09
:2089800000005A00005A00005A00005A00005A00005A00005A00005A00005A00005A000053
:2089A0005A00005A00005A00005A00005A00005A00005A00005A00005A00005A00005A00D9
:2089C000003C5F033A5C053800003600003400003200003000002E00002C00002A00005A7C
:2089E00000002900005A00002800005A00002700005A00005A00002800002900002A00001C
:208A00002C00002E00002B20005A0000345C053800002B20003C5C052B20003A0B005A00B8
:208A2000003E00005A00005A00005A00005A00005A00005A00005A00005A00005A00005A74
:208A400000005A00005A00005A00005A00005A00005A00005A00005A00005A00005A000092
:208A60005A00005A00005A00005A00005A00005A00005A00005A00005A00005A00005A0018
:208A8000000E9000088C075A00005A0000029C05088C075A00005A00000E9000088C075A64
:208AA00000005A0000029C05088C075A00005A00000E9000088C075A00005A0000029C05DA
:208AC000088C070E9000088C070E9000088C075A00005A00000E9000088C070E90000E9060
:208AE000000E9000048C075A00005A0000029C05048C075A00005A00000E9000048C075A10
:208B000000005A0000029C05048C075A00005A00000E9000048C075A00005A0000029C0581
:208B2000048C070E9000048C070E9000048C075A00000E9000029C05048C070E90000E90C6
:208B400000272F065A00005A00002720005A00005A00002220005A00002320005A00005A77
:208B600000002320005A00005A00002A20005A00002720005A00005A00002720005A0000BE
:208B80005A00002220005A00002320005A00005A00002320005A00005A00002720002A2060
:208BA000002C20005A00005A00002C20005A00005A00002A20005A00002320005A00005A1A
:208BC00000002320005A00005A00002720002A20002C20005A00005A00002C20005A000067
:208BE0005A00002A20005A00002320005A00005A00002320005A00005A00002320002720FF
:208C00000008200008200008200014200008200008200014200008200008200008200008A4
:208C2000200014200008200008200014200008200008200008200008200014200008200060
:208C40000820001420000820000820001420000820001420000820001720005A00005A00C5
:208C6000000420000420000420001020000420000420001020000420000420000420000470
:208C8000200010200004200004200010200004200004200004200004200010200004200028
:208CA000042000102000042000042000042000042000102000042000042000102000042004
:208CC000002120005A00003240005A00002B20005A00003240005A00002120005A000032EF
:208CE00040005A00002B20005A00003240005A00002120005A00003240005A00002B2000B7
:208D00005A00002120005A00002120005A00002B20005A00002B20005A00002B20002B20E3
:208D2000002120005A00003240005A00002B20005A00003240005A00002120005A0000328E
:208D400040005A00002B20005A00003240005A00002120005A00003240005A00002B200056
:208D60005A00002120005A00002120005A00002B20005A00002B20005A00002B20002B2083
:208D8000000120000120000120000D20000120000120000D20000120000120000120000170
:208DA00020000D20000120000120000D20000120000120000120000120000D200001200025
:208DC0000120000D20000120000120000D20000120000D20000120000D20000120000D20EC
:208DE0000004200004200004200004200004200004200010200004200004200004200004FB
:208E000020001020000420000420001020000420000320000320000320000F2000032000AB
:208E20000320000F20000320000320000320000320000F20000320000320000F200003208D
:208E4000002820005A00005A00002820005A00005A00002720005A00002020005A00005A85
:208E600000002020005A00005A00002720005A00002820005A00005A00002820005A0000BF
:208E80005A00002720005A00002C20005A00005A00002C20005A00005A00002720005A0036
:208EA000002020005A00005A00002020005A00005A00001E20005A00002020005A00005A3E
:208EC00000002020005A00005A00001E20005A00002220005A00005A00002220005A000074
:208EE0005A00002020005A00002220005A00002F20002E20005A00002C20002B20005A00FA
:208F0000000E9000018C075A00005A0000029C05018C075A00005A00000E9000018C075AF4
:208F200000005A0000029C05018C075A00005A00000E9000018C075A00005A0000029C0563
:208F4000018C070E9000018C070E9000018C075A00005A0000029C05018C075A00005A007A
:208F6000000E9000048C075A00005A0000029C05048C075A00005A00000E9000048C075A8B
:208F800000005A0000029C05048C075A00005A00000E9000038C075A00005A0000029C05FE
:208FA000038C070E9000038C070E9000038C075A00000E9000029C05038C070E90000E9046
:208FC000001B6F065A00005A00001B60005A00005A00001660005A00001760005A00005A23
:208FE00000001760005A00005A00001E60005A00001B60005A00005A00001B60005A00006A
:209000005A00001660005A00001760005A00005A00001760005A00005A00001B60001E60D7
:20902000002060005A00005A00002060005A00005A00001E60005A00001760005A00005AC5
:2090400000001760005A00005A00001B60001E60002060005A00005A00002060005A0000DE
:209060005A00001E60005A00001760005A00005A00001760005A00005A00001760001B6076
:20908000001C60005A00005A00001C60005A00005A00001B60005A00001460005A00005A73
:2090A00000001460005A00005A00001B60005A00001C60005A00005A00001C60005A0000AD
:2090C0005A00001B60005A00002060005A00005A00002060005A00005A00001B60005A0024
:2090E000001460005A00005A00001460005A00005A00001260005A00001460005A00005A2C
:2091000000001460005A00005A00001260005A00001660005A00005A00001660005A000061
:209120005A00001460005A00001660005A00002360002260005A00002060001F60005A007F
:20914000005A00005A0000272C085A00005A0000272C085A00005A0000222C085A0000236A
:209160002C085A00005A0000232C085A00005A00002A2C085A0000272C085A00005A000035
:20918000272C085A00005A0000222C085A0000232C085A00005A0000232C085A00005A00FA
:2091A00000272C082A2C082C2C085A00005A00002C2C085A00005A00002A2C085A000023F3
:2091C0002C085A00005A0000232C085A00005A0000272C082A2C082C20005A00005A0000E3
:2091E0002C2C085A00005A00002A2C085A0000232C085A00005A0000232C085A00005A008D
:20920000005A00005A0000282C085A00005A0000282C085A00005A0000272C085A000020A5
:209220002C085A00005A0000202C085A00005A0000272C085A0000282C085A00005A000079
:20924000282C085A00005A0000272C085A00002C2C085A00005A00002C2C085A00005A0021
:2092600000272C085A0000202C085A00005A0000202C085A00005A00001E2C085A0000205D
:209280002C085A00005A0000202C085A00005A00001E2C085A0000222C085A00005A000028
:2092A000222C085A00005A0000202C085A0000222C085A00002F2C082E2C085A00002C2CCF
:2092C000060430000430000430001030000430000430001030000430000430000430000464
:2092E000300010300004300004300010300004300006300006300006300012300006300008
:209300000630001230000630000630000630000630001230000630000630001230000630D7
:2093200000082000082000082000142000082000082000142000082000082000082000087D
:20934000200014200008200008200014200008200008200008200008200014200008200039
:20936000082000142000082000082000082000082000142000082000082000142000082011
:209380000004300004300004300010300004300004300010300004300004300004300004A9
:2093A000300010300004300004300010300004300006300006300006300012300006300047
:2093C000063000123000063000063000063000063000123000063000063000123000063017
:2093E00000083000083000083000143000083000083000143000083000083000083000081D
:209400003000143000083000083000143000083000083000083000083000143000083000C8
:209420000830001430000830000830000830000830001430000830000830001430000830A0
:20944000005A09005A09405A00005A00005A00005A00005A00005A00005A00005A00005ADC
:2094600000005A00005A00005A00005A00005A00005A00005A00005A00005A00005A000068
:209480005A00005A00005A00005A00005A00005A00005A00005A00005A00005A00005A10DE
:2094A000005A09005A09405A00005A00005A00005A00005A00005A00005A00005A00005A7C
:2094C00000005A00005A00005A00005A00005A00005A00005A00005A00005A00005A000008
:2094E0005A00005A00005A00005A00005A00005A00005A00005A00005A00005A00005A107E
:20950000005A09405A00005A00005A00005A09805A00005A00005A00005A00005A00005A9B
:2095200000005A00005A00005A00005A00005A00005A00005A00005A00005A00005A0000A7
:209540005A00005A00005A00005A00005A00005A00005A00005A00005A00005A00005A101D
:20956000005A09C05A00005A00005A00005A00005A00005A00005A00005A00005A00005A44
:2095800000005A00005A00005A00005A00005A00005A00005A00005A00005A00005A000047
:2095A0005A00005A00005A00005A00005A00005A00005A00005A00005A00005A00005A10BD
:2095C000005A09003009402400005A00005A00003000002400005A00005A00005A00005A1B
:2095E00000005A00005A00005A00005A00005A00005A00005A00005A00005A00005A0000E7
:209600005A00005A00005A00005A00005A00005A00005A00005A00005A00005A00005A105C
:20962000002409403000002409002400003009402400002409003000002409402400003081
:20964000090024000024094030000024090024000030094024000024090030000024094088
:20966000240000300900240000240940300000240900240000300940240000240900301071
:20968000005A09405A00005A09005A00005A09405A0C005A09005A00005A09405A00005AF3
:2096A00009005A00005A09405A00005A09005A00005A09405A00005A09005A00005A094030
:2096C0005A00005A09005A00005A09405A00005A09005A00005A09405A00005A09005A10EF
:2096E00000300C09300C0F3000005A00005A0000240C095A00005A00005A00005A00005AFB
:2097000000005A00005A00005A00005A00005A00005A00005A00005A00005A00005A0000C5
:209720005A00005A00005A00005A00005A00005A00005A00005A00005A00005A00005A103B
:2097400000240C09300C0F3000005A00005A0000240C095A00005A00005A00005A00005AA6
:2097600000005A00005A00005A00005A00005A00005A00005A00005A00005A00005A000065
:209780005A00005A00005A00005A00005A00005A00005A00005A00005A00005A00005A10DB
:2097A000003000002D00002A00002700002400002100001E00001B00001800005A0C005AA5
:2097C00000005A00005A00005A00005A00005A00005A00005A00005A00005A00005A000005
:2097E0005A00005A00005A00005A00005A00005A00005A00005A00005A00005A00005A107B
:20980000002A00002A00002900002900002800002800002700002600002500002400002498
:209820000000240000240000240000240000240000240000240000240000240000240000C0
:209840002400002440005A00005A00005A00005A00005A00005A00005A00005A00005A1046
:20986000003B00004100003B00004100003B00004100003B00004100003B00004100003B41
:2098800000004100003B00004100003B00004100003B00004100003B00004100003B00005C
:2098A0004100003B00004100003B00004100003B00004100005A00005A00005A00005A107B
:2098C000003009402D29005A00005A00005A00005A00005A00005A00005A00005A00005A8F
:2098E00000005A00005A00005A00005A00005A00005A00005A00005A00005A00005A0000E4
:209900005A00005A00005A00005A00005A00005A00005A00005A00005A00005A00005A1059
:20992000000146C143C143C143C1434148814A014F814A014F41484151015281478144C155
:2099400040C140C140C1400149414B414EC14F81500149414B414E814781410140C15281BA
:209960005381530143014C814D014C814D0143014C814D81478147414541454142C146C100
:2099800049C14CC14CC14CC14CC1498147814781470840C74154800880F2A15480088062EB
:2099A00001558008C0F00000800800336155800840F2C155800880F10000800840F02156B0
:2099C000801C80F58156800880F00000800880F00000800880F00000800880F00000800837
:2099E00080F00000800880F00000800060040000803F200DE156800020014157800020031C
:209A0000000080002004000080002005000080002006000080002007000080002008A15710
:209A20008000200900008000200A00008000200B00008000200C00008000200D000080004F
:209A4000200E000080F00000000000A10158670000F16158000000C1C158760000F000001D
:209A6000000000F00000000000F00000000000F00000000000F00000000000F00000000036
:209A800000F00000000000F00000000000F00000000000F00000000000F00000000000FE18
:209AA000EEDDCCBBBAAA998876655433222100FFFFFFFFFFEBA8642000000FFFFFFFFF000D
:209AC00000000000000000FFFFFFFFFFFFFFFF000000000000000000000000FFFFFFFF0092
:209AE0000112233445566778899AABBCCDDEEFFEDCBA9876543210123456789ABCDEFF7A65
:209B0000CDDB75211368BDDC974101479CDDB80F0F0F0F0F0F0F0F0F0F0F0F0F0F0F0F00B2
:209B20000000000000000256EFFFFFFFFFFFFFFEDDCCBBAA9988778ABDF124578ABDEE84D4
:209B40001161ED57475AADCEA31779DD2003470E86B05E157AE906B19098490AB04C796C8C
:209B60006B5CE132ECEC4E86CEE73D9822143D0126778899ABCDEEEFEDDDCCBBAAAA990B05
:209B80000003750A376737C20E2C2A80674DB5E7475BC09C6D4C6CBCE7EDC794B118A106FA
:149BA000004021593D59595975599159EB59455A00009F5A1B
:20400000182D30005A00005A00002D30005A00005A00002D30005A00002D30005A00002DCB
:2040200030005A00002930005A00002830005A00002630005A00005A00002630005A0000D7
:204040005A00002630005A00005A00002630005A00005A00002830005A011D3230005A0066
:20406000002F30005A00005A00002F30005A00005A00002F30005A00002D30005A00002F7B
:2040800030005A010B3430005A00003030005A00002D30005A00005A00002D30005A00004A
:2040A0005A00002D30005A00002F30005A00005A00002B30005A00005A00002B30005A0018
:2040C000001592860990005A00005A00005A00005A00005A00005A00005A00005A00005AF0
:2040E00000005A00005A00005A00005A00005A00000290005A00005A00005A00005A000004
:204100005A00005A00005A00005A00005A00005A00005A00005A00005A00005A00005A00C1
:20412000000B90005A00005A00005A00005A00005A00005A00005A00005A00005A00005A60
:2041400000005A00005A00005A00005A00005A00000990005A00005A00005A00005A00009C
:204160005A00005A00005A00005A00005A00005A00005A00005A00005A00005A00005A0061
:204180000021B0005A00005A0C0821B0005A00005A0C0821B0005A0C0A21B0005A0C0A214A
:2041A000B0005A0C0A1DB0005A0C0A1CB0005A0C0A1AB0005A00005A0C081AB0005A0000B0
:2041C0005A0C081AB0005A00005A0C081AB0005A00005A0C081CB0005A0C0A26B0005A0CD5
:2041E0000A23B0005A00005A0C0823B0005A00005A0C0823B0005A0C0A21B0005A0C0A23D8
:20420000B0005A0C0A28B0005A0C0A24B0005A0C0A21B0005A00005A0C0821B0005A00002E
:204220005A0C0821B0005A0C0A23B0005A00005A0C081FB0005A00005A0C081FB0005A0C68
:204240000A12C0005A00005A00005A00005A00005A00005A00005A00005A00005A00005AFE
:2042600000005A00005A00005A00005A00005A00005A00005A00005A00005A00005A0000BA
:204280005A00005A00005A00005A00005A00005A00005A00005A00005A00005A00005A0040
:2042A000005A00005A00005A00005A00005A00005A00005A00005A00005A00005A00005A20
:2042C00000005A00005A00005A00005A00005A00005A00005A00005A00005A00005A00005A
:2042E0005A00005A00005A00005A00005A00005A00005A00005A00005A00005A00005A00E0
:204300000012C0005A00002F70005A00002D7C635A00002F70005A00002D7C635A00002F84
:2043200070005A00002D7C635A00002F70005A00002D7C635A00002F70005A00002D7C63E9
:204340005A00002F70005A00002D7C635A00002F70005A00002D7C635A00002F70005A004C
:20436000002D7C635A00002F70005A00002D7C635A00002F70005A00002D7C635A00002FEA
:2043800070005A00002D7C635A00002F70005A00002D7C635A00002F70005A00002D7C6389
:2043A0005A00002F70005A00002D7C635A00002F70005A00002D7C635A00005A00005A0031
:2043C0000012C0005A000012C0005A000012C0005A000012C0005A000012C0005A000012EF
:2043E000C0005A000012C0005A000012C0005A000012C0005A000012C0005A000012C00021
:204400005A000012C0005A000012C0005A000012C0005A000012C0005A000012C0005A0066
:204420000012C0005A000012C0005A000012C0005A000012C0005A000012C0005A0000128E
:20444000C0005A000012C0005A000012C0005A000012C00012C00012C00012C00012C000D0
:2044600012C00012C00012C00012C00012C00012C00012C00012C00012C00012C00012C036
:20448000002D30005A00005A00002D30005A00005A00002D30005A00002D30005A00005A32
:2044A00000002D30005A00005A00002D30005A00002D30005A00005A00002D30005A00006C
:2044C0005A00002D30005A00002D30005A00005A00002D30005A00005A00002D30005A00F2
:2044E000002D30005A00002D30005A00002D30005A00002D30005A00002D30005A00002DFC
:2045000030005A00002D30005A00002D30005A00002D30005A00002D30005A00002D3000D8
:204520005A00002D30005A00002D30002D30002D30002D30002D30002D30002D30002D3082
:20454000000990005A00005A00005A00005A00005A00005A00005A00005A00005A00005A3E
:2045600000005A00005A00005A00005A00005A00005A00005A00005A00005A00005A0000B7
:204580005A00005A00005A00005A00005A00005A00005A00005A00005A00005A00005A003D
:2045A000005A00005A00005A00005A00005A00005A00005A00005A00005A00005A00005A1D
:2045C00000005A00005A00005A00005A00005A00005A00005A00005A00005A00005A000057
:2045E0005A00005A00005A00005A00005A00005A00005A00005A00005A00005A00005A00DD
:204600000021B0005A00005A0C0821B0005A00005A0C0821B0005A000021B0005A00005AB8
:204620000C0821B0005A00005A0C0821B0005A000021B0005A00005A0C0821B0005A0000DE
:204640005A0C0821B0005A000021B0005A00005A0C0821B0005A00005A0C0821B0005A0064
:204660000021B0005A000021B0005A000021B0005A000021B0005A000021B0005A00002142
:20468000B0005A000021B0005A000021B0005A000021B0005A000021B0005A000021B00093
:2046A0005A000021B0005A000021B00021B00021B00021B00021B00021B00021B00021B0ED
:2046C00000153C065A00005A0C055A00005A0C045A00005A0C035A00005A0C025A00005AC1
:2046E0000C015A00005A00005A00005A00005A00005A00005A00005A00005A00005A0C001D
:204700005A00005A00005A00005A00005A00005A00005A00005A00005A00005A00005A00BB
:2047200000154C015A00005A00005A00005A00005A00005A00005A00005A0C025A00005A85
:2047400000005A00005A0C035A00005A00005A00005A0C045A00005A00005A00005A0C05A5
:204760005A00005A00005A00005A0C065A00005A00005A00005A0C075A00005A00005A0036
:2047800000157E03157E03157E03157E03117E03117E03117E03117E03107E03107E031047
:2047A0007E03107E0324712A3072FF107E03107E03117E03117E03117E03117E03117E038B
:2047C000117E03117E03117E03157E03157E03157E03157E03157E03157E03167E03177E73
:2047E00003157E03157E03157E03157E03117E03117E03117E03117E03107E03107E0310E4
:204800007E03107E0324712A3072FF107E03107E03157E03157E03157E03157E03157E0316
:20482000157E03157E03157E03177E03177E03177E03177E03137E03137E03137E03137E09
:20484000035A0C000920000920000920005A0C000520000520000520005A0C000420000411
:2048600020000420005A0C005A00000420000420005A0C000520000520000520005A0C00B1
:204880000520000520000520005A0C000920000920000920005A0C000920000920000920E7
:2048A000005A0C000920000920000920005A0C000520000520000520005A0C0004200004B4
:2048C00020000420005A0C005A00000420000420005A0C000920000920000920005A0C0045
:2048E0000920000920000920005A0C000B20000B20000B20005A0C0007200007200007207B
:20490000001CC2C009F00009F00009F0001CC2C005F00005F00005F0001CC2C004F00004FB
:20492000F00004F0001CC2C05A0C0004F00004F0001CC2C005F00005F00005F0001CC2C08C
:2049400005F00005F00005F0001CC2C009F00009F00009F0001CC2C009F00009F00009F066
:20496000001CC2C009F00009F00009F0001CC2C005F00005F00005F0001CC2C004F000049B
:20498000F00004F0001CC2C05A0C0004F00004F0001CC2C009F00009F00009F0001CC2C020
:2049A00009F00009F00009F0001CC2C00BF0000BF0000BF0001CC2C007F00007F00007F0FA
:2049C000001540005A00001D30002130001340002130001D30002130001330002130001D97
:2049E00030002130001340002130001D30002130001330002130001D30002130001340006F
:204A00002130001D30002130001330002130001D30002130001340002130001D3000213033
:204A2000001330002130001D30002130001340002130001D30002130001330002130001D51
:204A400030002130001340002130001D30002130001330002130001D30002130001340000E
:204A60002130001D30002130001330002130001D30002130001340002130001D30002130D3
:204A8000002180002180002180002180001D80001D80001D80001D80001C80001C80001CCA
:204AA00080001C80005A0C005A00001C80001C80001D80001D80001D80001D80001D8000D1
:204AC0001D80001D80001D800021800021800021800021800021800021810C2381052480DF
:204AE000002180002180002180002180001D80001D80001D80001D80001C80001C80001C6A
:204B000080001C80005A0C005A00001C80001C80002180002180002180002180002180005C
:204B20002180002180002180002380002380002380002380001F80001F80001F80001F808A
:204B4000001CC2C009E00009E00009E0001CC2C005E00005E00005E0001CC2C004E0000429
:204B6000E00004E0001CC2C05A0C0004E00004E0001CC2C005E00005E00005E0001CC2C0BA
:204B800005E00005E00005E0001CC2C009E00009E00009E0001CC2C009E00009E00009E0B4
:204BA000001CC2C009E00009E00009E0001CC2C005E00005E00005E0001CC2C004E00004C9
:204BC000E00004E0001CC2C05A0C0004E00004E0001CC2C009E00009E00009E0001CC2C04E
:204BE00009E00009E00009E0001CC2C00BE0000BE0000BE0001CC2C007E00007E00007E048
:204C0000005A0C005A00005A00005A00005A00005A00005A00005A00005A00005A00005AAA
:204C200000005A00005A00005A00005A00005A00005A00005A00005A00005A00005A0000F0
:204C40005A00005A00005A00005A00005A00005A00005A00005A00005A00005A00005A0076
:204C6000005A00005A00005A00005A00005A00005A00005A00005A00005A00005A00005A56
:204C800000005A00005A00005A00005A00005A00005A00005A00005A00005A00005A000090
:204CA0005A00005A00005A00005A00005A00005A00005A00005A00005A00005A00005A0016
:204CC00000157C0A157C0A157C0A157C0A117C0A117C0A117C0A117C0A107C0A107C0A10D0
:204CE0007C0A107C0A5A0C005A0000107C0A107C0A117C0A117C0A117C0A117C0A117C0AB9
:204D0000117C0A117C0A117C0A157C0A157C0A157C0A157C0A157C0A157C0A157C0A157C00
:204D20000A157C0A157C0A157C0A157C0A117C0A117C0A117C0A117C0A107C0A107C0A1065
:204D40007C0A107C0A5A0C005A0000107C0A107C0A157C0A157C0A157C0A157C0A157C0A44
:204D6000157C0A157C0A157C0A177C0A177C0A177C0A177C0A137C0A137C0A137C0A137C94
:204D80000A1530005A00005A00005A00001130005A00005A00005A00001070005A00005A33
:204DA00000005A00005A00005A00005A0C005A00001130005A00005A00005A000011300095
:204DC0005A00005A00005A00001530005A00005A00005A00001530005A00005A00005A001F
:204DE000001530005A00005A00005A00001130005A00005A00005A00001070005A00005ADD
:204E000000005A00005A00005A00005A0C005A00001530005A00005A00005A00001530002C
:204E20005A00005A00005A00001730005A00005A00005A00001330005A00005A00005A00BE
:204E4000002180005A00005A00005A00001D80005A00005A00005A00001C80005A00005AA8
:204E600000005A00005A00005A00005A00005A00001D80005A00005A00005A00001D800028
:204E80005A00005A00005A00002180005A00005A00005A000021800021810C2381052480B9
:204EA000002180005A00005A00005A00001D80005A00005A00005A00001C80005A00005A48
:204EC00000005A00005A00005A00005A00005A00002180005A00005A00005A0000218000C0
:204EE0005A00005A00005A00002380005A00005A00005A00001F80005A00005A00005A0046
:204F000000194C065A0C055A0C045A0C035A0C025A0C015A0C005A00005A00005A00005A4B
:204F200000005A00005A00005A00005A00005A00005A00005A00005A00005A00005A0000ED
:204F40005A00005A00005A00005A00005A00005A00005A00005A00005A00005A00005A0073
:204F6000005A0D015A00005A00005A00005A00005A00005A00005A00005A00005A00005A45
:204F800000005A00005A00005A00005A00005A00005A00005A00005A00005A00005A00008D
:204FA0005A00005A00005A00005A00005A00005A00005A00005A00005A00005A00005A0013
:204FC000001592DB0990005A00005A00001592DB0990005A00005A00001592DB0990005ABE
:204FE00000005A00001592DB0990005A00005A00001592DB0290005A00005A00001592DB3E
:205000000290005A00005A00001592DB0290005A00005A00001592DB0290005A00005A00BA
:20502000001592DB0B90005A00005A00001592DB0B90005A00005A00001592DB0B90005A57
:2050400000005A00001592DB0B90005A00005A00001592DB0990005A00005A00001592DBD4
:205060000990005A00005A00001592DB0990005A00005A00001592DB0990005A00005A0045
:20508000000990005A00005A00005A00005A00005A00005A00005A00005A00005A00005AF3
:2050A00000005A00005A00005A00005A00005A00000290005A00005A00005A00005A000034
:2050C0005A00005A00005A00005A00005A00005A00005A00005A00005A00005A00005A00F2
:2050E000001592860B90001592860B90001592860B90001592860B90001592860B900015B3
:2051000092860B90001592860B90001592860B90001592861592861592861592861592866B
:20512000159286159286159286159286159286159286159286159286159286159286159206
:205140008615F00015F00015F00015F00011F00011F00011F00011F00010F00010F00010A1
:20516000F00010F00024F12A3072FF10F00010F00011F00011F00011F00011F00011F0005A
:2051800011F00011F00011F00015F00015F00015F00015F00015F00015F00016F00017F0E1
:2051A0000015F00015F00015F00015F00011F00011F00011F00011F00010F00010F00010C7
:2051C000F00010F00024F12A3072FF10F00010F00015F00015F00015F00015F00015F000E6
:2051E00015F00015F00015F00017F00017F00017F00017F00013F00013F00013F00013F078
:20520000005A08DF5A08FF5A00005A00005A00005A00005A00005A00005A00005A00005AC2
:2052200000005A00005A00005A00005A00005A00005A00005A00005A00005A00005A0000EA
:205240005A00005A00005A00005A00005A00005A00005A00005A00005A00005A00005A1060
:20526000005A09805A09405A01015A00005A00005A00005A00005A00005A00005A00005A7C
:2052800000005A00005A00005A00005A00005A00005A00005A00005A00005A00005A00008A
:2052A0005A00005A00005A00005A00005A00005A00005A00005A00005A00005A00005A1000
:2052C000005A02015A02015A02015A00005A00005A00005A00005A00005A00005A00005AE7
:2052E00000005A00005A00005A00005A00005A00005A00005A00005A00005A00005A00002A
:205300005A00005A00005A00005A00005A00005A00005A00005A00005A00005A00005A109F
:20532000005A00005A00005A00005A00005A00005A00005A00005A00005A00005A00005A8F
:2053400000005A00005A00005A00005A00005A00005A00005A00005A00005A00005A0000C9
:205360005A00005A00005A00005A00005A00005A00005A00005A00005A00005A00005A103F
:20538000005A01015A01015A01015A01015A02015A02015A02015A12015A00005A00005A0B
:2053A00000005A00005A00005A00005A00005A00005A00005A00005A00005A00005A000069
:2053C0005A00005A00005A00005A00005A00005A00005A00005A00005A00005A00005A10DF
:2053E000005A08FB5A08FF5A00005A00005A00005A00005A00005A00005A00005A00005AC5
:2054000000005A00005A00005A00005A00005A00005A00005A00005A00005A00005A000008
:205420005A00005A00005A00005A00005A00005A00005A00005A00005A00005A00005A107E
:20544000001800002400005A00005A00005A00005A00005A00005A00005A00005A00005AE6
:2054600000005A00005A00005A00005A00005A00005A00005A00005A00005A00005A0000A8
:205480005A00005A00005A00005A00005A00005A00005A00005A00005A00005A00005A101E
:2054A000005A08FF5A08FF5A00005A00005A00005A00005A00005A00005A00005A00005A00
:2054C00000005A00005A00005A00005A00005A00005A00005A00005A00005A00005A000048
:2054E0005A00005A00005A00005A00005A00005A00005A00005A00005A00005A00005A10BE
:20550000005A08BF5A08FF5A00005A00005A00005A00005A00005A00005A00005A00005ADF
:2055200000005A00005A00005A00005A00005A00005A00005A00005A00005A00005A0000E7
:205540005A00005A00005A00005A00005A00005A00005A00005A00005A00005A00005A105D
:20556000004400004420005A00005A00005A00005A00005A00005A00005A00005A00005A59
:2055800000005A00005A00005A00005A00005A00005A00005A00005A00005A00005A000087
:2055A0005A00005A00005A00005A00005A00005A00005A00005A00005A00005A00005A10FD
:2055C000004300004320005A00005A00005A00005A00005A00005A00005A00005A00005AFB
:2055E00000005A00005A00005A00005A00005A00005A00005A00005A00005A00005A000027
:205600005A00005A00005A00005A00005A00005A00005A00005A00005A00005A00005A109C
:20562000004200004100004000004040005A00005A00005A00005A00005A00005A00005AB1
:2056400000005A00005A00005A00005A00005A00005A00005A00005A00005A00005A0000C6
:205660005A00005A00005A00005A00005A00005A00005A00005A00005A00005A00005A103C
:20568000004400004420005A00005A00005A00005A00005A00005A00005A00005A00005A38
:2056A00000005A00005A00005A00005A00005A00005A00005A00005A00005A00005A000066
:2056C0005A00005A00005A00005A00005A00005A00005A00005A00005A00005A00005A10DC
:2056E000003C00003C20005A00005A00005A00005A00005A00005A00005A00005A00005AE8
:2057000000005A00005A00005A00005A00005A00005A00005A00005A00005A00005A000005
:205720005A00005A00005A00005A00005A00005A00005A00005A00005A00005A00005A107B
:20574000003400003420005A00005A00005A00005A00005A00005A00005A00005A00005A97
:2057600000005A00005A00005A00005A00005A00005A00005A00005A00005A00005A0000A5
:205780005A00005A00005A00005A00005A00005A00005A00005A00005A00005A00005A101B
:2057A000002900002C09005A00005A00005A00005A00005A00005A00005A00005A00005A61
:2057C00000005A00005A00005A00005A00005A00005A00005A00005A00005A00005A000045
:2057E0005A00005A00005A00005A00005A00005A00005A00005A00005A00005A00005A10BB
:20580000003C00003C20005A00005A00005A00005A00005A00005A00005A00005A00005AC6
:2058200000005A00005A00005A00005A00005A00005A00005A00005A00005A00005A0000E4
:205840005A00005A00005A00005A00005A00005A00005A00005A00005A00005A00005A105A
:20586000003400003320005A00005A00005A00005A00005A00005A00005A00005A00005A77
:2058800000005A00005A00005A00005A00005A00005A00005A00005A00005A00005A000084
:2058A0005A00005A00005A00005A00005A00005A00005A00005A00005A00005A00005A10FA
:2058C000004400004420005A00005A00005A00005A00005A00005A00005A00005A00005AF6
:2058E00000005A00005A00005A00005A00005A00005A00005A00005A00005A00005A000024
:205900005A00005A00005A00005A00005A00005A00005A00005A00005A00005A00005A1099
:20592000003400003320005A00005A00005A00005A00005A00005A00005A00005A00005AB6
:2059400000005A00005A00005A00005A00005A00005A00005A00005A00005A00005A0000C3
:205960005A00005A00005A00005A00005A00005A00005A00005A00005A00005A00005A1039
:20598000003F00003200003500002200002400002460005A00005A00005A00005A00005AD5
:2059A00000005A00005A00005A00005A00005A00005A00005A00005A00005A00005A000063
:2059C0005A00005A00005A00005A00005A00005A00005A00005A00005A00005A00005A10D9
:2059E000003100002F00002D00002B00002B00002B60005A00005A00005A00005A00005A77
:205A000000005A00005A00005A00005A00005A00005A00005A00005A00005A00005A000002
:205A20005A00005A00005A00005A00005A00005A00005A00005A00005A00005A00005A1078
:205A4000002C00002B00002A00002900002800002860005A00005A00005A00005A00005A2A
:205A600000005A00005A00005A00005A00005A00005A00005A00005A00005A00005A0000A2
:205A80005A00005A00005A00005A00005A00005A00005A00005A00005A00005A00005A1018
:205AA000002400002400002400002400002400002460005A00005A00005A00005A00005AEC
:205AC00000005A00005A00005A00005A00005A00005A00005A00005A00005A00005A000042
:205AE0005A00005A00005A00005A00005A00005A00005A00005A00005A00005A00005A10B8
:205B0000000140014001408144814781474151415181478147814D014CC140C14F8150417B
:205B20004541484148C14CC14C814A814A414E014C81418141814101460149014901490116
:205B400049414B414B014C014C41420143C143C146C149C149C149C149C149C149C1490131
:205B60004F0040B300008000A5B50152C00040D36152800030B80000C00070B80000C00020
:205B8000B0B80000C00000F8C152800040B80000800080B821538000C0B88153801C80B294
:205BA0000000C01980B50000804700B70000801560B70000C00380C1E153803F2001000095
:205BC000C03F20020000C08020030000C08020040000C08020050000C08020060000C00052
:205BE000200700008000200800008000200900008000200A00008000200B41548000200C97
:205C0000A1548000200D00008000200E01558000200F00008091615570000091C1556000F1
:205C20000091215600000092815600000094E15600000094415700000063A1573F0000B1B1
:205C40000158800000B1615880000091C158800000B22159400000F28159560000B7E159D8
:205C6000000000B7415A80000008A15A00000088888888888888888888888888888888FFD0
:205C8000FF0000000000000000000000000000FFFFFFFF000000000000000000000000FF0A
:205CA000FFFFFFFF0000000000000000000000FFFFFFFFFFFF00000000000000000000FFEF
:205CC000FFFFFFFFFFFF000000000000000000FFFFFFFFFFFFFFFF0000000000000000CC06
:205CE000CCCCCCCCCCCCCC3333333333333333AAAAAAAAAAAAAAAA555555555555555588F8
:205D0000888888888888887777777777777777FFFFCCCCFFFFCCCC00003333000033330912
:205D2000FFB6016ACDB700026CEFFFDCA73000FFFFBA98A987321034564567BCDECDEFFF63
:205D4000EEDDCCBBAA9988776655443322110089ABFFFFFFFEDCBA88700000000004378FC3
:205D600082887DEEEDCCCDD8DDD5D34556F531040040015B195B315B495B615BBB5B155C83
:045D800000006F5C54
:020000040000FA
:20386C00F5C5D5E52144C32AB62011AFEA40C3E01AE0073EFFE025E1D1C1F1C92142C32A53
:20388C00666FFA90FF5FFA41C3EA90FFEA0020F0254FE6BBE025AFE01A2AE0302AE0312A8C
:2038AC00E0322AE0332AE0342AE0352AE0362AE0372AE0382AE0392AE03A2AE03B2AE03C5B
:2038CC002AE03D2AE03E2AE03F3E80E01A3EFEE01B3E20E01CAFE01D3EC7E01E79E0257B13
:1E38EC00EA90FFEA00207DEA42C37CEA43C32144C37ED601227EDE0077E1D1C1F1C9C4
:202E02004FF3AFE007AFE0123E80E014AFE0173E80E019AFE01AAFE0213E80E0233E80E070
:202E2200263E77E0243E44E0252141C3712142C37B2272F8027EEA44C3F8037E2145C377DD
:202E4200CB3E2BCB1E23CB3E2BCB1E23CB3E2BCB1E23CB3E2BCB1E2140C3360121A0C07E39
:202E6200D61120063E80E00618043EC0E006F006E005F00FE6FBE00F3E07E007FBE1F1E913
:1C2E8200FA40C3C9F3AFEA40C32144C322773E00E0073E00E01A3EFFE025FBC9BB
:063BB3000000000000000C
:020000040037C3
:20000000888887888658BED81001BFFFD2001BFFF80001DFFF70004EFFE30006EFFD3001F8
:200020009FFFB1001BFFFA1002DFFF81003DFFE60004EFFD40017EFFB2002AEFEA2003CF75
:20004000FE61014DFFD41017EFEB31018EFEB31129EEE93125BEEC72125BEEB41128DEEA1B
:2000600041138DDC94224ADED93224ADDC732259CDB84347BCCA52237BCC95336ADDC843D4
:2000800036ACCA63237BCC952237BDC952248CEDB63349CDCA42237CDD941149DEC8311424
:2000A000ADEC72115CEED82127DEEC41128DEE92112AEED71013BEFD72117DFFD72127DEB6
:2000C000D82112AEED72115CEEC41017DEEA3114CFFE92013BEED51015DEEC41018EFEA2F8
:2000E000002BFFEA1014DFFE50004EFFD40018EFFC10019FFF91002DFFF90004EFFE3000F1
:200100006FFFD10009FFFD0000BFFFC0001EFFF80001FFFF20004FFFF20008FFFD00008F16
:20012000FFB0001EFFF90003EFFE40005EFFD10006EFFC1001BFFFC2003DFFE70001BFFE39
:2001400061004EFFE61015DFFC30016EFFC4113AEFEA2113BEFE81013AEED61015CEEC52E4
:20016000128DFED62127CED931129EED93114ADED82114BEEC73227CEED83125BEEB511293
:200180006BDC931128DEEA4114BEEEA4224ADEC62114BEEC72125BEDB95101EFF4003EE810
:2001A00026EF8003FFF200BFE429EE1009FFD001DEC57EFB001FFF4005DB428ED2007FFD9B
:2001C000101BEB45CEC101DFF7017ED859EE9114EFD4129C9326B92018EEA215BB646CEBE5
:2001E000425DED5127BB86ADD6115CEB4248A8679A61129EEB54588768CC93139DC73356B6
:20020000668CDC6237CDDA8864349EFE71015BDCB842249DDA31138CDB831126CEED8458DA
:20022000DEEC84235BEEB511149CCA52237BDCA53348CDDA42248BBA74447ACCB95348CD67
:20024000DA533478AA974349DDB52248ABBBA7324ADD93126ABA9985226DEE9337CDB88A59
:20026000A6226CDB5239CC967983116CD8113BDA436BC847DEE6118EEA57CDA438EE910280
:20028000BEC526CB411AEE4006EE5017EC314EFE202EFD202DE9106FF8008FFB11BFE40166
:2002A000DFE301DFE201CE8001DFB104EFB118FF811BFE5018EE514DFE613CEC312BEC3290
:2002C0005CD5104DEA214BC9438CB523BEE921377324AC8227EEC424BDB87BDB4128DDA553
:2002E00059CCA668620014AA75588768BCB5227CEDA5569CDEEED84358A8422369CDDB629D
:20030000248CCA421248BDC831129EFFD61116CED93114BEEEA3116DEED72125CEED821252
:200320007CDA5211149CC94238DEEC85557ACDC82138DEDA643458BCA51127CCB865444750
:20034000BCA4224ACCBA99889BDD931248875566558CDD9447BDB97787568BCA5335886556
:200360005664337AA8447BBA76898546ACCA88BCCA879986579A6323578679AA756ACC835C
:200380002379987887448CDB7225ABA88886448CDB7459BB97775435BDDA3114BDB53465D6
:2003A000446AB82128DEDB988668BEDA435BCB85445569CDB52259987888657ACB72138B78
:2003C000CA8888768BCC84458A865665458BCB8557AA987887679BB843369A878886568AE8
:2003E00084247BCCA886558BCC9545ABCA744446ACCB73235887544569CDB85447ABBA85EF
:200400004458AB854469BCCB621129DEEB5236BEED62127CEDA41126BEEC51128BCA4111D8
:2004200029DEEA424AEEEC73237CEEA41139DEDA52235ACB72114BEEC84346ACDC62125BC1
:20044000DCA53348DEEA31128CDB84347BEEEB5337CDDB521249CCA52238CDB621136BCC8A
:2004600095449CEEC73236ACCA74348CDDB63359BA8531125CEDA546ACCCA842139DEC73FA
:20048000359BCBB95335ACB62137BCCBB95324ADC6225ACB98753238DEC7324799877767C2
:2004A000ADEEB5224799AA974359CB73248BBBA852226BDC8558BCBA853225ADEC74459BE6
:2004C000BA864459BB942126BDDCA75468A964336ACCB853458BBB854458AA84347BEEDBDA
:2004E00074347ABA85447ABB964346ACCA6322468998767ADEDA42248BCCA74348DEC84222
:2005000048BCBA621139DEC732258BCCA63249DDB63247ABCB94225BCB74358ABCB9632470
:200520008CCA53358ABBB85346BCB74346888986557ACCA64579A99986568BCB8556889A44
:20054000A964348BA85445689AA953359BA8768999AAA85458BBA86567789A86558BCB858B
:20056000445679AA97668997545788889975568AA9768AA98765556ABCB9766666688865EF
:2005800058AA74344568ACB74458A8778BBA9ABCA5348BBA88885447996324BED8336974BC
:2005A00048DEA425BCA436A9545BDC5114BCA779B9659CC8324ADCA9AB95347BB7458BA6A2
:2005C00043565447BCA534799768AA989BDC85459A9888854459A85347ABA99974349CDA2E
:2005E0006458AA88875347BDB7324689AA97547BDDA43369BBBA85347CDC84236ABA953232
:20060000249CDB52249CDCA53248DEEB6337BDDB842249CCA52136BCCA63337BCC94336AEC
:20062000CDCA63348BB9632369BBA74448BCCA75468ABBA74459BCB854457999743358ABD8
:20064000964458AAA986456ACCB868ABBA98754468AA643468887787678BB96447ABBAAA41
:20066000987689864347AA888887679A96558AA75579988ACC95458A8445897558AA6348E1
:20068000BB8558A8547BCA658CDB756996336BB7448BA634798546BCA64589988ABBA889C1
:2006A000AA7434787679A85458A9767ABA878986558BBA878886567875568987667777898F
:2006C000997667888778ABBBBA975456776567888877655689986556888988889ABBB864C9
:2006E000456888886656898755578999887778ABBA877889876544568A97545788899876CE
:20070000689A9866789AABBA743469BA9754468AA8543479AA975558ABBA8789ABA97544C3
:200720004589875578AA87665568AA976789AA99988778886445688888876678987557893D
:2007400098888878ABBA76689876665557ABB8544688877765569AA8678ABBBAA865458856
:200760008545689888875457ABA866789AABA97678A9754455678998668AA976678888899A
:2007800087679AA9878998667776679A9645688656777679AB96579BBBA99865689853358B
:2007A0008AA88775558BBA6557AA98887778ABB9545788777776569BA85457888888866738
:2007C000ABB98899976677545689987888877888766787778999889AA988887655788866C5
:2007E0006776678865569AA9888899ABBA865789865555679AA86568AAA8765568AA86560A
:200800008ABBA976668AA9744469AA9754468AA854468ABBA8768ABCB854468888765579C4
:20082000BBA755688877766679BBA867899888765679A98666778888765678998888889A62
:20084000A9766688988765678998766778898766689998778899998766789986556788889A
:2008600076567899766789AAAA87778998655678887766689AA865578888876579BBA86587
:20088000678999875568AA8655688988754568AA98778AAA98765689AA85457887677777C9
:2008A0008ABA64469A988998768AA95457AA876776568AA86579A976677668ABB866788703
:2008C00066777778A98656899888876667886568ABA98887667998756898877766679AA819
:2008E00055578889999889AA8644578888887678987667899987755579A9877899988876F8
:20090000689AA8655677788876678A9876789AABA975567887667888888655689A98777705
:20092000788888788AAA9865567888887788877666789AA986668898888888888865568993
:200940009877777677887679AA976677789AAA877898655788888886556888778999888874
:200960008668ABA98788766667667899865678887888878898766799988888767899766866
:20098000987666655589A9767898888998889AA8656787778886568886668988788875577F
:2009A0009A9888998878887668998666766567887779AA877888889AA97556776678887724
:2009C000888866789888898767888777899878887667898767887656777789A987789998F3
:2009E0009998778887655788888877678888778898877777889998788998777777888865C6
:200A00005678887777889AA986689AA98876667888666788887766678998767888888888E2
:200A2000889A987677888887766677777778889998877889887778878887666788887778A5
:200A4000888887777888877788899888778888877667777776667788888888899988887764
:200A6000888776677888877777888877788888888778899877788888887777887666788885
:200A800088888889998778898877777778886668888888777789886668898888887899982A
:200AA000778898766776678886568998778998899987778887667777788876788887778849
:200AC000778887777899877888888888777888666777777777788998778999988876678911
:200AE000876677888887667899877778888888778998876778888876667888767788888807
:200B0000877899A987778888776667899876678889887678898766778999887678998877A0
:200B20007788887655789988777889998878899887666778887767888887888888887767D1
:200B400088888888888888777888887766677888777888887888889998777888777777788E
:200B6000887666788888887788888777899888877778887767888777777789987778888863
:200B8000888888998766788887777778898767899887776678998778898887777789987621
:200BA00066788888777899987778899988777888776678888887677899887778888877773E
:200BC0008898887788888887777887777778888887778888888888888777778887777778D3
:200BE0008887788888887777888888888888777778888777777888777888888877788998BE
:200C00008777888877777888877677888888777888877778888888777888887777788777E4
:200C200077788988877888888888888887777788887777888888888888877777888888785D
:200C4000888887778888877667888877778888887778899887788887777778888777788872
:200C60008888878888877788888888778888777888777777778888878888888888888888FE
:200C80008887777777888888888888877777778888888888888887777777777788889999F0
:200CA0009988876554445678ABCCCCB97532222358ACDEEEDB85211111259CEFFFFEC831C0
:200CC0000000126BEFFFFFEB5100000128DFFFFFFD9300000015CEFFFFFEC5100000028D95
:200CE000FFFFFFE9310000014BEFFFFFEC6100000027DFFFFFFE9310000014BEFFFFFEC61E
:200D0000100000026DFFFFFFEA310000014BEFFFFFEC6100000027DFFFFFFEA300000015FC
:200D2000CEFFFFFEB5100000138DEFFFFFD8310000127DEFFFFEC84211111259CEEEFEDBE7
:200D4000621100137BEEEEEDB6311111258BDEEEEDC9521111138CEEFFEDA6311112359CD6
:200D6000DDEEEDB8631111136CEEFFEEA421000137ADEFEEEDA6321000147CEFFFFEC51077
:200D8000000017CDEFFFEEC7210000027BEFFFFFEA310000017CEFFFFFEB5100000139CE78
:200DA000FFFFFEA310000016BEFFFFFEC5100000139CEFFFFEEB4100000149CEFFFFEC72A4
:200DC00010000137ACEFFEEED94211001258CEFFFEDB63211112469CEEEEEDB74211012487
:200DE0007BEEFFEDB73211112479CDEEEEDC8421000138CEFFFEDB7311111137ACDEEEEDAB
:200E0000C8421000138CEEFFEDA7311111247BCDEEEEDB8310000149DEFFFEDA62111112FA
:200E200048BDEEFEECA631000014ADEFFFED95210011148CDEEFFECA621000115BDEFFFEAD
:200E4000D95210011149CDEEFFEC9621001115BEEFFFEC8421001124ADEEFFFEB842000075
:200E6000115CEFFFFFD9410000114ADEFFFFEC8410000014BEFFFFFEB6210000127CEEFF27
:200E8000FEDB7210000138CEFFFFEC94100001159DEFFFFEC9410000126BEEFFFEDA621005
:200EA000001137BDEFFFEEB7210000149DEFFFFEB73111111269CEEFFEEC9410000138CE05
:200EC000FFFFEB84100001259CEFFFFEC8200000139EFFFFFEB6200000126BEFFFFFEC82A4
:200EE00000000028DEFFFFEC94100001148CEFFFFED9410000138CEFFFEDB84211111359B5
:200F0000CDEEEEDB731000125ADEFFEEC95311111247ACEEEEEDA521000137BDEFFEEC846F
:200F2000211111358BDEEEEEC9521000137BDEFFEEC95211111247ACEEEEEDB73110012547
:200F40009CEEFEEDA74211112368BDEEEEDB8421111247ADEEEEDB964321123468BDEEED5F
:200F6000CA7432112357ACDDDDCB965322223468BDDDDDC97432122357ACDDDDCB975322CD
:200F8000223469CDDEEDC96421112348BDEEEEDC96321111236BDEEFEEC95211011248CE33
:200FA000EEEEEDA6210001148CEFFFEDB6311011248BDEEEEECA6311111259DEEFEEDA5213
:200FC00011111258BDEEEEDC96311111259CDEEEDC963221223579BCDDDDCA853222224783
:200FE000ACDDDDCA76433333468ABCDDDB97532223479CDDDDCA854322333479BCDDEDC9AF
:201000006421112369CDEEEDB86432122346ACDDEEDC8632111246ADEEEDDB743322234535
:201020007ACDDDDDB7532112357BDEEDDCA74332234568BCDDDDCA7432112358BDEEDCCA6C
:2010400064322234579BCDDDCCA7432112357ACDDDDCB85432223457ACDDDDDB85422123B3
:20106000469CDDDDDB85432223468BCDDCCB96432223468BCDDDCB96422223479BCDDDCBCF
:20108000A7433223468ABCDDCB975433445789ABBBA988765555667889A9988776666778FA
:2010A00099998877666777889999888776667788899988876665556889ABBBA98765444452
:2010C0005789ABCCBAA86543333468ABCDDCCB86432223468ACDDDDCB86432222457ACDDE9
:2010E000DDCB96432223568ACCCCBB97543333568ABCDCBB9753223458ABCCCCA875432315
:201100003468ACCDDCB97532223468BCDDDDB975322234579BCDDDCB96432222468ACDDD96
:20112000CB975433234578ABCCCCB986443334579ABCCBA98654444467889ABBAAA97654D5
:201140004445789ABBBA9876555556777899AAAA9887654456679AAAAA98777666666678F3
:20116000899ABAA987644444689AABBBA98765444446789ABCCBA9753333347ABCDDCBA8D4
:201180006432223358BCDDEDCA8531111248BDEEEEDA75321123469CDDEEDC974211123593
:2011A0009CDDDDDB85432223468ACDDDDCB8532112357ACDDDDCA754322234579BCDDDDB2E
:2011C00096432122469BDDDDCB865432233468ACCDDDCA8532122358BCDDDCB97643323312
:2011E000468ACDDDDCA7532112358BDDDDCB975432223468BCDDDDCA7432122468BCDDDC53
:20120000B975433334568ACCCCCB97533223468ACDDCCB975332234579BDDDDCB96432224C
:201220002468BDDEDDCA74322123579CDEEDDC96321112368BDEEEDCB84221112479BDEE94
:20124000EDCA7422111358ACDEEDCB85322122469BCDDDDCA7432222368ACDDDDCA74322A2
:2012600022468ABCDDCBA85332223579BCDDDCB86422223479BCDDDCB975332234589BCDAD
:20128000DDCA86432233579BCCDCCA975433334689BCCDCBA86433334578ABCCCCB98643BD
:2012A0003334578ABCCCBA986443444578ABBBBBA986544444678AABBBA9876544455688E5
:2012C0009ABBBA98765455567899AABA987655556678999AAA988765556667899AAAA98866
:2012E0007655666677889AAA9988665555678899AA9998876665566789AAA9987655556776
:20130000889AAA99887766666677788999998877666667788999999887776666667899AAA5
:20132000A9987655555667899AAAA9987554445679ABBBBA98755444567899ABBAA9875490
:201340004444578ABBCBB9875444445689AABBBBA876544445689ABCBBA986544445678913
:20136000ABBBBA87644334578ABBCCBA976543344679ABCCCBA976443344689BBCCBA976D2
:20138000543344679ABBCBBA876444445689ABCBBA976544445679AABBBA987644444578FA
:2013A000AABBBA9876544455789ABBBB9876544455689ABBBBA9766544556789AABBA98776
:2013C0007654455678AAABBA98765545556789AABBA9876544445689ABBBBA8876544555C7
:2013E000789ABBBBA986544444689ABBBBA9876544445689AABBBA987544444579AABBBA55
:201400009876544445679AABCBB9876444445789ABCCBA876544444578ABBCCBA876433435
:2014200045789ABBBBA876544444678ABBCCBA876443445689ABBBBA9865444456789ABB9A
:20144000BBA876444445789ABBBB9886544455678AABBBA9876444455789ABBBBA876544AF
:201460004556789ABBBA9876544455689AABBA988765555667899AAAA987765556678899AC
:20148000AAA98877666666788999A9988766666667889999988877666666788999999887F8
:2014A000666666778899999988766665677889AAA998776666667788999999887666566780
:2014C0007899AA99887666666778999999887666666678899A9998876666667788899999D5
:2014E00088776666677889999988776666677888999998877666667788999988876666674F
:20150000788899999887766666678899AA99887666666778999A99987766556678899AA984
:201520009887666666788899999887766666778889998888776777778888888888777777BD
:20154000778888888888777777788888888888777777778888888888887777777778888877
:2015600088888877777777788888888887777777778888888888877777777788888888874A
:2015800077777777888899888877776777788899988877776677788889998887776667777A
:2015A000888999988877666677888999988877666667788999998877666667788999998813
:2015C000777666677888999988877666667788999998877766667788889998887766667741
:2015E0007889999988777666677888999998877666667788899998887776666778889999B6
:201600008887766667778889998887777677778888898888777777778888888888777777DB
:20162000778888888888777777778888888888877777777788888888887777777777888899
:20164000888888777667777889999888777667777888899988877766677788999998877766
:201660006666777888999988777666677889999988776666677888999998877666667788BC
:201680009999988776666677889999988776666677888999988777666677888999988877EA
:2016A00066666778889999887776667778888888888777767778888888888777777777886D
:2016C0008888888877777777888888888877777777888888888877777777888888888887D7
:2016E0007777777888888888877777777888888888887777777788888888887777777888F8
:20170000888888888777777788888888888877777778888888888888777777778888888884
:20172000888877777777888888888887777777788888888887777777788888888888777797
:20174000777788888888887777777788888888888777777778888888888777777778888877
:1017600088888888888888888888888888888888F9
:020000040019E1
:204000000000D00078D000F0000A3002E0002B7002D0002B0003F0000A2004E0002B400474
:20402000F000306004D0002BA004C0002B5006A0002D6806F0000A9006A0002DB006F000DE
:204040000AD006A0002DF806F0000A1007A0002D3008E0002BC008F0000A2009F000306029
:2040600009E000796009F000C48009E000C58009F00030D009F0002E500AF00030700AE01F
:20408000000AC00AD8003CF00AF0002E000BC8003C400BB8003CA00BF0002E300CF0002EAF
:2040A000500DF0002E600DC0000AD00DD0002BE00DF00030200EF00030800EC0002BC00ED4
:2040C000B0000A000FF0002EB00F80002DC00FF00030D00F80002D4011E0002B6011F00055
:2040E000308011D0002BC011C0002B0012B0002B2012F0002E9012F0002EB012D0000A00AF
:2041000013F0002E6013F000307013B8003C9013C8003CB013D8003C5014F0002EA014F0C0
:20412000002EF014D8003C1015F0002E3015C8003C7015B8003C7015F0000DB0155000118C
:20414000C015C8003C0016B0000A9017B0002DA017B0002D0018D0002B3018B0000A601811
:2041600080002D6018F0002E901880002DA01890002DA018F00030C018F0002EE0189000DC
:204180002D1019D0007A1019E000C67019B8003C9019C8003CB019C0000AB019D8003CD046
:2041A00019F00030F019F0002E401AF00030501A900001F01AE00078F01AF000C4101BE0FF
:2041C0000077101BF000C3B01BA0003C401CB0002CF01CC0003C501DC0003C101E90002C50
:2041E000401E90002CE01EC0003C101FC0003CA01FA0002CD01FA0002C302290003C3022CA
:20420000C0002C502290003C5022C0002C802290003C8022C0002CA02290003CA022C0000A
:204220002CF022980000002370003900238000390023D000390023E000399023E0007890FD
:2042400023F000C4D023E0002BF023E0002B2024F0002E5024F000307024C0002BE024C032
:20426000002BE024F000301025E0000A0026E0002B2026F0002E4026D0000A9026F0002E27
:20428000B026E0000A8027C0002B8027F00030B027E0000AA028A0002D1029A0002D802900
:2042A000A0002DA029F00030B029F00030F029F00030402AE0002B602AF00030E02AE0000D
:2042C0002DE02AF00030102BE0002D302BF0002E502BE8003C902BD8003CB02BF0002ED08F
:2042E0002BB0002DD02BC8003CE02B70002D602CB0002D602CC8003C702CF0000A802CC014
:204300000077802CD000C3902CD8003CA02CA00075A02CB000D1D02CD8003C402EC0002D7E
:20432000502EC0002D302FC0002D402FC0002D502FC0002D602FC0002D5030A0002DE03025
:20434000A0002D7031A0002DA031E0002BD031F0002E2032C0002B7032F000309032C000A6
:204360002BD032B0002DF032B0002DF032F0002E6033F00030E033E0002BF033E0000AD046
:2043800034A0000FFFFF0000000000D00078D000F0000A0003F0000A6806F0000AB006F01F
:2043A000000AF806F0000AC008F0000A6009E00079700AE0000A600DC0000AC00EB0000A54
:2043C000B012D0000A7015F0000DB0155000110016B0000A3018B0000A1019D0007AB0198B
:2043E000C0000A501A900001F01AE00078101BE00077F0229800009023E000781025E0004A
:204400000A4026D0000AB026E0000AB027E0000A702CF0000A802CC00077A02CA00075F087
:0E44200033E0000AD034A0000FFFFF000000C0
:02000004001AE0
:200000000000D000857002E0002BA002B0002D6004D0002C7004F00030A004C0002BB00458
:20002000F00030F004900076F004A000D2000570002D0005B0002B0005F0002E10059000F6
:20004000771005A000D3200580002D7005B0002BD005F0002E0006F000302006B8000B601D
:2000600006A0000AD007D0002B200880002D5008F000307008C0002BA008F0002EC008C000
:20008000002B2009C0002D400990002D500990002D6009D0002D6009F0002E7009E0006855
:2000A0007009F000C49009E000699009F000CFA009C0002DE009B0002D200AF00030400AE9
:2000C000C0002D900AA0002D900AF0002ED00AF0002EE00A98000B300BA0002D300BF0005C
:2000E0002E500B70002D600B70002D800BC0002D800BF0002EB00BC00038B00BD00038B08B
:200100000BE00038100CB0000A300CF0000A400CF0002E800CE0002D800CF0002EB00CE067
:20012000002DD00CF0002E200D80002D500DF0002E800D90002D900D90002DD00D80002D15
:20014000D00DF0002E500E90002D800EF00030D00EC0002BE00EF00030200FC0000B900F6B
:20016000F0002EA00FA0002B1810B0000B101190002BB011F0002ED011C8000B0012F00093
:200180002E1012D0000B3012F000306012D0002D6012F0002E8012D0002DC012D0000BC0D7
:2001A00012F0002E6013E000734014F0002E9014F0002E1015F0002E8015F0002EE01550DA
:2001C000002DE01590003CF015F0002E401650002D401690003C5016F0002E7016F0002EF1
:2001E000D016F0002E1017F0002E6017F0002ED017F0002E501810002D501850003C60180B
:20020000F0002EB01830002DC018F0002ED01840002D4019F0002E601910002D8019E000AA
:2002200012C01950002CD019F0002E201AB0003D301A50002C401A000011901AF0002EA090
:200240001A68003CC01A20002DC01A78003CF01A30002DF01A88003C001BF0002E201B4042
:20026000002D201B98003C701BF0002E901B40002D901BA8003CA01B90000AD01B40002D45
:20028000E01BA8003CF01B90000AF01BF0002E101C40002D301CA8003C401C90000A501C86
:2002A00040002D601CB0002D601CF0002EA01CB0002DB01C900001B01CF0002E501DA000F1
:2002C0006B701DA00068B01D60002FC01DF0002E201E60002F801E60002F001F60002F70AF
:2002E0001FF00030402060002F6020F0002E7020600031A020F0002ED020900038D020E0AB
:200300000038E02170003C5022A0002CC02270003C502390003CE023C0002C302490003CDE
:20032000602490003C70248000391025A0002A3025A0002B5025A0002C7025800000802506
:200340007000398025B000399025F0002EF025F0002E002680007C00269000C820268000FA
:200360008D20269000C93026F000306026F0002E7826980009802660002DF02660002DA082
:200380002760002D102860002DC028C0003B7029C0003BE029C0003B502BD0003DE02BD006
:2003A000003DB02C90003B302D90003B502D90003BD02DB0003B202EC00008C02EA0007AE3
:2003C000C02EB000C6D02ED0002AE02EA00078E02EB000C4102FC0002B102FF0002E402F23
:2003E000F0002E602FB0002D802FB0002DB02F90002B5030F0002E703080002BB030A000E4
:200400002DD030F0002E3031F000306031A0002D7031F0002EC031D0002DD031F0003030B4
:2004200032D0002D6032F0002E7032D0002B9032A0002D1033A0002D8033A0002DF033A05E
:20044000002D0034A0002D6034A0002D8034A0002DC034A0002DD034A0002D7035A0002D88
:200460003036A0000FFFFF0000000000D00085F00490007610059000772006B8000B6006AF
:20048000A0000A7009E000689009E00069E00A98000B100CB0000A300CF0000A200FC00087
:2004A0000B1810B0000BD011C8000B1012D0000BC012D0000B6013E000738019E00012405F
:2004C0001A000011A01B90000AF01B90000A401C90000AB01C900001501DA0006B701DA0FF
:2004E00000687025800000002680007C202680008D7826980009202EC00008C02EA0007AAD
:0F050000E02EA000783036A0000FFFFF000000B3
:204000000000D00078B000D0002BD000F0002E2001F000303001F0002E5001C0002AB00143
:2040200080002DD00190002DF001F0002E1002C8003C4002A8003C5002F0002E7002880090
:204040003C900240002DC002F0002E200340002D2003F0002E400350002D600360002D8044
:204060000370002D9003B0002BB003F0002EC003F0002ED003B0000B0004F0002E500490EC
:20408000002D7004A0002DD004D0002A3005F0000A8005E0000BB005C0000B4006A0002DB2
:2040A000A006E0002BC006F0002ED006C0002B2007F0002E300780002D4007F000305007C3
:2040C00090002DB007F0002ED007F0002EE007C0002B1008E000791008F000C57008A00031
:2040E0002DA008F0002E100970002D4009F0002E6009A0000B8009F0002ED009A0000A2052
:204100000A80000B200AF0002E380AB0000B500AE0000B600A40002D900AF00030A00A3015
:20412000002DC00A40002DD00AF0002EE00A50002D500BF0002E600B70000BC00B30002D35
:20414000C00BF0002EF00B90000B100CF0002E300C80000A800C10002D800CF0002EA00CC1
:2041600020002DC00C30002DD00CF0002E400DF0002EA00D00002DB00DE0000AB00DF00036
:204180002EC00D10002DF00DF0002E100ED0000A200E00007A200E1000C6200ED0007A2090
:2041A0000EE000C6300E00002D500E00002D500EF0002E700E00002D700EC0000A900E0048
:2041C000002DC00EF0002E100FF0002E400F60006A400F7000CF600F600073001060002D03
:2041E000A01060002DF01080002D501240002DB01240002D601360002DC01360002D601601
:2042000080002D901770002DD01790002D301890002DB018E0000BE018C0000B2019B000A5
:204220000B6019A0000B701A70002D301BA0000B701B90000BD01BC0000B201CC0000B90BF
:204240001C80002DB01DD0000AEE1D900001F82180003EF821E0003ED024980000DE24981E
:204260000009C82550000B0026A0003D1026A0003D402640000B702660000CC02690000BA3
:20428000D02700000CD027C0003D102800000C3028D0003D502840000C7028E0003D0029DC
:2042A000E0003D1029E0003D7029B0000BE029F0003DE829A0000B402BB0003DE02BE00002
:2042C0003D102C80000B402CE0003DE02C800008402DF0002E702D60002D802DD0006980A2
:2042E0002DE000C6902D70002DA02DD00079A02DE000D5E02DD0000A102EF0002E502EF048
:204300000030802EF0002EB02E90002D7030E0000BB030D0000BF030F0002E303180002D74
:204320005031F000307031F00030A03170002DF031B8000B5033E0002B703390002D303477
:2043400040000F3034A0000FFFFF0000000000D00078D003B0000B3005F0000A8005E00093
:204360000BB005C0000B1008E000796009A0000BD009A0000A200A80000B380AB0000B50A8
:204380000AE0000B600B70000BF00B90000B300C80000AB00DE0000A100ED0000A200E0019
:2043A000007A200ED0007A700EC0000A400F60006A600F600073B018E0000BE018C0000BF2
:2043C0002019B0000B6019A0000B301BA0000B701B90000BD01BC0000B201CC0000BB01D1F
:2043E000D0000AEE1D900001D024980000DE24980009C82550000B402640000B7026600029
:204400000CC02690000BD02700000C102800000C502840000C7029B0000BE829A0000B10E4
:204420002C80000BE02C800008802DD00069A02DD00079E02DD0000A7030E0000BB030D013
:16444000000BF031B8000B303440000F3034A0000FFFFF000000B3
:02000004001BDF
:200000000000F000680001F0002B200190002D300190002D5001F0002A700190002D800186
:2000200090002DA001F0002BC001F0000A0002F0002E1002E0000B5002F0002E6002C000DD
:2000400009700290002D8002F0002E900290002DB00288002DD002F0002E000388002D105A
:2000600003C000089003C0002DB003C0002D0004E0002B3004F0002E4004D0002B6004F0A1
:20008000002E9004C000099004F0002EA004900038B00480002DB004F0002EF00480002DE3
:2000A000100578002D1005F0002E2005B0000B300578002C3005F0002E500578002C6005E9
:2000C000B0000B700578002C900578002D9005F0002EA805B00008100690002D2006900071
:2000E0002D500690002D700690002DB00690002DE00670002DE006D0000B100790002D50B2
:200100000790002D700790002D7007E0002B8007C000698007D000D5900790002DB00790EE
:20012000002DC007E0002BD00780002DF00770002DF007F0002E0008D0002B100860002DEB
:20014000300860002D3008B0002B500850002D5008F0002E70089000092009A00008600931
:2001600060002D800960002DB009F0002ED009C8003DF00960002DF009F0002E000AA800D8
:200180003D100A60002D200AF0002E300A70002D400AB00009600A90003B600AF0002E801C
:2001A0000A90003C900AF0002ED00AF0002EF00A90003C000B90000C400BC0000B600B903B
:2001C000003CA00B900008E00BD0000BF00BF0002A700CF0002A900CF0000AC00CF0002CB1
:2001E000E00CC0000BE00CF0000A000DA0000B100DB0002B200DF0000A600DB0002C700DC5
:2002000090003C700DC0002C800DA0003C800DD0002C900DB0003C900DE0002C400ED00067
:200220002C600ED0000A700EC0002C000FC0002C300FD0002B600FF0002E700FC0002B8034
:200240000FC0000AD00FC0000A0010E0000A1010E0000A4010A0000B8010A0002B901050D2
:20026000002D9010A0002BB01060002DB010B0002BD01060002DE010900079F01060002D0B
:200280000011F0002E1011B0000A1011D0003D4011F0002E501170000B901160000BC011FE
:2002A00060002CD01110002DE01180002CF01130002D0012A0002C101250002D2012C0002A
:2002C0002C301270002D4012E0002C501290002D6012F0002C701280006970129000C57056
:2002E00012B0002D901280007390129000CFE012D000027013F0002AA013900066A013A01C
:2003000000C2C013900067C013A000C3C013B0002EE013B0002E401480003AA014C0002FE8
:20032000D014F0002A401580003A901590002FA01598002DC01590002FC015E0002EE01566
:2003400098002DE015B0003CF015D8003D301690002F4016C0002C4016D8003D501698002D
:200360002D6016E0002E801698002DB01690000BB016F0002ED01680002FF016A0000B00E6
:2003800017F0002E101780002F1017F0002E3017B0000B501780002F5017F0002E7017B831
:2003A000002D9017B8002D9017F0002EA017E0002CD017E0002CE017B8002D001880002F66
:2003C0000018B8002D0018F0002E101898002D1018B0003C4018F0002E7018E00013801860
:2003E00080002FA018F0002EB818B0000CC01898002DE018F0002E001980002F00199800C0
:200400002D0019B0003C301998002D3019B0003C401980002F801980002F9019B0003CC0C2
:200420001980002FF01980002FF019B0003C201AD0002B701AB0003BE01AD0002B301BB0AD
:20044000003B901BD0002B001CB00001101C90003F101CA0003F101CB00008101CE0003FB9
:20046000101CF0003F201C60002F901CC00009A01C900068A01CA000CFB01C60002FC01CCB
:20048000900078F01C60002FF01CF0002E101DF0002E201D800008301D900077601DF000BE
:2004A0002E701D60002F801DF0002EB01DB00009C01D60002FC01D900078E01DF0002E0045
:2004C0001E60002F101EF0002E301EF0002E401E800008501E900079601E60002F701EF0CF
:2004E000002E901E60002F901EF0002EC01EF0002ED01EB00009E01E60002FE01E9000788F
:20050000101FF0002E201F60002F201FF0002E601F800008701F900077801F60002F801FF9
:20052000F0002E901F60002FD01F60002FE01FB000090020900078102060002F1020F00022
:200540002E402060002F4020F0002E702080003C7020D0002C80209000771021900079A0A7
:200560002190007830229000794022980008C0229000785023900079E02390007870249060
:20058000003B7024C0002B8024900077902490003B9024C0002BB024A00000C024800039C7
:2005A000C024D00039D024F0002AF024F0002B1025F0002C302580006730259000C3502567
:2005C000D000735025E000CFD025D0007EE025D00002F02580002F302680002F5026B000AB
:2005E000C57026A000697026B000D58026F0002A1027C0002C5027B0003C9027C0002CE0B3
:2006000027B0003CD028D0000AE02880002FE028F0002E102980002F2029E0000B2029F0C3
:20062000002E302980002F5029F0002E6029D0000B702980002F9029F0002EA029C0000BD6
:20064000B029F0002EE02980002FF029F0002B102A80002F102AF0002B402AD00079602A3C
:20066000C0003B902AC0003CE02A80002FE02AB00067E02AC000D3E02AD0002B002BB00072
:2006800065002BC000D1202BA0003B302BF0002E602BC0002B802BF00030A02BD0002BD0C3
:2006A0002BF0002E102C90000C202CC0002B402C80002D402CF00030602CD0002B702C809A
:2006C000002D902CA0002DA02CA0002DB02C80002FC02C80002FC02CD0002BD02C80002F13
:2006E000E02CA0002DF02CA0002D002DD0002B102D90002D502D90002D602DD0002B802DA7
:2007000090002D902D80002F902DF0002EA02DD0002BB02D80002FF02D80002F002ED000B7
:200720000A302E800031302EB0000B302EF0002E402EF0002E502E800031602ED0000B8067
:200740002EF0002E902E80002FC02EA0007E502FE0002B602FC00010602FE00077602FF086
:2007600000D3802F200079802F80002F802FF000D5A02FE0002BC02F80002FC02FF0002E07
:20078000D02FA0003B0030F0002E1030A0003B2030C000135030A0003B8030F0002EA030FA
:2007A000A0003BB030C00013E030A0003B0031F0002E3031A0003B4031F0002E5031E00045
:2007C0000A7031F0002E803180002F9031C0000BC03180002FC031900038C031E00038E022
:2007E00031B000097032D0002B9032D0002C503340000F5033A0000FFFFF0000000000F0C2
:200800000068C001F0000A1002E0000B6002C000091003C000089004C000092005B0000B75
:200820006005B0000BA805B00008E006D0000B8007C0006970089000092009A00008400A96
:20084000B00009000B90000C400BC0000BA00B900008E00BD0000B900CF0000AE00CC000D7
:200860000BE00CF0000A000DA0000B200DF0000A600ED0000A800FC0000AD00FC0000A005E
:2008800010E0000A1010E0000A4010A0000BE0109000791011B0000A501170000B901160A8
:2008A000000B70128000699012800073E012D00002A013900066C013900067B01690000B95
:2008C000F016A0000B3017B0000B7018E00013B818B0000C001CB00001101CB00008901C01
:2008E000C00009A01C900068C01C900078201D800008301D900077B01DB00009C01D90008B
:2009000078401E800008501E900079D01EB00009E01E900078601F800008701F900077E0D8
:200920001FB00009002090007880209000771021900079A0219000783022900079402298B8
:200940000008C0229000785023900079E0239000788024900077B024A000003025800067C3
:200960005025D00073D025D0007EE025D000027026A00069D028D0000A2029E0000B602977
:20098000D0000BA029C0000B402AD00079E02AB00067002BB00065102C90000C002ED000FE
:2009A0000A302EB0000B602ED0000BC02EA0007E602FC00010602FE00077802F20007920F2
:2009C00030C00013B030C000135031E0000A9031C0000BE031B00009503340000F5033A0AB
:0709E000000FFFFF00000003
:020000040019E1
:20C000000000D0007A4002D0002B6002F0002EE002F0006A4003C0002D6004E0002CA00499
:20C02000D0002BE004A0002D7005C0002B9005F00030B00590002D1006E000691006F00068
:20C04000D5B006F0002ED006C0002DF006C0002D0007F000302007F000304007C0002C8070
:20C0600007E0002CB007F0002EC007D0002B2008D000682008E000D40009F0002E1009D0CA
:20C08000002D3009D000673009E000D34009F0002E5009C0002D8009E0002B900990002D80
:20C0A000000AB0002D200AD00065200AE000D1800AB0002DA00AE0002BD00AF0002E100B30
:20C0C000E00038300BF0002E400BA0002D600BA0002D800BE00039800BF0002EE00BE00087
:20C0E0002B200CB0002DF00CD0002B200DF0002E800D70002B900DF0002EB00D90002DD09D
:20C100000D90002DE00DF0002E300E50002B700EF0002EA00E30002DC00E40002DC00EF0F1
:20C120000030E00E50002DF00EF0002E300F80002B300FF00030700FF0002EA00F80002B08
:20C14000A00FF0002EF00FF0002E101080002B3010F0002E8010E0000A8010F00030C010D2
:20C16000F0002ED01070002DF01090002D1011A0002D1011E0002B3011B0002DC011B000AE
:20C1800065C011C000C1E011B00073E011C000CF4012C80009901280006D90129000C9B0F7
:20C1A00012A0007DB012B000D9D012C0008D7013D0003DE01390008FE013A000DBE013D003
:20C1C000003DD01480002FE014A0003B001590008D0015A000D9E01590008FE015A000DB7C
:20C1E0001016B0003D301790008E3017A000DA3017C0003B501780002F301890008D301801
:20C20000A000D93018B0003BB018C0003D401990008F4019A000DB50198000316019C0000E
:20C220003B801980002F201AA0003B401A800031601A90008E601AA000DA801A800031A0E4
:20C240001AA0003BC81AAA0008901BE0007C901BF000C8B01BE0007AB01BF000C6001CE049
:20C26000002B301CC0002B401CF00030601CA0002B601DB0002D301EE0002B901EF0000A3E
:20C28000E01EE0000B601FD0002B901FF0000A4020E0000B0021A0002D7021A0002DD0210A
:20C2A000F0002EE021D0002B0022F0002E7022F00030D022C0002B4023F0002E60239800F9
:20C2C000010024E0007C0024F000C82024E0008E2024F000CF2025F0008F2026F0008E9034
:20C2E0002760002FA027F0002ED02760002FF027F0002E402860002F4028F0002E5028F003
:20C30000008D702860002F8028F0002ED028F0002E102960002F302960002F5029F0002E46
:20C320007029F0008E802960002F9029F0002E102A600031302A600031302AF0002E702A0F
:20C34000F0002EB02A60002FC02AF0002E102B60002F202BF0002E482B80003E482BD000A7
:20C360003E902BF0008D302C980000402C80003F402CD0003F902CE0002BC02C80002DD07D
:20C380002CE0007CD02CF000C8E02C90002DF02CE00078F02CF000C4002DA0002DA02D90FD
:20C3A000002DB02DF00030D02DE0002C002E80002D202E90002DD02ED0002B302FF0002EEE
:20C3C000402FD0002BF02F70002D0030F00030203080002D5030D0000AE03090002D003192
:20C3E000A0002D2032E0002B5032F0002E603290002DC032C0002BF03260002D3033F00045
:20C40000304033C0002B6033E000776033F000C39033E0000A9034A0000FFFFF0000000040
:20C4200000D0007AE002F0006A1006E000692008D000683009D00067200AD000658010E078
:20C44000000AC011B00065E011B000734012C80009901280006DB012A0007DD012C0008D18
:20C46000E01390008F001590008DE01590008F301790008E301890008D401990008F601AA8
:20C4800090008EC81AAA0008901BE0007CB01BE0007A901EF0000AE01EE0000B901FF0008E
:20C4A0000A4020E0000B60239800010024E0007C2024E0008E2025F0008F2026F0008E5001
:20C4C00028F0008D7029F0008E902BF0008D302C980000D02CE0007CF02CE000785030D058
:16C4E000000A6033E000779033E0000A9034A0000FFFFF00000034
:020000040002F8
:20B12600000000000000000000030007000F001F031C073801380738073802700F700F704C
:20B1460000000006000F000F00067F803FC014E014E08A700A708F708F704538C538C538F0
:20B1660000000000000000000000E000F000980098004C004C00FC00FC002600063006785F
:20B1860002700F701FE004E01FE01FE004E01FE01FE004E01FE01FE004E01FE00F7002703F
:20B1A6004538C738E31C821CE21CE21C821CE31CE31C821CE21CE21C821CE31CC738453825
:20B1C6008678CF30FF009300930093009300FF00FF009300930093009300FF00CF308678DB
:20B1E6000000000000000000030307070F0F1F1F1F1C3F38383838383E387E707E707E7007
:20B206000000000000000000F000C080FEC0FEE0F0E07F707F707F7078703F383F383F3872
:20B2260070707C70FCE0FCE0FCE0E0E0F8E0F8E0F8E0F8E0E0E0FCE0FCE0FCE07C70707068
:20B246003C383F381F1C1F1C1F1C1E1C1F1C1F1C1F1C1F1C1E1C1F1C1F1C1F1C3F383C3850
:20B26600000000000000000000000000020200000000000030303030000003031F1F7F7FC2
:20B28600000000000000000000000000000018181818000000000000040403031F1F7F7FFE
:20B2A60080800C0C0C0C00000101373737370F0F0F0F2727070705050101000000000000D6
:20B2C60000006060606002020101070717170F0F0F0F1717070701010000000000002121EA
:20B2E6000080000C000C0000000100370037000F000F0027000700050001000000000000EF
:20B306000000006000600002000100070017000F000F0017000700010000000000000021E8
:20B3260000000000000000000000000000020000000000000030003000000003001F007F04
:20B3460000000000000000000000000000000018001800000000000000040003001F007F12
:20B3660000000300030003000B000B010F030F070F0F0F0F0707030301010000000000002D
:20B386007700770077007F07FF7FFFFFF8F88080C000CF00CF80FFF8FFFF7F7F0707000071
:20B3A6007B007F00FF3FFFFFFFFFC0C0000000000000000078007B00FBC0FFFFFFFF3F3FAB
:20B3C6000000000000000000000000000000000000000000000000000000000007007700E9
:20B3E6000000000000000000000000000000000000000000000003007B007B007B007B0058
:20B4060018183C3C243C667E427E427EC3FF81FF81FFC3FF427E427E667E243C3C3C1818CA
:20B42600080000000000080008000800000000000800080008000800000008001C001C0086
:20B446000000001C003E007F007F007F003E001C00000000000008000000000000000800A5
:20B46600000000000000000000000000000000000000001C003E007F007F007F003E001C95
:20B486000000001C003E007F007F007F003E001C0800080008000800000008001C001C0015
:20B4A60000001000002828000038001000000010002800280038001000000010006C00FEBC
:20B4C6000000000000000000000000000000000000002800000000100000280010281000BE
:20B4E60000040004000E000E001F001F003F003F007F007F00FF00FF00FF00D500550055EC
:20B506000000000000000000000000000088008800DC00DC00FE00FE00FF00570055005561
:20B52600000000000000000000000000000000000000002000240074007E007E00EB00AABC
:20B54600000000000000000000000000000000000000000000040044006600EE00BB00ABE3
:20B566000000000100030007000F001F003F007F007F003F001F000F0007000300010000D7
:20B58600003C007E00FF00E700E7000F001E001C001800000018003C003C00180000000015
:20B5A6000000007E007E007E003C003C003C0018001800000018003C003C0018000000007F
:20B5C600000000000001000100030007003F003F000F0007000F000F001E001C000000006D
:20B5E600000000700078007C003E001F000F00070007000F001F003E007C00780070000097
:20B6060000000000000000000000000000000000000000000000C000EF00C00000000000B5
:20B626000000000000000000000000000000000000000038007C00FE00FE00FE007C0038A2
:20B646000000000000000000000000000000000000000000000000003900000000000000AB
:20B666000001000100020002000100010001000200020001000100010002000200010001AE
:20B68600008000800040004000800080008000400040008000800080004000400080008024
:20B6A60000010002000200010203060706061F1F3F3F0000000000000000000000000000A4
:20B6C600008000400040008040C060E06060F8F8FCFC0000000000000000000000000000FC
:20B6E60000000001000802010008040110F006010008080100080A0110F000410008024174
:20B70600000804418000000000000004000802040008040410F006040008080400080A0400
:20B7260010F0004400080244000804448000000000000005000802050008040510F0060571
:20B746000008080500080A0510F000450008024500080445800000000000240200082602FC
:20B766000008280200082822000826220008242280000000000024420008264200082842D9
:20B78600000828620008266200082462800000000000240300082603000828030008282395
:20B7A6000008262300082423800000000000244300082643000828430008286300082663F4
:20B7C600000824638000000000000C0200080E0210F810020008120210F80C4200080E424A
:20B7E6008000000000000C0300080E0310F810030008120310F80C4300080E438000000033
:20B8060000001403000816238000000000001443000816638000000000001402000816229C
:20B8260080000000000014420008166280000000000020040008222480000000000018031F
:20B8460000081A23800000000000180200081A228000000000001C0400081E248000000055
:20B86600000054010008560110F0580100085A0180000000E6760E773677000000004E787E
:20B886005A780000CE77EA770678427812781E782A7800005E777A779677B2770000000034
:20B8A6000000000000000000000000000000000000000000000000000000000000003678D4
:20B8C600021004040000F000303200010100021004040000F000303400010100011004006F
:20B8E60000000000360000010000021004040000F000383A000101000210000800FCFC007B
:20B906003C3E0001010002100008000404003C3E004141000210000800FCFC0040420001F2
:20B92600010002100008000404004042004141000210000800000000444400012100011005
:20B94600080000000000440000210000011004000000000046000001000001100400000003
:20B96600000048000001000002100008000000004A4A0001210002100008000000004C4CF6
:20B98600000121000210080000FCFC004E50002121000210000800FCFC004E5000010100DB
:20B9A60002100404000010003032004141000210040400001000303400414100011004004E
:20B9C6000000000036000041000002100404001000003A38004141000318000810FCFCFCA5
:20B9E60050524E2121210318000810FCFCFC4E5250010101000000000000000000000000D4
:20BA0600000000000000000000000000000000000000000000000000000000000000000020
:20BA2600000000000000000000000000000000000000000000000000000000000000000000
:20BA46000000000000000000C678D478E278F078FE780C791A792879367944795279607955
:14BA66006E797C798A799879A679B479C279D079DE79EC7950
:02000004001AE0
:208000000000D00077E000F0002CB001F0002EC001C0002BE001F000301002F0002E30023F
:20802000F00030500290002B6002F0002EA002E0002B1003F0000A2004D0002BA004F00026
:2080400030C004E00078C004F000D4D004F0002E3005F0002E4005D0002B5005F00030A0B2
:2080600005F0002EB005D0002BC005F000301006F0002E2006D0002B4006F000305006B087
:20808000002B7006F0002E8006D0000BC006B8000BC006F0002E00079800090007F0002E86
:2080A000300780003B4007F0002E9007C0003BA00780008FA0079000EBC007F0002EE00733
:2080C000A0003B2008F0002E5008A0003B7008F0002EC008A0003BD008F0002EF008F00035
:2080E0003D4009F0002E6009E0003DD009A0003BE009F0002E400A900008500AF0002E70D1
:208100000AE0002BA00AF0002EB00AD0002BD00AF00030E00A900078E00AA000C4E00AB0F9
:20812000002B100BF0002E200B70002D580BD0000B600BF0002ED00B70002DD00BF0002EDB
:20814000000C90002D000CF0002E300C90002D400CF0002E600CB0002BA00CA0002BA00C5F
:20816000F0002E200D90002D800DB0002DC00DD0002BF00DF0002E000EA00001A00EE0006D
:2081800076A00EF000CF900F80003BB80F980009E00F80003B6010F0008E5011D0002B70D6
:2081A00011980008A011D0002B2012F00076E01280003B0813980009301380003BB013F0B0
:2081C000008EE014D0002B081598000010159800083015D0002B7015C0002B8015F0003043
:2081E000A01570002DA015E00077A015F000D3C015F00030E015F0002E2016C0002B7016FA
:20820000F0002E8016B0002B9016F0002EC016A0002B0017F0002E201760002D4017F0002A
:208220002E6017C8003D9017F0002EA017B0002BC017F0002ED01770002DD817E8003D10A0
:2082400018C0002B301880002D4018E8003D5018F00030201980002DB019C0002D501AE03B
:20826000002B601AF00030801AC0002BB01A70002DC01A70002DD01AF0002E201BC0002BA8
:20828000501BF0002E901BC0002BC01B70002DC01BE00078C01BF000D4E01B980009F01BCE
:2082A000F0002E901CE0007A901CF000CF701D980008B01E980009801F9800081020900094
:2082C000391020A000391020B000393020F0002E7020F00030F020F0002E3021A0002B409B
:2082E00021F0002E6021E000796021F000C48021F0002EA021B0002B1022F0002E2022D073
:20830000002B8022D000788022E000D48022F0002ED022C0002BF022F0002E002398000169
:20832000A023E00076A023F000CF8024F000776025F000784026F000792027F0007A002802
:20834000F0007BE028F0008CC029F0008D002A980000202AF0002E702AC0002BA02AF0005F
:208360008ED02AF0002EE02AC0002B002BF00030102BA0002B502BF00030802BF0008FB09C
:208380002BF0002AD02BA0002DF02BA0002D502CF0002A602CF00090D02CC0002B102D9092
:2083A000002D402DF00075882DD0000B902DF0002ED02DC0002B102E90002D202EF00076BC
:2083C000302EA0002D402EA0002DA02EE0002BD02EC0000A002FF00077702FA0002D802FE5
:2083E000A0002DE02FF000780030F0002E2030D0002A4030F000307030F0002E9030E000B3
:208400000BC030E00079C030F0002ED030E0000BF030B000097031A0003BA031F0007AE09F
:2084200031A0003B5032A0003B8032F0007BC032A0003BF032C0003B3033D0003B6033F0DB
:20844000008CA033D0003B4034F0008D6034B80008A034F0002EB034D0002BC034F0002E8A
:20846000F034C0002B2035F0008E5035F0002E6035C0002B7035F00030C035F0002ED0351A
:20848000C0002BF035F000300036F0008F3036F0002E4036C0002B5036F0002E8036B00008
:2084A0002BD036F00030E036A0002BE036F000902037F000304037C000394037D00039404D
:2084C00037E000396037F00080C03750000FC037C0000FD037F00065FFFF0000000000D0FF
:2084E00000771003F0000AC004E000788006D0000BC006B8000B0007980009A00780008F94
:20850000400A900008E00A900078580BD0000B000EA00001A00EE00076B80F9800096010BE
:20852000F0008E70119800082012F000760813980009B013F0008E08159800001015980095
:2085400008A015E00077C01BE00078E01B980009901CE0007A701D980008B01E9800098016
:208560001F9800086021E000798022D000780023980001A023E000768024F000776025F023
:2085800000784026F000792027F0007A0028F0007BE028F0008CC029F0008D002A980000A4
:2085A000A02AF0008E802BF0008F602CF00090402DF00075882DD0000B202EF00076D02E29
:2085C000C0000A002FF00077E02FF000789030E0000BC030E00079D030E0000BF030B00015
:2085E00009A031F0007A8032F0007B6033F0008C4034F0008D6034B800082035F0008E00F3
:2086000036F0008FE036F000906037F00080C03750000FC037C0000FD037F00065FFFF0092
:02862000000058
:020000040019E1
:208000000000D0008E1801E0000B0802E0000BF802E0000B4003E0002B8003D0002BC00395
:20802000C8000BD003F0002E0004D0002D3004D0002D4004F0002E7004F000308004E000F0
:208040002A3005A0002D4005A0002D6005E0008D6005F000D98005A0002D9005A0002DC06E
:2080600005F0000AF005E000380006D0002D4006F0002EB006D0002DC006E00039D006F035
:20808000002E9007D0002BC007F0002ED007D0000B2008D0002B7008A0002DD008E0002A3F
:2080A0001009D0002D1009F0002E3009E0002D7009D0002D8009F0002EB009C0002AC80A9B
:2080C000F0002B400BE0008E400BF000DA940BF0002BD00BA0002D000CA0002D200CA000B0
:2080E0002D500CA0002D500CE0008F500CF000DB680CF0000AB80CD0000BD00CF0002EF041
:208100000CC0000B100DE00078100DF000C4400DD0000B700DC0002AA00DC0002AE00DD05F
:20812000000BF00DF0002E200EC0000B400EF00030600EC0002A700EC0000AC00EE0002D37
:20814000D00EC0000B000F80002D200FE0002D600FD8000B900FF0002EC00F90002DE00FF4
:20816000A0002D0010E0002B2010F000304010D8000BD010F0002E6011D0002A8011D000CA
:208180002AA011E0002DE011E0002D2012D0002A2012F0002EE012D0002AE012F00030A0DF
:2081A00013D8000BC013F0002EE013C8000B1014880001C014800068C0149000CFE0148002
:2081C0000073201BE00070201BF000CFB01B980000D01BE00080D01BF000CC301CF0002EE8
:2081E000401CC0002A501CE00090501CF000DC601CF0002E801CD8000BC01CC8000BE01C61
:20820000F0002E101DD0002C301DD0002C401DF0002E601DC0000B901DF0002EC01D8000E3
:208220002DC01DF00030E01D90002D001EA0002D201EB0002D101FE0000B501FD0002B8050
:208240001FF00030901FD0000BB01FF00030D01FC0002B2020F000304020C0002B6020C0A1
:20826000002B9020F0002EA02060002DE02050002DF020F0002E202140002D602130002D81
:208280008021F0002ED02160002DF02170002D102280002D2022F00030302290002D502231
:2082A000A0002D2023E0002B8023E8003DF023F0002E0024C8003D4024F000308024A800B1
:2082C0003D9024F000300025F0000A2025B0000B4025F000306025A0002B7025F00030B034
:2082E00025F0002EE025C0002B3026F000305026C0002BC026D0000B1027D0002B8027D00A
:20830000002B4028E0002BA028F00030C028C0002BF028F0002E0029B0000A2029F0002E84
:20832000702950002D902960002D9029F0002EB02970002DD02980002DF02990002D102ADE
:20834000A0002D802AA0002DF02AF0002EF82AD0000B702BF0002ED02B90002D102CD00027
:208360002B302CF0002E402CF0000D502CE8002C602C00002D702C300010902CD0002CC052
:208380002C50000BC02C800085C02C9000D1C02CF0002ED02CC0000A302D00002D802DE031
:2083A000000B102EE0000B302EA00075202FE0002C402FA00065702FD0002BC02FF000309E
:2083C000E02FD0002B1030A0002D4030A0002D7030E0002BA03090002DE030E0002B0031C5
:2083E000F000302031D0002B6031C0002B8031F00030A031B0002BE03160002D7032E000F8
:208400006F7032F000DB803260002D9032F0002EE032E0007EE032F000DA5033E0008EC064
:2084200033E0000B0034E0002B6034E0002BB034C0002DC035F0002ED035D0002BE035F057
:2084400000300036E0000AB036A0002DE036E0002BF036F00030103790002D203790002D9A
:208460004037E0000B8037E0000BB037F0002A5038D0002B803880002DA038F00030B0382F
:20848000D0002BE03880002DF038F000301039D0002B403980002D6039F000307039D00038
:2084A0002B503AA0000FFFFF0000000000D0008E1801E0000B0802E0000BF802E0000BC05E
:2084C00003C8000B6005E0008DC005F0000AD007D0000B400BE0008E500CE0008F680CF09B
:2084E000000AB80CD0000BF00CC0000B100DE00078400DD0000BE00DD0000B200EC0000BAE
:20850000700EC0000AD00EC0000B600FD8000B4010D8000BA013D8000BE013C8000B101465
:20852000880001C014800068E014800073201BE00070B01B980000D01BE00080501CE0008A
:2085400090801CD8000BC01CC8000B601DC0000B101FE0000B901FD0000B0025F0000A2032
:2085600025B0000BC026D0000B0029B0000AF82AD0000B402CF0000D702C300010C02C50F9
:20858000000BC02C800085D02CC0000A802DE0000B102EE0000B302EA00075402FA0006571
:2085A0007032E0006FE032E0007E5033E0008EC033E0000B0036E0000A4037E0000B803752
:0D85C000E0000B503AA0000FFFFF0000008C
:200280000000D000752003E0002B5003F000306003D0002B9003F0002EA003C0002BC00318
:2002A000E00075C003F000C10006F00030B006E00077B006F000C3D006F00030F007F000FC
:2002C0002E0008D8003C4008C8003C6008F000308008B8003CC008A8003CF008F0002E00C2
:2002E0000998003C5009F00030400CF0002EA00CF00030D00CF0002E200DF00030600DF0CE
:200300000030A00DD8003CA00DF0002EE00DC8003C200EB8003C600EA8003C700EF0002E20
:20032000A00E98003CC00EB0002AD00EF000302010E000762010F000C29010E000669010A7
:20034000F000C2A010900001B010700039B010800039B010C00039B010D00039F010E00066
:2003600073F010F000CF4011E000694011F000C56011E000798011F0002AC011F0002BF05A
:2003800011F0002CD01290003CA01370003CA013E0002C901470003C9014E0002C6015D01F
:2003A000002C301680003CC016E0002C2017D0002C8017C0002C7018A0003C301970003822
:2003C00030198000383019D000383019E00038201A980000301A800039C01AE00078C01A89
:2003E000F000C3E01AE00077001BD0002CA01BF00030B01BF0002E001C50002D201C5000F9
:200400002D701CD0002B901CF0002EB01CC0002BD01CF00030F01CB0002B301DA0002B603C
:200420001DF0002E701D90002BA01DF0002EB01D80002BF01D70002B301E60002B901EF0C7
:20044000002E001FF00030401FC00038401FD00038801FC00039801FD00039801FF0002E74
:20046000A01FD00038A01FE000382020F0002E9020E000789020F000C4B020E0007AB0201A
:20048000F000C6F020DC00381021F0002E2021DC00397021DC00387021F00030A021DC00EA
:2004A00039A021F0002EB021CC0038E021CC0039A02290002DB02290002D202390002D40FB
:2004C0002390002DA02390002D102490002DC024E0002B0025D0002B2025F000304025C032
:2004E000002B8025B0002BA025F0002EB025C0002CD025D0002CF025E0002CD026C0002DB8
:200500000027C0002D6027E0002A6028E8003C8028F00030A028D8003CD028F00030E028C6
:20052000C8003C0029F0002E2029B8003C602980002D6029F0002E802990002DA029A00087
:200540002D002AF0002E502AF0002EF02AF00030A02B90002DB02B90002DC02B90002D800C
:200560002CE0002DC82CE0002DF02CF00030102DE0002D602DD0002DA02DF00030F02DF037
:200580000030402ED0002B802ED0002B902EF0002EB02ED0002BC02EF0002E402FC0002BFE
:2005A000502FF0002E802FF0002EC02F980001D02F70003FD02F80003FD02FD0003FD02FD0
:2005C000E0003F6030E000796030F000C68030E000788030F000CF903070003C9030E0004A
:2005E0002C203170003C2031E0002C6031F0002EB031E0002CC031400001403270003C4049
:2006000032E0002C7032F0002E803260002FE032200079003320007A103340002A103360D3
:20062000002F303340002A3033F00030503340002A8033600031B033300036D03330003658
:20064000F033300036103430002C1034F0002E503430003C7034F0002EA03430002CE03419
:2006600030002C203520003640352000365035F0003060352000368035200036A035200018
:2006800036F03560002F1036F0002E203670003820368000382036D000382036E00038A094
:2006A0003640002BB03640002CF036700039F03680003FF036D0003FF036E00039D03770A8
:2006C000000FFFFF0000000000D00075C003E00075B006E000772010E000769010E0006637
:2006E000A010900001F010E000734011E000696011E00079201A980000C01AE00078E01A04
:20070000E000779020E00078B020E0007AC02F9800016030E000798030E00078C0314000A6
:1507200001E032200079003320007AD03770000FFFFF000000C7
:02000004001EDC
:05000000FFFF000000FD
:02000004001AE0
:20C000000000D0008E1001E0008F1001F000DB5001D0002B9001B0002DC001E00090C001BA
:20C02000F000DCE001E0002AC00290002DC002C000090003E0002C4003C0003C8003E0008E
:20C040002CC003C0003C0004E0002C800490002DA004C0003DB004A8002CC004C0003DE0DA
:20C0600004A0002DF804C000087005E0002B800590002DA00590002DA005F0002EB005D0BF
:20C08000002CC005F0002ED005A0002DF005A0002D0006E0002C1006F000304006E0000BB4
:20C0A0006806B0003E8006A0002D8006C000099006A0002EE006A0002EF006A0002E20077F
:20C0C000A0002D2007C000083007B0003F7007F0002BD007A0002D3008A0002D9008F000BB
:20C0E0002BC008D0002BF008F0002E0009C0002B3009F0002E4009B0002B100AB0002A4099
:20C100000AE00085400AF000D1500AB0002A600AE00075600AF000C1D00A90002A200BB028
:20C12000002BB00B80002DD00B80002DE00BE0002EF00BC0000B300CE0002E380CD0000BBC
:20C14000780CC0000B800CE0002EB00CE0002EC00CD0000BD00CE0002EE00CE0002EF00CA5
:20C1600070002D100D70002D500D60002D700D60002D900D70002DF00DC0002B400EC00044
:20C180002B700EB0002C800E80002DA00E80002DD00E70002D000F70002D400FC0000AB094
:20C1A0000F90002DF00FE0002E1010D0000B2010E0002E9010B0002BB010C0002ED010A0C4
:20C1C000000AF010C0002E2011C0002E4011B0002B7011C0002B9011D0002EB011C0000B85
:20C1E000D011D0002EF011B0002BF011D0002E2012D0002E601270002D6012B0007E901204
:20C2000070002D9012B0002BA012400079C01270002DC012B0002BD012A00077D012B000F2
:20C22000C3F01270002DF012900078F012A000C4F012B0002B201380002D2013C0002B5001
:20C2400013D0002B9013C0002B9013E8003DC01378002DC013C8003DF013B0002BF013D871
:20C26000003D3014A0002B3014C8003D5014C0003D8014B0002C8014D8003DB014C0002CFF
:20C28000B014E8003DD01460002DD014E0003DF014C0000B101550002D1015D0003D30155B
:20C2A000B0000B501540002D5015C0003D7015A0000B901530002D9015B0003DD015C00026
:20C2C0000A2016900001401660002F4016F0002E901660002F9016F0002ED01660002FD0F6
:20C2E00016F0002E4017F0002E501760002FF01760002FF017F0002E2018F0002E3019F055
:20C30000002E401960002F701960002F7019F0002E901960002FC01984002CC01A60002F1E
:20C32000C01AF0002EE01A800038E01AD00038F01A60002F101B980000101BF0002E601B31
:20C34000E0000B801BF0002EA01BD0000BC01BE0003DE01BC0000B001CD0003D201C600020
:20C360002D201CC8003D401C60002D501CB0002B501CD8003D801C68002D801CB8003DB02C
:20C380001CC8003DE01C80000AE01CA8003D401DA0002B601D70002D901D50002DD01DA01C
:20C3A000000AF01D50002D001EA0000A101EA0000A701EA0002B901EF0002EA01E58002DE1
:20C3C000A01EA8003DC01E90002BC01EB8003DD01EF0002EF01E48002DF01E98003D101FAD
:20C3E00080000A101FA8003D201FF0002E701F60002B701F88003D901FF0002EB01F6000D8
:20C400000BB01F88003DE01F88002FF01F88002FF81F60000B002088002F102088002F20A1
:20C4200020F0002E402060000B402088003D902080007790209000C3B020A0000AB020C812
:20C44000003DC020A0000AC020C8003DE02010002DE020B0003D0021F0002E1021B0000ADC
:20C460001021D8003D402120002D4021C0003D5021F0002E7021A0000B9021800068902155
:20C480009000CFA021D0003DB021F0002EC021B0002B2022900038302280002D4022F00069
:20C4A0002E502280002D60229000397022B0000A8022F0002E9022900067D022F0002EE03F
:20C4C00022D0002BE022F0002E2023C0002B2023E8003D3023F0002E5023F0002E6023B054
:20C4E000002B6023D8003D90239000739023A000CFA023B0002BB023A00079D023B0002B49
:20C500000024B0002B5024A0002B902490002BD02450002D2025F0002E6025E8003D70255B
:20C52000C0002B7025E8003DB025B0002BB025D8003DF02580002DF025E0002B2026F000A4
:20C540002E4026E0002B7026F0002E8026D0002B8026F000309026F0002EC026C0002BC0BC
:20C5600026E8003DD026E8003DF026F0002E0027D0000A0027F000303027F0002E5027A04D
:20C58000002B5027C8003D5027F0002E902760002D9027D0002B9027F00030C027F0002E8D
:20C5A000E027C00009002880003B0028F0002E4028F0002E6028F0002E702880003BB0282B
:20C5C00058002DB02880003BC02830002FD02860002DF02868002DF02890003B102930007E
:20C5E0002F102960002D1029F0002E402958002D402980003B502930002F5029B0003D603F
:20C6000029F0002E702930002F702948002D702970000C902950002DA029F0002EB0293092
:20C62000002FC02968002DD02930002FD029F0002EE02970002D102A68002D102A90000C93
:20C64000202A30002F902A00002FA02AB80008B02A00002FB02A000010B02AA00068B02A0F
:20C66000B000C4D02A00002F102B500006502B700006602BE0002BC02BC0002DD02BC00072
:20C680002D302CF0000A702CB0007E002DC0002B002DE00077002DF000C3202DE00078200C
:20C6A0002DF000C4402DB0002BE02DF0002B202EC00038302EB0002D502EB0002D602EC0FF
:20C6C0000039402FE0002B702FF0002E802FD0002BB02FF0002EC02FC0002B003080002D8C
:20C6E0000030F0000AA830F0000AD030B00079F030D0002B6031A000746031B000C06031C3
:20C70000C0002B8031A0008E8031B000DA903190002DA031D0002CC031A0002DF031B0003A
:20C720002D2032B0002D3032E0002B7032E0002D7032F00030C032E0002DC032F00030D0DE
:20C7400032F0002B1033E0002D1033F000304033D0002B703390002DB033C0002D0034E027
:20C76000008F0034F000DB1034E0002C1034F000305034D0002C5034F0002E6034A0002DF4
:20C780009034A0002D9034F0002EA034D0002CD034E00090D034F000DCE034C0000AE03420
:20C7A000F0002EF83450003E103570007E20357800094035F0002E5035F0002E803560004D
:20C7C0003B9035F0002EC035A00074C035B000C0D03560003BE035A00078E035B000CFE08C
:20C7E00035F0002EF035F0002E1036B0003D203670003B4036F0002E5036F0002E8036B0D1
:20C80000003D903670003B9036F0002EB036C0003DD036C0003DE036F0002E003760000CC9
:20C820000037F0002E103750003F503768002D503790000C7037C00079A03778002DA0375B
:20C84000A0003BB03778002DD037800038E03768002D1038C0007C1038D000C820386800E2
:20C860002D30388000393038C0008E3038D000DA4038700038503858002D903858002DA088
:20C8800038700039C03848002DC03870003BF03868002DF038C0003D203958002D2039B0DE
:20C8A000003D403958002D50399000016039900008403AF0002E903AF0002EE03AF0002E3A
:20C8C000103BE0008F103BF000DB703BA00009B03BF0002E203CD00090203CE000DC203CFB
:20C8E000F0002E703C60002FB03C60002FD03C60002F203DE00075203DF000C1303D90000C
:20C900003C303DC0002C503D90003C503DC0002C703D90003C703DC0002C303E80000FFFA2
:20C92000FF0000000000D0008E1001E0008FC001E00090C002C00009F804C000084006E074
:20C94000000B8006C000092007C00008400AE00085600AE00075F00BC0000B380CD0000B3B
:20C96000780CC0000BC00CD0000B400FC0000A1010D0000BD010A0000AB011C0000B601225
:20C98000B0007EA012400079D012A00077F012900078F014C0000B3015B0000B7015A00007
:20C9A0000BD015C0000A2016900001101B980000601BE0000BA01BD0000BE01BC0000BE091
:20C9C0001C80000AD01DA0000A001EA0000A101EA0000A101F80000AB01F60000BF81F6010
:20C9E000000B402060000B9020800077B020A0000AC020A0000A1021B0000A7021A0000B8F
:20CA000090218000687022B0000A90229000679023900073B023A000790027D0000AE027DE
:20CA2000C00009702970000C102A90000CA02AB80008B02A000010B02AA00068102B500061
:20CA400006502B700006302CF0000A702CB0007E002DE00077202DE000780030F0000AA8C4
:20CA600030F0000AD030B000796031A000748031A0008E0034E0008FD034E00090E034C0F4
:20CA8000000A103570007E2035780009C035A00074E035A00078003760000C503790000C87
:20CAA0007037C000791038C0007C3038C0008E50399000016039900008103BE0008F703BAC
:17CAC000A00009203CD00090203DE00075303E80000FFFFF0000004D
:02000004001BDF
:208000001003F0002A3003E0002B7003D0002CD003A00076D003B000D2D003D0002CF00386
:20802000A00077F003B000D3F003F0002E1004D0002C6004D0002C0005B0002CC005C000CC
:208040002C4006A0002CA006A0000AE006700078E0068000C4000770007900078000C5500E
:2080600008C0002A7008C0002AB008C0002AD008C0002A1009C0002A4009C0002C9009C0B7
:20808000002DE009D0002D400AC0002DA00AB0002DF00AC0002D400BA0002D900B98000BD2
:2080A000900BB0002DE00BA0002D300CC0002D700CB0002CA00CB0000AE00D90002CE00D13
:2080C000D0003CB00FA0000BD00FA00069D00FB000CF7011C0002A9011C0002A3012A0000C
:2080E0006A4012C0002A6012C0002AA012C0002DD01280002C1013C0002D401380002C70D2
:2081000013B0002DA013C0002D0014F0000AA014E0002A3015F0002A5015D0000B9015D0EF
:20812000000BD015F0002A1017E000731017F000CF501950002D501990003CB01950002D74
:20814000B01990003CC01B10002DC01B50003C801C40002DD01C20002D301D50002CA01D43
:2081600050002C101E50002CE01E30002D001F80000A101F30002D501F80000A701F300091
:208180002DA01F30002DA01F80000AE01F90002D4020A0002DB02080002D1021900001C065
:2081A000219000680022A0002C8022A0003C0023D0003CB023B0002CF02390002CB024C0F9
:2081C000003C6025A000004026B000784026C000C4E026B00009D027A000084028C0003907
:2081E000A028C000380029C000096029C0003C102AB0000FFFFF000000D003A00076F00375
:20820000A00077A006A0000AE0067000780007700079900B98000BA00CB0000AB00FA00036
:208220000BD00FA000693012A0006A0014F0000A5015D0000B9015D0000B1017E0007300B7
:208240001F80000A501F80000AA01F80000A1021900001C0219000686025A000004026B05D
:1B8260000078E026B00009D027A000080029C00009102AB0000FFFFF00000044
:204000000000D000803001E0002A5001E0000A900180002D9001F0002BA001F0000AE00174
:20402000C0002B0002E0003D2002A00009300278002D400290003C500278002D70027000ED
:204040002D900288002D9002A0003CB00280002DD00290002DD002B0003CF00290002D0023
:2040600003B00008400390002D4803D00032500390002D900390002D9803D00032A0039008
:20408000002DD003C0002DE003C0002D100490002D1804D00032200490002D600490002D72
:2040A0008004E0000BB004F0002EC00480002DC004C000020005F0002B2005B0001060055E
:2040C000D000766005E000C26805C0002C8005D000778005E000C3A005D0002BB005A00051
:2040E00010C005F0002E0006D0000B3006B0000B5006F0002E600690000B9006D0000AA076
:2041000006D0000AC006F0002ED006B0000B2007A0002B6007B8000B7007F0002E9007F012
:204120000030B00780002FC007C00009F007F0002E00089000081008F000304008D0002B29
:20414000500890002D8008A0003B9008E0003DC008D0002BD00890002D0009E0002B30098D
:20416000A000103009F000308009B00001400A70002DE00AB0002D400BF0002EB00BD0005A
:2041800067800CA0002DB00CF00030100DA0002DF00DD00073F00DE000CF400E9800007057
:2041A0000ED0002C900E70002DC00EE0000AE00EA00009E00ED00078E80E90003C100F70E4
:2041C000002D200FB0003C300FC00068400F90002D500FD0003C700F50002D700FA000108E
:2041E000800FC00067B00FD0002CE00F50002DF00FC0002C101090002D1810D0002C2010C6
:20420000B000785010C0002C701090002D7010C00068B010B0000AC010B00067F010D00014
:204220003D001190000B2011D0003D401180000B4011C000135011D00078801140002D8030
:2042400011C000689011A0000BB011B00067C01160002DE011900008E011D000781012C0FF
:2042600000682012E0000A3012B000676012C0000D7012A0000E7012D000788012C0000DC9
:204280009012A0000EA012C0000DA012F00068B012A0000EC012B00078C012C0000DD0125A
:2042A000A0000EE012C0000DE012D00077F012A0000E0013C0000D10139000012013900051
:2042C00008C013D00067E013D00077F013A000361014F000302014A000364014C0003670B1
:2042E00014C00036A014A00036D014B00036F014D000361015A000362015E000364015803B
:2043000000365015D000366015A000367015C00036A015B00036B015D0000DC01580000E96
:20432000D015A00036E015D0000D0016A00036101690000E2016C0000D2016D00078301679
:20434000B00036501680000E6016B000366016D0000D801690000E9016B00036A016D0008E
:204360000DB01690000EC016A00036E016C0000DF016A00036001780000E2017B00036209F
:2043800017D0000D401790000E5017B000366017D0000D701780000E7017A000369017C0BA
:2043A000000DA017A00036B01780000EC017D0000DD017B000360018B00036101880000ED9
:2043C0001018D0000D3018C000366018B000366018D0000D8018D00077901880000E90182A
:2043E000A00036B018C0000DE018A00036F01880000E1019C0000D2019B000364019800000
:204400000E5019C000365019D0000D8019B00036901990000EA019C0000DB019A00036E01E
:2044200019900036001AB00036001AD0000D101A90000E301AB00036601A80000E601AA08C
:204440000036601AD0000D901A900036A01A70000EA01AC0000DC01AA00036E01A80000E68
:20446000E01AD0000DE01AE00078F01AB00036201B90000E201BB00036201BE0000D601B86
:2044800080000E601BB00036601BD0000DA01B80000EA01BA00036A01BD0000DE01B7000F8
:2044A0000EE01B900036E01BC0000D201C900036201CB0000D601C70000E601CA0003660BE
:2044C0001CC0000DAF1C980008B01C980000C01C60002DD01CC0002B401D80002D501D70FD
:2044E000002D501DB00075501DC000D1501DD0000D701DA0003B801DB00077801DC000D359
:20450000901D80002D901DA0000CA01DB00078A01DC000D4B01D70002DC01D90003BE01DA3
:2045200070002DE01D90000EF01DD0002C001E60002D001EB00079001EC000D5201E6000F7
:204540002D301EB0007A301EC000D6401ED0002C801EC0000D901E70002DB01EB0008BB009
:204560001EC000E7C01EC0003DD01EC0003DE01EB0008CE01EC000E8201F70002D201FA015
:20458000000E301F00002D501F60008D501F7000E9501FB0002D601F100005701FE0000A14
:2045A000801F60008E801F7000EA901F00002DB81FC0000BE01F60002DE01FE0003D00202F
:2045C000A0000B0020D800131020B0008F1020C000EB302060002D5020A0000B6020500013
:2045E0002D80200000808020B000808020C000DC9020A0000BB020B00076B020C000D2C0EF
:204600002050002DE02070002DE02090000EF020B0000AF020D0003D2021B000772021C072
:2046200000D3302180000B5021B000785021C000D49021D0003DD021C0003DF02160002DE3
:20464000F021B00079F021C000D50022C0000B202260002D3022B0003D402260002D7022FE
:20466000E0003D8022B0007A8022C000D6C022D0000AF022B0008BF022C000E70023A00094
:204680000B2023B0008C2023C000E85023800009602350003860236000387023C000387088
:2046A00023D00038802370003B8023B0008D8023C000E9A02370000EB023B0008EB023C070
:2046C00000EAC82370003BD82370000EF023B0002B5024B0008F5024C000EB7024B0002BB2
:2046E0009024B0000AC024B0000AD024A0002BE024B00090E024C000ECF024F0000D2025A5
:20470000A0002B2025F0000A4025B000754025D000D17025B000767025D000D2C0257000B8
:204720003BE025800008E025B00077E025C000D31026B000781026C000D45026780002F0E5
:2047400026A00077F026B000CF10278000101027A000674027A000776027A000678827B017
:20476000003D9027A00077B027A00067C027B0000BF027B0003D1028A000771028B0003D36
:204780003028A00067602880002DB02880002DB028900077D028900067F028700078F0281A
:2047A000A0006810297000681029B0003D40297000784029B0003D60297000689029600099
:2047C00078B029600068B029700005D029A00005E029900078002A700005002A90006820E2
:2047E0002AA00005802A800078802AA00013A02A800068C02A70000B102B800078302B80C6
:204800000068602B900078802B900068B02B90003DC02B700079E02B700069002C70007985
:20482000002C90003D202C700069402C700079602C60002D602C700069802C60002DD02C52
:20484000700005E02C800079002D800069502D900013702D800079902D800069C02D8000FF
:2048600079C02DA0000BE02D800069102E800079102EA0000B302E800069602E80007960E3
:204880002EA0000B802E800069B02E800079D02E70002DD02E800069F02E70002D402F80A5
:2048A0000079602F800069602FB0003DA02FB0003DB02F60002DD02F60002DDF2F80000841
:2048C000E02F80000110309000362030900073403090003660307000366030B0003680305D
:2048E00090009090305000369030C00036A030900080C030600036C030B00036D0308000E0
:2049000090E030900036F0308000800031D0003010319000901031D0002E20318000363009
:204920003190008050316000365031A0003680315000368031C00036B031600036B0318012
:204940000090B031B00036D031800080D031900036F0317000360032D0002E203260003659
:204960004032A000904032D0002E50327000366032A0008070329000369032B00036C03249
:20498000C00036F032A00090F032B0003610339000361033A0008030337000365033A0002F
:2049A000905033D0003060338000366033D0002E7033A000808033A000908033D000309021
:2049C00033900036A033A00080C033900036D033D00030E033D0002EF0339000362034A041
:2049E00000906034A00075A034A0000FFFFF0000000000D000805001E0000AA001F0000AD7
:204A00002002A000090003B000088004E0000BC004C000022005B000106005D00076800506
:204A2000D00077B005A000100006D0000B3006B0000B600690000B9006D0000AA006D00011
:204A40000AD006B0000B6007B8000BC007C0000900089000083009A000108009B00001B08E
:204A60000BD00067F00DD00073400E980000C00EE0000AE00EA00009E00ED00078300FC04A
:204A80000068700FA00010800FC000672010B000787010C00068B010B0000AC010B0006768
:204AA000001190000B401180000B4011C000135011D000788011C000689011A0000BB011DB
:204AC000B00067E011900008E011D000781012C000682012E0000A3012B000676012C0000C
:204AE0000D7012A0000E7012D000788012C0000D9012A0000EA012C0000DA012F00068B0C7
:204B000012A0000EC012B00078C012C0000DD012A0000EE012C0000DE012D00077F012A012
:204B2000000E0013C0000D10139000012013900008C013D00067E013D00077B015D0000D22
:204B4000C01580000EE015D0000D101690000E2016C0000D2016D00078501680000E601671
:204B6000D0000D801690000EA016D0000DB01690000EE016C0000D001780000E2017D000BE
:204B80000D401790000E6017D0000D701780000E9017C0000DB01780000EC017D0000D101D
:204BA0001880000E1018D0000D6018D0000D8018D00077901880000EB018C0000DF01880C3
:204BC000000E1019C0000D401980000E5019D0000D901990000EA019C0000D001AD0000DE0
:204BE000101A90000E601A80000E601AD0000DA01A70000EA01AC0000DE01A80000EE01A4D
:204C0000D0000DE01AE00078201B90000E201BE0000D601B80000E601BD0000DA01B8000C8
:204C20000EA01BD0000DE01B70000EE01BC0000D201CB0000D601C70000E601CC0000DAFA2
:204C40001C980008B01C980000501DB00075501DD0000D801DB00077901DA0000CA01DB0CE
:204C60000078E01D90000E001EB00079301EB0007A801EC0000DB01EB0008BE01EB0008CB4
:204C8000201FA0000E501F60008D601F100005701FE0000A801F60008EB81FC0000B00206F
:204CA000A0000B0020D800131020B0008F5020A0000B80200000808020B000809020A00074
:204CC0000BB020B00076E02090000EF020B0000A2021B00077302180000B5021B00078F09E
:204CE00021B000790022C0000B8022B0007AC022D0000AF022B0008B0023A0000B2023B0E7
:204D0000008C50238000098023B0008DA02370000EB023B0008ED82370000E5024B0008FAD
:204D20009024B0000AC024B0000AE024B00090F024F0000D2025F0000A4025B000757025B4
:204D4000B00076E025800008E025B000771026B000785026780002F026A000771027800042
:204D6000101027A000674027A000776027A000679027A00077B027A00067C027B0000B107B
:204D800028A000773028A00067B028900077D028900067F028700078F028A00068102970DE
:204DA0000068402970007860297000689029600078B029600068B029700005D029A00005BB
:204DC000E029900078002A700005002A900068202AA00005802A800078802AA00013A02A49
:204DE000800068C02A70000B102B800078302B800068602B900078802B900068C02B70005F
:204E000079E02B700069002C700079202C700069402C700079602C700069D02C700005E0F0
:204E20002C800079002D800069502D900013702D800079902D800069C02D800079C02DA068
:204E4000000BE02D800069102E800079102EA0000B302E800069602E800079602EA0000B2A
:204E6000802E800069B02E800079D02E800069402F800079602F800069DF2F800008E02F58
:204E800080000120309000738030900090A030900080D030800090F030800080103190008D
:204EA000903031900080B031800090D0318000804032A000906032A00080F032A000901049
:204EC00033A000805033A000907033A000808033A00090A033A000802034A000906034A07B
:0C4EE0000075A034A0000FFFFF000000D0
:020000040000FA
:202E9E00626B2AEAD2C22A5F2A571AEAB7C20E1211B8C22A12130D20FA0E4721D4C2AF221A
:202EBE000D20FC3EF0EAE2C2EAF2C23E64EAD3C20E0021B8C211CAC2CDE82E21BAC2CDE8D5
:202EDE002E21BCC2CDE82E21BEC22A81666F8C95672A12137E1213C9474B1EFE78B72807B4
:202EFE00CB21CB033D20F9FAD4C2A3B1EAD4C2A1C26B31C9FAD9C267848426006F092A4666
:202F1E00234EC92A4F46CD122F210000FE48D01287C6A96FCE3595672A666F37C9C6C02F2B
:202F3E00FE07D867CB3FCB3F3D6F7CE603C604CB35B5C978CB3782C6DB6FCEC29567C9263B
:202F5E000048FAD4C20D28170D28250D2833CB47C07BEADBC2E0137AEADCC2B4E014C9CB68
:202F7E004FC07BEAEBC2E0187AEAECC2B4E019C9CB57C07BEAFBC2E01D7AEAFCC2B4E01EBD
:202F9E00C9CB5FC0547BCD3B2F2111C3B6E0227AE023C91806181718281849FAD4C2CB47D7
:202FBE00C021DBC22AE013FAE0C2B6E014C9FAD4C2CB4FC021EBC22AE018FAF0C2B6E01994
:202FDE00C9FAD4C2CB57C0F025F5E6BBE025AFE01A2FE01A21FBC22AE01DFA00C3B6E01EA0
:202FFE00F1E025C9FAD4C2CB5FC0FA0BC3E022FA10C3E023C97E34E5CD152FE1C55778E614
:20301E00F0CB7A2804CBBACBC7CB3728023D777AFE5A2821D624435F1604CD512F7B8623F8
:20303E00565F04CB504A2005CD2E2F545D61CBBC05CD5F2F58C116011802160078E60FB18E
:20305E00C878E60F87C6786FCE3095672A666FCB4228012343FAD6C2B7E9F431273236323C
:20307E004532CC3198309D30ED32B730BC30B13248317E3154315A314031C079E024C900A5
:20309E0021C6C23E0FA187865F233E008E676B2A666F5059FAD6C2B7E9C079E025C9C0FAB3
:2030BE00D4C205280D05281C05280ECB47C079E011C9CB4FC079E016C9CB5FC0F022CB9F21
:2030DE00B1E022C9CB57C07921D3C2CDF1300602C3F13277CB3721C8C28623666F8C95673F
:2030FE00F025F5E6BBE025AFE01A2AE0302AE0312AE0322AE0332AE0342AE0352AE0362A84
:20311E00E0372AE0382AE0392AE03A2AE03B2AE03C2AE03D2AE03E2AE03F3E80E01AF1E0C5
:20313E0025C9C079EAD2C2C94FAFC021D7C2B6200236012371C9C079EAD7C2C9B9C078C6E3
:20315E00FECE0387271F57FAD4C22FA2C878878780C6126F26FFAF2278FE02C82C36FFC988
:20317E00C0CB31FAD4C205281305281D052836CB47C0F012E60FB1E012C3B92FCB4FC0F017
:20319E0017E60FB1E017C3CC2FCB57C079FEA0300FFE503007B7280A3E6018063E401802A5
:2031BE003E20E01CC9CB5FC079E021C30230C81604CD512F79E6F0CB375FFAD5C2A37E28BC
:2031DE0007CD2E2F545D180BCD2E2F79E60F855F8C9357C35D2F001604CD512F56FAD5C23D
:2031FE003D1802D603FE0330FA87C6106FCE329567E9180918037A180879CB37FE79E60FE8
:20321E0082CD2E2F545DC35D2FC81600CD512F2A815F8E9357C35D2FC81600CD512F2A9102
:20323E005F9F8657C35D2F28551600CD512FE52A5F2A572A666F7CBA381A20067DBB381446
:20325E00282A79835F8A93577CBA381E201E7DBB381818187B915F9F8257CB7A200C7ABC23
:20327E00380820087BBD38021802545DE17B22723E04856F8C95677ECBBE67C35F2F160404
:20329E00CD512F3A545DCD2E2F7C121B7D12E1F1A7F5E9C078C6FECE0387271F57FAD4C29E
:2032BE002FA2C879E60F5779E6F05FCB3378878780C6124FF2E6F0CB37923001AF83FE10EC
:2032DE0038023E0FCB37E20C0CF2F680E2180428BDB9C07887C6B16FCE2F9567E978E6F074
:2032FE00CB37C83D875F8783856F8C956717C9FAD6C2B7C2C23421CAC211DFC2CD212FF5EB
:20331E00303F78E60FFE0328087DEADBC27CEADCC221C0C22A666FCDFB32FAE0C2CBBF2890
:20333E001DFAD4C2CB4720192AE0102AE0112AE0122AEAE3C22AEAE4C2AFEAE5C27EEAE02B
:20335E00C21E00CD5830F1DCB92FFAE3C24FFAE4C247B121E5C21E00C4133021CCC211EF43
:20337E00C2CD212FF5303D78E60FFE0328087DEAEBC27CEAECC221C0C22A666FCDFB32FA92
:20339E00F0C2CBBF281BFAD4C2CB4F2017232AE0162AE0172AEAF3C22AEAF4C2AFEAF5C268
:2033BE007EEAF0C21E01CD5830F1DCCC2FFAF3C24FFAF4C247B121F5C21E01C4133021CE06
:2033DE00C211FFC2CD212FF5D2313478E60FFE0328087DEAFBC27CEAFCC221C2C22A666F68
:2033FE00CDFB32FA00C3CBBF2826FAD4C2CB5720222AE01B2AE01C2AE521D3C2BE2803CD66
:20341E00F130E12AEA03C32AEA04C3AFEA05C37EEA00C31E02CD5830F1DCDF2FFA03C34FEC
:20343E00FA04C347B12105C31E02C4133021D0C22A4F46CD122FFE48F5304CEA0FC3CD3BAA
:20345E002FEA0BC321C4C22A666FCDFB32FA10C3CBBF2830FAD4C2CB5F202C2AE0212AEAD3
:20347E0014C32AEA15C3AFEA16C37EE63FE020FA0BC3577EE680CB37EA11C3B2EA0BC37EAB
:20349E00E640F680EA10C31E03CD5830F1DC0230FA14C34FFA15C347B12116C31E03C41364
:2034BE0030C36A35FAD4C2CB47201221CAC22A4F46CD122F79B728051E00CD5830FAE3C29F
:2034DE004FFAE4C247B121E5C21E00C41330FAD4C2CB4F201221CCC22A4F46CD122F79B772
:2034FE0028051E01CD5830FAF3C24FFAF4C247B121F5C21E01C41330FAD4C2CB5720122164
:20351E00CEC22A4F46CD122F79B728051E02CD5830FA03C34FFA04C347B12105C31E02C4C9
:20353E001330FAD4C2CB5F201221D0C22A4F46CD122F79B728051E03CD5830FA14C34FFAD1
:20355E0015C347B12116C31E03C4133021D5C2342334FAD2C296C022B6280D3D47AF22B61C
:20357E00281036003D871817FAD9C23CFE4020170600FAB7C24FFADAC2C602B92001AFEAED
:20359E00DAC24FCDD02E78EAD9C2C92C009C0006016B01C90123027702C602120356039B1D
:2035BE0003DA0316044E048304B504E50411053B0563058905AC05CE05ED050A0627064237
:2035DE00065B06720689069E06B206C406D606E706F7060607140721072D07390744074F15
:2035FE0007590762076B0773077B0783078A07900797079D07A207A707AC07B107B607BA42
:20361E0007BE07C107C407C807CB07CE07D107D407D607D907DB07DD07DF07C50E6A180343
:20363E00C50E68F8042A878787F680E20C2A878787472A666FF041E60220FA2AE20520F5B4
:20365E00C1C9C50E6A1803C50E68F8042A8787472A8087F680E20C2A666FF041E60220FAED
:06367E007DE27CE2C1C9FF
:08005000F5E52123C3C3800084
:03390A00C3853939
:20368400FE283802AFC9F587874F212DC32A666FFA46C3472AFE8028202F3C8257020C2A36
:2036A400835F020CFA2FC38623020CFA30C38623EE40020C79FEA038DB79CB3FCB3FD19287
:2036C400C9FE283802AFC9F587874F212DC32A666FFA46C3472AFE8028208257020C2A2F69
:2036E4003C835F020CFA2FC38623020CFA30C38623EE20020C79FEA038DB79CB3FCB3FD1BD
:2037040092C9FE283802AFC9F587874F212DC32A666FFA46C3472AFE8028222F3C8257028E
:203724000C2A2F3C835F020CFA2FC38623020CFA30C38623EE60020C79FEA038D979CB3FB4
:05374400CB3FD192C94A
:20390D00F80656180A1690F040E61028021680C5F8042A5F2A4F2A666FCB337BE60F82578F
:1D392D007BE6F05FCB5A2802CBA20610F041E60220FA2A12130520F40D20E9C1C9C0
:203749002141FFCB4E20FC12C957F040E6402809180B57F040E608200406981802069C2ECD
:203769001F7AA5577BA548CB37075FE60381473EE0A3824FF802F041E60220FA7E02E133D7
:01378900E956
:03004800C34A396F
:20394A00F5E5C5D5211BC3E52A666FB42815E7211DC32A666FB4280BE7211FC32A666FB4AA
:1B396A00C42000E1D1C1E1F041E60220FAF1D9211BC3C3F001211BC3C3D001C7
:20378A004F18024B5F7B179F57AF182A4F179F477B179F5778BA38067B594F7A5047B7CA9A
:2037AA00C0372E00061029CB11173001190520F64D44C94FAF576F0608792917300119050F
:0537CA0020F84D44C988
:0C3985002123C3C3F0012123C3C3D001E0
:20399100C5F8042A575EF8083A473A666FCDFB3AC1C9F5D5167FCDB339B720F81520F7D176
:2039B100F1C93E20E000F000F000E60F5F3E10E000F000F000F000F000F000F000E60FCB3C
:1239D10037B32F5F3E30E0007BC957CDB339A228FAC93D
:013BB900C04B
:2037CF00FE283802AFC9F587874F212DC32A666FFA46C3472AFE80281C8257020C2A835F77
:1D37EF00020CFA2FC38623020CFA30C38623020C79FEA038DF79CB3FCB3FD192C981
:1439E300F090F57BE090EA0020E7E16F7CE090EA00207DC9F3
:20380C00F04DE680C8F0FFF5AFE0FFE00F3E30E0003E01E04D1000F1E0FFC9F04DE680C00A
:02382C0018E39F
:2039F700E8F8F804792278227B227A327EF80277F8077EF80377F80A2A4F46F8022A5F56DE
:203A1700CD9E37E1C5F8007EF80677F8017EF80777F80C7EF80277F80D7EF803222A4F461D
:203A3700F8022A5F56CD9E37E1E5094D44F806792278322B3A2B77F80B7EC55FF8057ECD5D
:203A5700BD376960C1094D44F806792270F80A7EF8055ECDBD37F802792278227EF80B5E84
:203A7700CDBD37F80B792278322A4F46F8022A666F094D44F80B792270F802799623789E84
:203A97003E0017F80D77F8047EF80A5ECDBD37F804792270F80A3600F8042A5F567BF80A0C
:203AB70086235F7A8EF5F8033273F8082A5F56F80EF17B8E235F7A8EF8033273C1C55E233A
:203AD70056E808E1E804E9C5F8042A575EF8093A473A4F3A666FCD513BC1C9E5F040E640FB
:203AF7002809180CE5F040E6082005210098180321009CC5CB33CB037BE60384473EE0A320
:203B1700824FE1D1D5C5F041E60220FA7C0279E6E05F793CE61FB34F1520EBC1D11DC8D5FA
:113B370078E6FC5F3E20814F8891E603B347C518D5E8
:013BBA00000A
:203B4800E5F040E6402809180CE5F040E6082005210098180321009CC5CB33CB037BE6031F
:203B680084473EE0A3824FE1D1D5C5FA47C3865FF041E60220FA7B022379E6E05F793CE69F
:1C3B88001FB34F1520E5C1D11DC8D578E6FC5F3E20814F8891E603B347C518CF0B
:00000001FF
